OrganizationIdentifier,OrganizationFormalName,ActivityIdentifier,ActivityTypeCode,ActivityMediaName,ActivityMediaSubdivisionName,ActivityStartDate,ActivityStartTime/Time,ActivityStartTime/TimeZoneCode,ActivityEndDate,ActivityEndTime/Time,ActivityEndTime/TimeZoneCode,ActivityRelativeDepthName,ActivityDepthHeightMeasure/MeasureValue,ActivityDepthHeightMeasure/MeasureUnitCode,ActivityDepthAltitudeReferencePointText,ActivityTopDepthHeightMeasure/MeasureValue,ActivityTopDepthHeightMeasure/MeasureUnitCode,ActivityBottomDepthHeightMeasure/MeasureValue,ActivityBottomDepthHeightMeasure/MeasureUnitCode,ProjectIdentifier,ProjectName,ActivityConductingOrganizationText,MonitoringLocationIdentifier,MonitoringLocationName,ActivityCommentText,SampleAquifer,HydrologicCondition,HydrologicEvent,ActivityLocation/LatitudeMeasure,ActivityLocation/LongitudeMeasure,SampleCollectionMethod/MethodIdentifier,SampleCollectionMethod/MethodIdentifierContext,SampleCollectionMethod/MethodName,SampleCollectionMethod/MethodDescriptionText,SampleCollectionEquipmentName,ResultIdentifier,ResultDetectionConditionText,MethodSpeciationName,CharacteristicName,ResultSampleFractionText,ResultMeasureValue,ResultMeasure/MeasureUnitCode,MeasureQualifierCode,ResultStatusIdentifier,StatisticalBaseCode,ResultValueTypeName,ResultWeightBasisText,ResultTimeBasisText,ResultTemperatureBasisText,ResultParticleSizeBasisText,DataQuality/PrecisionValue,DataQuality/BiasValue,DataQuality/ConfidenceIntervalValue,DataQuality/UpperConfidenceLimitValue,DataQuality/LowerConfidenceLimitValue,ResultCommentText,USGSPCode,ResultDepthHeightMeasure/MeasureValue,ResultDepthHeightMeasure/MeasureUnitCode,ResultDepthAltitudeReferencePointText,SubjectTaxonomicName,SampleTissueAnatomyName,BinaryObjectFileName,BinaryObjectFileTypeCode,ResultFileUrl,ResultAnalyticalMethod/MethodIdentifier,ResultAnalyticalMethod/MethodIdentifierContext,ResultAnalyticalMethod/MethodName,ResultAnalyticalMethod/MethodUrl,ResultAnalyticalMethod/MethodDescriptionText,LaboratoryName,AnalysisStartDate,ResultLaboratoryCommentText,ResultDetectionQuantitationLimitUrl,DetectionQuantitationLimitTypeName,DetectionQuantitationLimitMeasure/MeasureValue,DetectionQuantitationLimitMeasure/MeasureUnitCode,LabSamplePreparationUrl,LastUpdated,ProviderName
EPA_GLNPO,EPA Great Lakes National Program,EPA_GLNPO-P607:WAT2018:LOFO_2018_w:4036283,Sample-Routine,Water,Surface Water,2018-06-13,00:00:00,EDT,2018-06-13,00:00:00,EDT,Other,,,,,,,,FMP-CSMISSP2018,Fish Monitoring Program CSMI Special Studies Program - 2018,Clarkson University,EPA_GLNPO-P607,Grid0713-North Hamlin,,,,,43.4166670000,-77.9166670000,DipPole,EPA_GLNPO,Dip Pole,Pole used for water sample collection,Dip Pole,STORET-792889943,,,Perfluorooctanoic acid,,3.04609822235613,ng/L,,Accepted,,Actual,,,,,3,,,,,- LOFO_2018_watp_1-RFS0-PFOA,,,,,,,,,,Clarkson-PFC,EPA_GLNPO,PFCs by UPLC-QToF,,,,2018-07-09,,https://www.waterqualitydata.us/data/providers/STORET/organizations/EPA_GLNPO/activities/EPA_GLNPO-P607%3AWAT2018%3ALOFO_2018_w%3A4036283/results/792889943/resdetectqntlmts,Method Detection Level,0.0105,ng/L,,2019-07-23T15:03:14,STORET
EPA_GLNPO,EPA Great Lakes National Program,EPA_GLNPO-P607:WAT2018:LOFO_2018_w:4036284,Sample-Routine,Water,Surface Water,2018-06-13,00:00:00,EDT,2018-06-13,00:00:00,EDT,Other,,,,,,,,FMP-CSMISSP2018,Fish Monitoring Program CSMI Special Studies Program - 2018,Clarkson University,EPA_GLNPO-P607,Grid0713-North Hamlin,,,,,43.4166670000,-77.9166670000,DipPole,EPA_GLNPO,Dip Pole,Pole used for water sample collection,Dip Pole,STORET-792889954,,,Perfluorooctanoic acid,,3.49859082756854,ng/L,,Accepted,,Actual,,,,,3,,,,,- LOFO_2018_watp_2-RFS0-PFOA,,,,,,,,,,Clarkson-PFC,EPA_GLNPO,PFCs by UPLC-QToF,,,,2018-07-09,,https://www.waterqualitydata.us/data/providers/STORET/organizations/EPA_GLNPO/activities/EPA_GLNPO-P607%3AWAT2018%3ALOFO_2018_w%3A4036284/results/792889954/resdetectqntlmts,Method Detection Level,0.0105,ng/L,,2019-07-23T15:03:14,STORET
EPA_GLNPO,EPA Great Lakes National Program,EPA_GLNPO-P607:WAT2018:LOFO_2018_w:4036285,Sample-Routine,Water,Surface Water,2018-06-13,00:00:00,EDT,2018-06-13,00:00:00,EDT,Other,,,,,,,,FMP-CSMISSP2018,Fish Monitoring Program CSMI Special Studies Program - 2018,Clarkson University,EPA_GLNPO-P607,Grid0713-North Hamlin,,,,,43.4166670000,-77.9166670000,DipPole,EPA_GLNPO,Dip Pole,Pole used for water sample collection,Dip Pole,STORET-792889992,,,Perfluorooctanoic acid,,3.51136708093362,ng/L,,Accepted,,Actual,,,,,3,,,,,- LOFO_2018_watp_3-RFS0-PFOA,,,,,,,,,,Clarkson-PFC,EPA_GLNPO,PFCs by UPLC-QToF,,,,2018-07-10,,https://www.waterqualitydata.us/data/providers/STORET/organizations/EPA_GLNPO/activities/EPA_GLNPO-P607%3AWAT2018%3ALOFO_2018_w%3A4036285/results/792889992/resdetectqntlmts,Method Detection Level,0.0105,ng/L,,2019-07-23T15:03:14,STORET
EPA_GLNPO,EPA Great Lakes National Program,EPA_GLNPO-P607:WAT2018:LOFO_2018_w:4036280,Sample-Routine,Water,Surface Water,2018-06-12,00:00:00,EDT,2018-06-12,00:00:00,EDT,Other,,,,,,,,FMP-CSMISSP2018,Fish Monitoring Program CSMI Special Studies Program - 2018,Clarkson University,EPA_GLNPO-P607,Grid0713-North Hamlin,,,,,43.4166670000,-77.9166670000,SubPump,EPA_GLNPO,SubPump,Submersible Pump,Pump/Submersible,STORET-792889833,,,Perfluorooctanoic acid,,2.19894457009086,ng/L,,Accepted,,Actual,,,,,3,,,,,- LOFO_2018_wat_1-RFS0-PFOA,,,,,,,,,,Clarkson-PFC,EPA_GLNPO,PFCs by UPLC-QToF,,,,2018-07-09,,https://www.waterqualitydata.us/data/providers/STORET/organizations/EPA_GLNPO/activities/EPA_GLNPO-P607%3AWAT2018%3ALOFO_2018_w%3A4036280/results/792889833/resdetectqntlmts,Method Detection Level,0.0105,ng/L,,2019-07-23T15:03:13,STORET
21NYDECA_WQX,New York State Dec Division Of Water,21NYDECA_WQX-11-HOOS-20.8_20191024T1100:CEC-00094,Sample-Routine,Water,,2019-10-24,11:00:00,EDT,,,,,,,,,,,,Routine,Routine River Network,NYSDEC,21NYDECA_WQX-2923,11-HOOS-20.8,,,,,42.9513900000,-73.3911100000,,,,,,STORET-1060245340,,None,Perfluorooctanoic acid,Total,13,ng/L,CON,Accepted,,Actual,,,,,,,,,,,,,,,,,,,,537M,USEPA,"MODIFIED, Determination of Selected Perfluorinated Alkyl Acids in Drinking Water by Solid Phase Extraction and Liquid Chromatography/Tandem Mass Spectrometry (LC/MS/MS)",,,TALBURL,2019-11-07,,https://www.waterqualitydata.us/data/providers/STORET/organizations/21NYDECA_WQX/activities/21NYDECA_WQX-11-HOOS-20.8_20191024T1100%3ACEC-00094/results/1060245340/resdetectqntlmts,Lower Quantitation Limit,1.7,ng/L,,2025-04-18T14:28:09,STORET
21NYDECA_WQX,New York State Dec Division Of Water,21NYDECA_WQX-17-BRNX-5.6_20191023T1300:CEC-00090,Sample-Routine,Water,,2019-10-23,13:00:00,EDT,,,,,,,,,,,,Routine,Routine River Network,NYSDEC,21NYDECA_WQX-8366,17-BRNX-5.6,,,,,40.8800000000,-73.8686000000,,,,,,STORET-1060245256,,None,Perfluorooctanoic acid,Total,9.6,ng/L,CON,Accepted,,Actual,,,,,,,,,,,,,,,,,,,,537M,USEPA,"MODIFIED, Determination of Selected Perfluorinated Alkyl Acids in Drinking Water by Solid Phase Extraction and Liquid Chromatography/Tandem Mass Spectrometry (LC/MS/MS)",,,TALBURL,2019-11-06,,https://www.waterqualitydata.us/data/providers/STORET/organizations/21NYDECA_WQX/activities/21NYDECA_WQX-17-BRNX-5.6_20191023T1300%3ACEC-00090/results/1060245256/resdetectqntlmts,Lower Quantitation Limit,1.7,ng/L,,2025-04-18T14:28:08,STORET
21NYDECA_WQX,New York State Dec Division Of Water,21NYDECA_WQX-17-CARM-9.0_20191024T1030:CEC-00093,Sample-Routine,Water,,2019-10-24,10:30:00,EDT,,,,,,,,,,,,Routine,Routine River Network,NYSDEC,21NYDECA_WQX-8498,17-CARM-9.0,,,,,40.8300000000,-72.9069400000,,,,,,STORET-1060245319,,None,Perfluorooctanoic acid,Total,3.1,ng/L,CON,Accepted,,Actual,,,,,,,,,,,,,,,,,,,,537M,USEPA,"MODIFIED, Determination of Selected Perfluorinated Alkyl Acids in Drinking Water by Solid Phase Extraction and Liquid Chromatography/Tandem Mass Spectrometry (LC/MS/MS)",,,TALBURL,2019-11-07,,https://www.waterqualitydata.us/data/providers/STORET/organizations/21NYDECA_WQX/activities/21NYDECA_WQX-17-CARM-9.0_20191024T1030%3ACEC-00093/results/1060245319/resdetectqntlmts,Lower Quantitation Limit,1.7,ng/L,,2025-04-18T14:28:09,STORET
21NYDECA_WQX,New York State Dec Division Of Water,21NYDECA_WQX-14-WDEL-16.2_20191023T1300:CEC-00092,Sample-Routine,Water,,2019-10-23,13:00:00,EDT,,,,,,,,,,,,Routine,Routine River Network,NYSDEC,21NYDECA_WQX-7774,14-WDEL-16.2,,,,,42.0800000000,-75.4013800000,,,,,,STORET-1060245298,Not Detected,None,Perfluorooctanoic acid,Total,,,U,Accepted,,,,,,,,,,,,,,,,,,,,,,537M,USEPA,"MODIFIED, Determination of Selected Perfluorinated Alkyl Acids in Drinking Water by Solid Phase Extraction and Liquid Chromatography/Tandem Mass Spectrometry (LC/MS/MS)",,,TALBURL,2019-11-06,,https://www.waterqualitydata.us/data/providers/STORET/organizations/21NYDECA_WQX/activities/21NYDECA_WQX-14-WDEL-16.2_20191023T1300%3ACEC-00092/results/1060245298/resdetectqntlmts,Lower Quantitation Limit,1.7,ng/L,,2025-04-18T14:28:08,STORET
21NYDECA_WQX,New York State Dec Division Of Water,21NYDECA_WQX-13-LHUD-130.6_20191022T0000:CEC-00089,Sample-Routine,Water,,2019-10-22,00:00:00,EDT,,,,,,,,,,,,Routine,Routine River Network,NYSDEC,21NYDECA_WQX-3664,13-LHUD-130.6,,,,,42.6194950000,-73.7587960000,,,,,,STORET-1060245235,,None,Perfluorooctanoic acid,Total,2.4,ng/L,CON,Accepted,,Actual,,,,,,,,,,,,,,,,,,,,537M,USEPA,"MODIFIED, Determination of Selected Perfluorinated Alkyl Acids in Drinking Water by Solid Phase Extraction and Liquid Chromatography/Tandem Mass Spectrometry (LC/MS/MS)",,,TALBURL,2019-10-31,,https://www.waterqualitydata.us/data/providers/STORET/organizations/21NYDECA_WQX/activities/21NYDECA_WQX-13-LHUD-130.6_20191022T0000%3ACEC-00089/results/1060245235/resdetectqntlmts,Lower Quantitation Limit,1.7,ng/L,,2025-04-18T14:28:08,STORET
21NYDECA_WQX,New York State Dec Division Of Water,21NYDECA_WQX-12-SCHO-14.6_20191021T0900:CEC-00088,Sample-Routine,Water,,2019-10-21,09:00:00,EDT,,,,,,,,,,,,Routine,Routine River Network,NYSDEC,21NYDECA_WQX-3489,12-SCHO-14.6,,,,,42.8000000000,-74.2633400000,,,,,,STORET-1060245214,Not Detected,None,Perfluorooctanoic acid,Total,,,U,Accepted,,,,,,,,,,,,,,,,,,,,,,537M,USEPA,"MODIFIED, Determination of Selected Perfluorinated Alkyl Acids in Drinking Water by Solid Phase Extraction and Liquid Chromatography/Tandem Mass Spectrometry (LC/MS/MS)",,,TALBURL,2019-11-01,,https://www.waterqualitydata.us/data/providers/STORET/organizations/21NYDECA_WQX/activities/21NYDECA_WQX-12-SCHO-14.6_20191021T0900%3ACEC-00088/results/1060245214/resdetectqntlmts,Lower Quantitation Limit,1.8,ng/L,,2025-04-18T14:28:08,STORET
21NYDECA_WQX,New York State Dec Division Of Water,21NYDECA_WQX-06-DILA-5.4_20191023T1300:CEC-00091,Sample-Routine,Water,,2019-10-23,13:00:00,EDT,,,,,,,,,,,,Routine,Routine River Network,NYSDEC,21NYDECA_WQX-1143,06-DILA-5.4,,,,,42.3772200000,-75.4050000000,,,,,,STORET-1060245277,Not Detected,None,Perfluorooctanoic acid,Total,,,U,Accepted,,,,,,,,,,,,,,,,,,,,,,537M,USEPA,"MODIFIED, Determination of Selected Perfluorinated Alkyl Acids in Drinking Water by Solid Phase Extraction and Liquid Chromatography/Tandem Mass Spectrometry (LC/MS/MS)",,,TALBURL,2019-11-06,,https://www.waterqualitydata.us/data/providers/STORET/organizations/21NYDECA_WQX/activities/21NYDECA_WQX-06-DILA-5.4_20191023T1300%3ACEC-00091/results/1060245277/resdetectqntlmts,Lower Quantitation Limit,1.7,ng/L,,2025-04-18T14:28:08,STORET
21NYDECA_WQX,New York State Dec Division Of Water,21NYDECA_WQX-14-DELA-1.3_20210414T1030:CEC-00126,Sample-Routine,Water,,2021-04-14,10:30:00,EDT,,,,,,,,,,,,Routine,Routine River Network,NYSDEC,21NYDECA_WQX-6902,14-DELA-1.3,,,,,41.3719400000,-74.6969500000,,,,,,STORET-1060246012,Not Detected,None,Perfluorooctanoic acid,Total,,,U,Accepted,,,,,,,,,,,,,,,,,,,,,,537M,USEPA,"MODIFIED, Determination of Selected Perfluorinated Alkyl Acids in Drinking Water by Solid Phase Extraction and Liquid Chromatography/Tandem Mass Spectrometry (LC/MS/MS)",,,TALBURL,2021-04-21,,https://www.waterqualitydata.us/data/providers/STORET/organizations/21NYDECA_WQX/activities/21NYDECA_WQX-14-DELA-1.3_20210414T1030%3ACEC-00126/results/1060246012/resdetectqntlmts,Lower Quantitation Limit,1.8,ng/L,,2025-04-18T14:28:12,STORET
21NYDECA_WQX,New York State Dec Division Of Water,21NYDECA_WQX-11-HOOS-20.8_20210818T1000:CEC-00165,Sample-Routine,Water,,2021-08-18,10:00:00,EDT,,,,,,,,,,,,Routine,Routine River Network,NYSDEC,21NYDECA_WQX-2923,11-HOOS-20.8,,,,,42.9513900000,-73.3911100000,,,,,,STORET-1060246831,,None,Perfluorooctanoic acid,Total,22,ng/L,CON,Accepted,,Actual,,,,,,,,,,,,,,,,,,,,537M,USEPA,"MODIFIED, Determination of Selected Perfluorinated Alkyl Acids in Drinking Water by Solid Phase Extraction and Liquid Chromatography/Tandem Mass Spectrometry (LC/MS/MS)",,,TALBURL,2021-08-20,,https://www.waterqualitydata.us/data/providers/STORET/organizations/21NYDECA_WQX/activities/21NYDECA_WQX-11-HOOS-20.8_20210818T1000%3ACEC-00165/results/1060246831/resdetectqntlmts,Lower Quantitation Limit,1.7,ng/L,,2025-04-18T14:28:16,STORET
21NYDECA_WQX,New York State Dec Division Of Water,21NYDECA_WQX-07-KEUK-0.3_20210830T1200:CEC-00171,Sample-Routine,Water,,2021-08-30,12:00:00,EDT,,,,,,,,,,,,Routine,Routine River Network,NYSDEC,21NYDECA_WQX-1772,07-KEUK-0.3,,,,,42.6803700000,-76.9539500000,,,,,,STORET-1060246957,Not Detected,None,Perfluorooctanoic acid,Total,,,U,Accepted,,,,,,,,,,,,,,,,,,,,,,537M,USEPA,"MODIFIED, Determination of Selected Perfluorinated Alkyl Acids in Drinking Water by Solid Phase Extraction and Liquid Chromatography/Tandem Mass Spectrometry (LC/MS/MS)",,,TALBURL,2021-09-01,,https://www.waterqualitydata.us/data/providers/STORET/organizations/21NYDECA_WQX/activities/21NYDECA_WQX-07-KEUK-0.3_20210830T1200%3ACEC-00171/results/1060246957/resdetectqntlmts,Lower Quantitation Limit,1.6,ng/L,,2025-04-18T14:28:17,STORET
21NYDECA_WQX,New York State Dec Division Of Water,21NYDECA_WQX-12-MOHK-79.5_20210816T1130:CEC-00139,Sample-Routine,Water,,2021-08-16,11:30:00,EDT,,,,,,,,,,,,Routine,Routine River Network,NYSDEC,21NYDECA_WQX-3399,12-MOHK-79.5,,,,,43.0377800000,-74.8405500000,,,,,,STORET-1060246285,Not Detected,None,Perfluorooctanoic acid,Total,,,U,Accepted,,,,,,,,,,,,,,,,,,,,,,537M,USEPA,"MODIFIED, Determination of Selected Perfluorinated Alkyl Acids in Drinking Water by Solid Phase Extraction and Liquid Chromatography/Tandem Mass Spectrometry (LC/MS/MS)",,,TALBURL,2021-08-18,,https://www.waterqualitydata.us/data/providers/STORET/organizations/21NYDECA_WQX/activities/21NYDECA_WQX-12-MOHK-79.5_20210816T1130%3ACEC-00139/results/1060246285/resdetectqntlmts,Lower Quantitation Limit,1.6,ng/L,,2025-04-18T14:28:13,STORET
21NYDECA_WQX,New York State Dec Division Of Water,21NYDECA_WQX-13-LHUD-130.6_20210816T1030:CEC-00137,Sample-Routine,Water,,2021-08-16,10:30:00,EDT,,,,,,,,,,,,Routine,Routine River Network,NYSDEC,21NYDECA_WQX-3664,13-LHUD-130.6,,,,,42.6194950000,-73.7587960000,,,,,,STORET-1060246243,,None,Perfluorooctanoic acid,Total,2.4,ng/L,CON,Accepted,,Actual,,,,,,,,,,,,,,,,,,,,537M,USEPA,"MODIFIED, Determination of Selected Perfluorinated Alkyl Acids in Drinking Water by Solid Phase Extraction and Liquid Chromatography/Tandem Mass Spectrometry (LC/MS/MS)",,,TALBURL,2021-08-18,,https://www.waterqualitydata.us/data/providers/STORET/organizations/21NYDECA_WQX/activities/21NYDECA_WQX-13-LHUD-130.6_20210816T1030%3ACEC-00137/results/1060246243/resdetectqntlmts,Lower Quantitation Limit,1.7,ng/L,,2025-04-18T14:28:13,STORET
21NYDECA_WQX,New York State Dec Division Of Water,21NYDECA_WQX-12-MOHK-15.5_20210422T1043:CEC-00179,Sample-Routine,Water,,2021-04-22,10:43:00,EDT,,,,,,,,,,,,PFAS Monitoring,PFAS Monitoring,NYSDEC,21NYDECA_WQX-3387,12-MOHK-15.5,,,,,42.8206240000,-73.8586170000,,,,,,STORET-1060247125,Not Detected,None,Perfluorooctanoic acid,Total,,,U,Accepted,,,,,,,,,,,,,,,,,,,,,,537M,USEPA,"MODIFIED, Determination of Selected Perfluorinated Alkyl Acids in Drinking Water by Solid Phase Extraction and Liquid Chromatography/Tandem Mass Spectrometry (LC/MS/MS)",,,TALBURL,2021-05-06,,https://www.waterqualitydata.us/data/providers/STORET/organizations/21NYDECA_WQX/activities/21NYDECA_WQX-12-MOHK-15.5_20210422T1043%3ACEC-00179/results/1060247125/resdetectqntlmts,Lower Quantitation Limit,1.7,ng/L,,2025-04-18T14:28:18,STORET
21NYDECA_WQX,New York State Dec Division Of Water,21NYDECA_WQX-05-CHEM-5.4_20210413T0945:CEC-00110,Sample-Routine,Water,,2021-04-13,09:45:00,EDT,,,,,,,,,,,,Routine,Routine River Network,NYSDEC,21NYDECA_WQX-1295,05-CHEM-5.4,,,,,42.0027800000,-76.6349900000,,,,,,STORET-1060245676,Not Detected,None,Perfluorooctanoic acid,Total,,,U,Accepted,,,,,,,,,,,,,,,,,,,,,,537M,USEPA,"MODIFIED, Determination of Selected Perfluorinated Alkyl Acids in Drinking Water by Solid Phase Extraction and Liquid Chromatography/Tandem Mass Spectrometry (LC/MS/MS)",,,TALBURL,2021-04-20,,https://www.waterqualitydata.us/data/providers/STORET/organizations/21NYDECA_WQX/activities/21NYDECA_WQX-05-CHEM-5.4_20210413T0945%3ACEC-00110/results/1060245676/resdetectqntlmts,Lower Quantitation Limit,1.7,ng/L,,2025-04-18T14:28:10,STORET
21NYDECA_WQX,New York State Dec Division Of Water,21NYDECA_WQX-01-NIAG-18.4_20210427T1400:CEC-00185,Sample-Routine,Water,,2021-04-27,14:00:00,EDT,,,,,,,,,,,,PFAS Monitoring,PFAS Monitoring,NYSDEC,21NYDECA_WQX-78,01-NIAG-18.4,,,,,43.0647780000,-78.9880480000,,,,,,STORET-1060247251,Not Detected,None,Perfluorooctanoic acid,Total,,,U,Accepted,,,,,,,,,,,,,,,,,,,,,,537M,USEPA,"MODIFIED, Determination of Selected Perfluorinated Alkyl Acids in Drinking Water by Solid Phase Extraction and Liquid Chromatography/Tandem Mass Spectrometry (LC/MS/MS)",,,TALBURL,2021-05-12,,https://www.waterqualitydata.us/data/providers/STORET/organizations/21NYDECA_WQX/activities/21NYDECA_WQX-01-NIAG-18.4_20210427T1400%3ACEC-00185/results/1060247251/resdetectqntlmts,Lower Quantitation Limit,1.6,ng/L,,2025-04-18T14:28:19,STORET
21NYDECA_WQX,New York State Dec Division Of Water,21NYDECA_WQX-03-NRUP-3.1_20210413T1245:CEC-00113,Sample-Routine,Water,,2021-04-13,12:45:00,EDT,,,,,,,,,,,,Routine,Routine River Network,NYSDEC,21NYDECA_WQX-634,03-NRUP-3.1,,,,,43.2540000000,-77.7420000000,,,,,,STORET-1060245739,,None,Perfluorooctanoic acid,Total,2.5,ng/L,CON,Accepted,,Actual,,,,,,,,,,,,,,,,,,,,537M,USEPA,"MODIFIED, Determination of Selected Perfluorinated Alkyl Acids in Drinking Water by Solid Phase Extraction and Liquid Chromatography/Tandem Mass Spectrometry (LC/MS/MS)",,,TALBURL,2021-04-20,,https://www.waterqualitydata.us/data/providers/STORET/organizations/21NYDECA_WQX/activities/21NYDECA_WQX-03-NRUP-3.1_20210413T1245%3ACEC-00113/results/1060245739/resdetectqntlmts,Lower Quantitation Limit,2,ng/L,,2025-04-18T14:28:11,STORET
21NYDECA_WQX,New York State Dec Division Of Water,21NYDECA_WQX-04-GENS-3.8_20210428T1015:CEC-00188,Sample-Routine,Water,,2021-04-28,10:15:00,EDT,,,,,,,,,,,,PFAS Monitoring,PFAS Monitoring,NYSDEC,21NYDECA_WQX-976,04-GENS-3.8,,,,,43.2036090000,-77.6257360000,,,,,,STORET-1060247314,Not Detected,None,Perfluorooctanoic acid,Total,,,U,Accepted,,,,,,,,,,,,,,,,,,,,,,537M,USEPA,"MODIFIED, Determination of Selected Perfluorinated Alkyl Acids in Drinking Water by Solid Phase Extraction and Liquid Chromatography/Tandem Mass Spectrometry (LC/MS/MS)",,,TALBURL,2021-05-10,,https://www.waterqualitydata.us/data/providers/STORET/organizations/21NYDECA_WQX/activities/21NYDECA_WQX-04-GENS-3.8_20210428T1015%3ACEC-00188/results/1060247314/resdetectqntlmts,Lower Quantitation Limit,1.6,ng/L,,2025-04-18T14:28:20,STORET
21NYDECA_WQX,New York State Dec Division Of Water,21NYDECA_WQX-07-KEUK-0.3_20210412T0930:CEC-00103,Sample-Routine,Water,,2021-04-12,09:30:00,EDT,,,,,,,,,,,,Routine,Routine River Network,NYSDEC,21NYDECA_WQX-1772,07-KEUK-0.3,,,,,42.6803700000,-76.9539500000,,,,,,STORET-1060245529,Not Detected,None,Perfluorooctanoic acid,Total,,,U,Accepted,,,,,,,,,,,,,,,,,,,,,,537M,USEPA,"MODIFIED, Determination of Selected Perfluorinated Alkyl Acids in Drinking Water by Solid Phase Extraction and Liquid Chromatography/Tandem Mass Spectrometry (LC/MS/MS)",,,TALBURL,2021-04-19,,https://www.waterqualitydata.us/data/providers/STORET/organizations/21NYDECA_WQX/activities/21NYDECA_WQX-07-KEUK-0.3_20210412T0930%3ACEC-00103/results/1060245529/resdetectqntlmts,Lower Quantitation Limit,1.7,ng/L,,2025-04-18T14:28:10,STORET
21NYDECA_WQX,New York State Dec Division Of Water,21NYDECA_WQX-13-LHUD-130.6_20210412T1000:CEC-00104,Sample-Routine,Water,,2021-04-12,10:00:00,EDT,,,,,,,,,,,,Routine,Routine River Network,NYSDEC,21NYDECA_WQX-3664,13-LHUD-130.6,,,,,42.6194950000,-73.7587960000,,,,,,STORET-1060245550,Not Detected,None,Perfluorooctanoic acid,Total,,,U,Accepted,,,,,,,,,,,,,,,,,,,,,,537M,USEPA,"MODIFIED, Determination of Selected Perfluorinated Alkyl Acids in Drinking Water by Solid Phase Extraction and Liquid Chromatography/Tandem Mass Spectrometry (LC/MS/MS)",,,TALBURL,2021-04-19,,https://www.waterqualitydata.us/data/providers/STORET/organizations/21NYDECA_WQX/activities/21NYDECA_WQX-13-LHUD-130.6_20210412T1000%3ACEC-00104/results/1060245550/resdetectqntlmts,Lower Quantitation Limit,1.7,ng/L,,2025-04-18T14:28:10,STORET
21NYDECA_WQX,New York State Dec Division Of Water,21NYDECA_WQX-02-ALGY-20.3_20210816T1045:CEC-00142,Sample-Routine,Water,,2021-08-16,10:45:00,EDT,,,,,,,,,,,,Routine,Routine River Network,NYSDEC,21NYDECA_WQX-427,02-ALGY-20.3,,,,,42.1571600000,-78.7179300000,,,,,,STORET-1060246348,Not Detected,None,Perfluorooctanoic acid,Total,,,U,Accepted,,,,,,,,,,,,,,,,,,,,,,537M,USEPA,"MODIFIED, Determination of Selected Perfluorinated Alkyl Acids in Drinking Water by Solid Phase Extraction and Liquid Chromatography/Tandem Mass Spectrometry (LC/MS/MS)",,,TALBURL,2021-08-18,,https://www.waterqualitydata.us/data/providers/STORET/organizations/21NYDECA_WQX/activities/21NYDECA_WQX-02-ALGY-20.3_20210816T1045%3ACEC-00142/results/1060246348/resdetectqntlmts,Lower Quantitation Limit,1.6,ng/L,,2025-04-18T14:28:14,STORET
21NYDECA_WQX,New York State Dec Division Of Water,21NYDECA_WQX-13-WALK-18.6_20210817T0915:CEC-00163,Sample-Routine,Water,,2021-08-17,09:15:00,EDT,,,,,,,,,,,,Routine,Routine River Network,NYSDEC,21NYDECA_WQX-4087,13-WALK-18.6,,,,,41.6878310000,-74.1657000000,,,,,,STORET-1060246789,,None,Perfluorooctanoic acid,Total,3.8,ng/L,CON,Accepted,,Actual,,,,,,,,,,,,,,,,,,,,537M,USEPA,"MODIFIED, Determination of Selected Perfluorinated Alkyl Acids in Drinking Water by Solid Phase Extraction and Liquid Chromatography/Tandem Mass Spectrometry (LC/MS/MS)",,,TALBURL,2021-08-20,,https://www.waterqualitydata.us/data/providers/STORET/organizations/21NYDECA_WQX/activities/21NYDECA_WQX-13-WALK-18.6_20210817T0915%3ACEC-00163/results/1060246789/resdetectqntlmts,Lower Quantitation Limit,1.6,ng/L,,2025-04-18T14:28:16,STORET
21NYDECA_WQX,New York State Dec Division Of Water,21NYDECA_WQX-01-BUFF-1.7_20210817T0830:CEC-00151,Sample-Routine,Water,,2021-08-17,08:30:00,EDT,,,,,,,,,,,,Routine,Routine River Network,NYSDEC,21NYDECA_WQX-139,01-BUFF-1.7,,,,,42.8619400000,-78.8678700000,,,,,,STORET-1060246537,,None,Perfluorooctanoic acid,Total,2,ng/L,CON,Accepted,,Actual,,,,,,,,,,,,,,,,,,,,537M,USEPA,"MODIFIED, Determination of Selected Perfluorinated Alkyl Acids in Drinking Water by Solid Phase Extraction and Liquid Chromatography/Tandem Mass Spectrometry (LC/MS/MS)",,,TALBURL,2021-08-19,,https://www.waterqualitydata.us/data/providers/STORET/organizations/21NYDECA_WQX/activities/21NYDECA_WQX-01-BUFF-1.7_20210817T0830%3ACEC-00151/results/1060246537/resdetectqntlmts,Lower Quantitation Limit,1.6,ng/L,,2025-04-18T14:28:15,STORET
21NYDECA_WQX,New York State Dec Division Of Water,21NYDECA_WQX-06-SUSQ-31.4_20210818T1330:CEC-00145,Sample-Routine,Water,,2021-08-18,13:30:00,EDT,,,,,,,,,,,,Routine,Routine River Network,NYSDEC,21NYDECA_WQX-1363,06-SUSQ-31.4,,,,,42.0909700000,-76.0557870000,,,,,,STORET-1060246411,Not Detected,None,Perfluorooctanoic acid,Total,,,U,Accepted,,,,,,,,,,,,,,,,,,,,,,537M,USEPA,"MODIFIED, Determination of Selected Perfluorinated Alkyl Acids in Drinking Water by Solid Phase Extraction and Liquid Chromatography/Tandem Mass Spectrometry (LC/MS/MS)",,,TALBURL,2021-08-20,,https://www.waterqualitydata.us/data/providers/STORET/organizations/21NYDECA_WQX/activities/21NYDECA_WQX-06-SUSQ-31.4_20210818T1330%3ACEC-00145/results/1060246411/resdetectqntlmts,Lower Quantitation Limit,1.6,ng/L,,2025-04-18T14:28:14,STORET
21NYDECA_WQX,New York State Dec Division Of Water,21NYDECA_WQX-04-GENS-2.6_20210817T0915:CEC-00149,Sample-Routine,Water,,2021-08-17,09:15:00,EDT,,,,,,,,,,,,Routine,Routine River Network,NYSDEC,21NYDECA_WQX-974,04-GENS-2.6,,,,,43.2272200000,-77.6163900000,,,,,,STORET-1060246495,,None,Perfluorooctanoic acid,Total,2,ng/L,CON,Accepted,,Actual,,,,,,,,,,,,,,,,,,,,537M,USEPA,"MODIFIED, Determination of Selected Perfluorinated Alkyl Acids in Drinking Water by Solid Phase Extraction and Liquid Chromatography/Tandem Mass Spectrometry (LC/MS/MS)",,,TALBURL,2021-08-19,,https://www.waterqualitydata.us/data/providers/STORET/organizations/21NYDECA_WQX/activities/21NYDECA_WQX-04-GENS-2.6_20210817T0915%3ACEC-00149/results/1060246495/resdetectqntlmts,Lower Quantitation Limit,1.8,ng/L,,2025-04-18T14:28:15,STORET
21NYDECA_WQX,New York State Dec Division Of Water,21NYDECA_WQX-13-WALK-18.6_20210412T1100:CEC-00099,Sample-Routine,Water,,2021-04-12,11:00:00,EDT,,,,,,,,,,,,Routine,Routine River Network,NYSDEC,21NYDECA_WQX-4087,13-WALK-18.6,,,,,41.6878310000,-74.1657000000,,,,,,STORET-1060245445,Not Detected,None,Perfluorooctanoic acid,Total,,,U,Accepted,,,,,,,,,,,,,,,,,,,,,,537M,USEPA,"MODIFIED, Determination of Selected Perfluorinated Alkyl Acids in Drinking Water by Solid Phase Extraction and Liquid Chromatography/Tandem Mass Spectrometry (LC/MS/MS)",,,TALBURL,2021-04-15,,https://www.waterqualitydata.us/data/providers/STORET/organizations/21NYDECA_WQX/activities/21NYDECA_WQX-13-WALK-18.6_20210412T1100%3ACEC-00099/results/1060245445/resdetectqntlmts,Lower Quantitation Limit,1.8,ng/L,,2025-04-18T14:28:09,STORET
21NYDECA_WQX,New York State Dec Division Of Water,21NYDECA_WQX-06-DILA-5.4_20210817T1300:CEC-00164,Sample-Routine,Water,,2021-08-17,13:00:00,EDT,,,,,,,,,,,,Routine,Routine River Network,NYSDEC,21NYDECA_WQX-1143,06-DILA-5.4,,,,,42.3772200000,-75.4050000000,,,,,,STORET-1060246810,Not Detected,None,Perfluorooctanoic acid,Total,,,U,Accepted,,,,,,,,,,,,,,,,,,,,,,537M,USEPA,"MODIFIED, Determination of Selected Perfluorinated Alkyl Acids in Drinking Water by Solid Phase Extraction and Liquid Chromatography/Tandem Mass Spectrometry (LC/MS/MS)",,,TALBURL,2021-08-20,,https://www.waterqualitydata.us/data/providers/STORET/organizations/21NYDECA_WQX/activities/21NYDECA_WQX-06-DILA-5.4_20210817T1300%3ACEC-00164/results/1060246810/resdetectqntlmts,Lower Quantitation Limit,1.6,ng/L,,2025-04-18T14:28:16,STORET
21NYDECA_WQX,New York State Dec Division Of Water,21NYDECA_WQX-08-BLCK-84.5_20210816T0830:CEC-00138,Sample-Routine,Water,,2021-08-16,08:30:00,EDT,,,,,,,,,,,,Routine,Routine River Network,NYSDEC,21NYDECA_WQX-1888,08-BLCK-84.5,,,,,43.5116700000,-75.3066600000,,,,,,STORET-1060246264,Not Detected,None,Perfluorooctanoic acid,Total,,,U,Accepted,,,,,,,,,,,,,,,,,,,,,,537M,USEPA,"MODIFIED, Determination of Selected Perfluorinated Alkyl Acids in Drinking Water by Solid Phase Extraction and Liquid Chromatography/Tandem Mass Spectrometry (LC/MS/MS)",,,TALBURL,2021-08-18,,https://www.waterqualitydata.us/data/providers/STORET/organizations/21NYDECA_WQX/activities/21NYDECA_WQX-08-BLCK-84.5_20210816T0830%3ACEC-00138/results/1060246264/resdetectqntlmts,Lower Quantitation Limit,1.6,ng/L,,2025-04-18T14:28:13,STORET
21NYDECA_WQX,New York State Dec Division Of Water,21NYDECA_WQX-01-BUFF-1.7_20210413T1430:CEC-00119,Sample-Routine,Water,,2021-04-13,14:30:00,EDT,,,,,,,,,,,,Routine,Routine River Network,NYSDEC,21NYDECA_WQX-139,01-BUFF-1.7,,,,,42.8619400000,-78.8678700000,,,,,,STORET-1060245865,,None,Perfluorooctanoic acid,Total,2.2,ng/L,CON,Accepted,,Actual,,,,,,,,,,,,,,,,,,,,537M,USEPA,"MODIFIED, Determination of Selected Perfluorinated Alkyl Acids in Drinking Water by Solid Phase Extraction and Liquid Chromatography/Tandem Mass Spectrometry (LC/MS/MS)",,,TALBURL,2021-04-16,,https://www.waterqualitydata.us/data/providers/STORET/organizations/21NYDECA_WQX/activities/21NYDECA_WQX-01-BUFF-1.7_20210413T1430%3ACEC-00119/results/1060245865/resdetectqntlmts,Lower Quantitation Limit,1.6,ng/L,,2025-04-18T14:28:11,STORET
21NYDECA_WQX,New York State Dec Division Of Water,21NYDECA_WQX-17-KENF_Ta-0.2_20210421T1100:CEC-00183,Sample-Routine,Water,,2021-04-21,11:00:00,EDT,,,,,,,,,,,,PFAS Monitoring,PFAS Monitoring,NYSDEC,21NYDECA_WQX-8523,17-KENF_Ta-0.2,,,,,41.0674790000,-73.7175830000,,,,,,STORET-1060247209,,None,Perfluorooctanoic acid,Total,16,ng/L,CON,Accepted,,Actual,,,,,,,,,,,,,,,,,,,,537M,USEPA,"MODIFIED, Determination of Selected Perfluorinated Alkyl Acids in Drinking Water by Solid Phase Extraction and Liquid Chromatography/Tandem Mass Spectrometry (LC/MS/MS)",,,TALBURL,2021-05-04,,https://www.waterqualitydata.us/data/providers/STORET/organizations/21NYDECA_WQX/activities/21NYDECA_WQX-17-KENF_Ta-0.2_20210421T1100%3ACEC-00183/results/1060247209/resdetectqntlmts,Lower Quantitation Limit,1.6,ng/L,,2025-04-18T14:28:19,STORET
21NYDECA_WQX,New York State Dec Division Of Water,21NYDECA_WQX-01-NIAG-2.6_20210824T1415:CEC-00199,Sample-Routine,Water,,2021-08-24,14:15:00,EDT,,,,,,,,,,,,PFAS Monitoring,PFAS Monitoring,NYSDEC,21NYDECA_WQX-79,01-NIAG-2.6,,,,,43.2282330000,-79.0517930000,,,,,,STORET-1060247545,,None,Perfluorooctanoic acid,Total,1.6,ng/L,CON,Accepted,,Actual,,,,,,,,,,,,,,,,,,,,537M,USEPA,"MODIFIED, Determination of Selected Perfluorinated Alkyl Acids in Drinking Water by Solid Phase Extraction and Liquid Chromatography/Tandem Mass Spectrometry (LC/MS/MS)",,,TALBURL,2021-08-27,,https://www.waterqualitydata.us/data/providers/STORET/organizations/21NYDECA_WQX/activities/21NYDECA_WQX-01-NIAG-2.6_20210824T1415%3ACEC-00199/results/1060247545/resdetectqntlmts,Lower Quantitation Limit,1.6,ng/L,,2025-04-18T14:28:21,STORET
21NYDECA_WQX,New York State Dec Division Of Water,21NYDECA_WQX-10-BOQT-2.6_20210818T0945:CEC-00157,Sample-Routine,Water,,2021-08-18,09:45:00,EDT,,,,,,,,,,,,Routine,Routine River Network,NYSDEC,21NYDECA_WQX-2676,10-BOQT-2.6,,,,,44.3638900000,-73.3908810000,,,,,,STORET-1060246663,Not Detected,None,Perfluorooctanoic acid,Total,,,U,Accepted,,,,,,,,,,,,,,,,,,,,,,537M,USEPA,"MODIFIED, Determination of Selected Perfluorinated Alkyl Acids in Drinking Water by Solid Phase Extraction and Liquid Chromatography/Tandem Mass Spectrometry (LC/MS/MS)",,,TALBURL,2021-08-20,,https://www.waterqualitydata.us/data/providers/STORET/organizations/21NYDECA_WQX/activities/21NYDECA_WQX-10-BOQT-2.6_20210818T0945%3ACEC-00157/results/1060246663/resdetectqntlmts,Lower Quantitation Limit,1.6,ng/L,,2025-04-18T14:28:15,STORET
21NYDECA_WQX,New York State Dec Division Of Water,21NYDECA_WQX-05-CDEA-1.8_20210816T1300:CEC-00135,Sample-Routine,Water,,2021-08-16,13:00:00,EDT,,,,,,,,,,,,Routine,Routine River Network,NYSDEC,21NYDECA_WQX-1282,05-CDEA-1.8,,,,,42.3356700000,-77.6826700000,,,,,,STORET-1060246201,Not Detected,None,Perfluorooctanoic acid,Total,,,U,Accepted,,,,,,,,,,,,,,,,,,,,,,537M,USEPA,"MODIFIED, Determination of Selected Perfluorinated Alkyl Acids in Drinking Water by Solid Phase Extraction and Liquid Chromatography/Tandem Mass Spectrometry (LC/MS/MS)",,,TALBURL,2021-08-18,,https://www.waterqualitydata.us/data/providers/STORET/organizations/21NYDECA_WQX/activities/21NYDECA_WQX-05-CDEA-1.8_20210816T1300%3ACEC-00135/results/1060246201/resdetectqntlmts,Lower Quantitation Limit,1.6,ng/L,,2025-04-18T14:28:13,STORET
21NYDECA_WQX,New York State Dec Division Of Water,21NYDECA_WQX-17-KENF_Ta-0.2_20210824T0945:CEC-00192,Sample-Routine,Water,,2021-08-24,09:45:00,EDT,,,,,,,,,,,,PFAS Monitoring,PFAS Monitoring,NYSDEC,21NYDECA_WQX-8523,17-KENF_Ta-0.2,,,,,41.0674790000,-73.7175830000,,,,,,STORET-1060247398,,None,Perfluorooctanoic acid,Total,17,ng/L,CON,Accepted,,Actual,,,,,,,,,,,,,,,,,,,,537M,USEPA,"MODIFIED, Determination of Selected Perfluorinated Alkyl Acids in Drinking Water by Solid Phase Extraction and Liquid Chromatography/Tandem Mass Spectrometry (LC/MS/MS)",,,TALBURL,2021-08-26,,https://www.waterqualitydata.us/data/providers/STORET/organizations/21NYDECA_WQX/activities/21NYDECA_WQX-17-KENF_Ta-0.2_20210824T0945%3ACEC-00192/results/1060247398/resdetectqntlmts,Lower Quantitation Limit,1.6,ng/L,,2025-04-18T14:28:20,STORET
21NYDECA_WQX,New York State Dec Division Of Water,21NYDECA_WQX-06-TOGH-32.8_20210818T1100:CEC-00146,Sample-Routine,Water,,2021-08-18,11:00:00,EDT,,,,,,,,,,,,Routine,Routine River Network,NYSDEC,21NYDECA_WQX-1382,06-TOGH-32.8,,,,,42.5986100000,-76.1586100000,,,,,,STORET-1060246432,Not Detected,None,Perfluorooctanoic acid,Total,,,U,Accepted,,,,,,,,,,,,,,,,,,,,,,537M,USEPA,"MODIFIED, Determination of Selected Perfluorinated Alkyl Acids in Drinking Water by Solid Phase Extraction and Liquid Chromatography/Tandem Mass Spectrometry (LC/MS/MS)",,,TALBURL,2021-08-20,,https://www.waterqualitydata.us/data/providers/STORET/organizations/21NYDECA_WQX/activities/21NYDECA_WQX-06-TOGH-32.8_20210818T1100%3ACEC-00146/results/1060246432/resdetectqntlmts,Lower Quantitation Limit,1.6,ng/L,,2025-04-18T14:28:14,STORET
21NYDECA_WQX,New York State Dec Division Of Water,21NYDECA_WQX-12-MOHK-17.1_20210825T0900:CEC-00206,Sample-Routine,Water,,2021-08-25,09:00:00,EDT,,,,,,,,,,,,PFAS Monitoring,PFAS Monitoring,NYSDEC,21NYDECA_WQX-3388,12-MOHK-17.1,,,,,42.8382480000,-73.8773130000,,,,,,STORET-1060247692,Not Detected,None,Perfluorooctanoic acid,Total,,,U,Accepted,,,,,,,,,,,,,,,,,,,,,,537M,USEPA,"MODIFIED, Determination of Selected Perfluorinated Alkyl Acids in Drinking Water by Solid Phase Extraction and Liquid Chromatography/Tandem Mass Spectrometry (LC/MS/MS)",,,TALBURL,2021-08-27,,https://www.waterqualitydata.us/data/providers/STORET/organizations/21NYDECA_WQX/activities/21NYDECA_WQX-12-MOHK-17.1_20210825T0900%3ACEC-00206/results/1060247692/resdetectqntlmts,Lower Quantitation Limit,1.6,ng/L,,2025-04-18T14:28:22,STORET
21NYDECA_WQX,New York State Dec Division Of Water,21NYDECA_WQX-08-BLCK-8.0_20210412T0915:CEC-00097,Sample-Routine,Water,,2021-04-12,09:15:00,EDT,,,,,,,,,,,,Routine,Routine River Network,NYSDEC,21NYDECA_WQX-1887,08-BLCK-8.0,,,,,43.9847200000,-75.9250000000,,,,,,STORET-1060245403,Not Detected,None,Perfluorooctanoic acid,Total,,,U,Accepted,,,,,,,,,,,,,,,,,,,,,,537M,USEPA,"MODIFIED, Determination of Selected Perfluorinated Alkyl Acids in Drinking Water by Solid Phase Extraction and Liquid Chromatography/Tandem Mass Spectrometry (LC/MS/MS)",,,TALBURL,2021-04-15,,https://www.waterqualitydata.us/data/providers/STORET/organizations/21NYDECA_WQX/activities/21NYDECA_WQX-08-BLCK-8.0_20210412T0915%3ACEC-00097/results/1060245403/resdetectqntlmts,Lower Quantitation Limit,1.7,ng/L,,2025-04-18T14:28:09,STORET
21NYDECA_WQX,New York State Dec Division Of Water,21NYDECA_WQX-06-TOGH-32.8_20210414T0900:CEC-00125,Sample-Routine,Water,,2021-04-14,09:00:00,EDT,,,,,,,,,,,,Routine,Routine River Network,NYSDEC,21NYDECA_WQX-1382,06-TOGH-32.8,,,,,42.5986100000,-76.1586100000,,,,,,STORET-1060245991,Not Detected,None,Perfluorooctanoic acid,Total,,,U,Accepted,,,,,,,,,,,,,,,,,,,,,,537M,USEPA,"MODIFIED, Determination of Selected Perfluorinated Alkyl Acids in Drinking Water by Solid Phase Extraction and Liquid Chromatography/Tandem Mass Spectrometry (LC/MS/MS)",,,TALBURL,2021-04-21,,https://www.waterqualitydata.us/data/providers/STORET/organizations/21NYDECA_WQX/activities/21NYDECA_WQX-06-TOGH-32.8_20210414T0900%3ACEC-00125/results/1060245991/resdetectqntlmts,Lower Quantitation Limit,1.7,ng/L,,2025-04-18T14:28:12,STORET
21NYDECA_WQX,New York State Dec Division Of Water,21NYDECA_WQX-12-MOHK-79.5_20210412T1115:CEC-00101,Sample-Routine,Water,,2021-04-12,11:15:00,EDT,,,,,,,,,,,,Routine,Routine River Network,NYSDEC,21NYDECA_WQX-3399,12-MOHK-79.5,,,,,43.0377800000,-74.8405500000,,,,,,STORET-1060245487,Not Detected,None,Perfluorooctanoic acid,Total,,,U,Accepted,,,,,,,,,,,,,,,,,,,,,,537M,USEPA,"MODIFIED, Determination of Selected Perfluorinated Alkyl Acids in Drinking Water by Solid Phase Extraction and Liquid Chromatography/Tandem Mass Spectrometry (LC/MS/MS)",,,TALBURL,2021-04-19,,https://www.waterqualitydata.us/data/providers/STORET/organizations/21NYDECA_WQX/activities/21NYDECA_WQX-12-MOHK-79.5_20210412T1115%3ACEC-00101/results/1060245487/resdetectqntlmts,Lower Quantitation Limit,1.6,ng/L,,2025-04-18T14:28:09,STORET
21NYDECA_WQX,New York State Dec Division Of Water,21NYDECA_WQX-11-UHUD-267.8_20210817T0930:CEC-00153,Sample-Routine,Water,,2021-08-17,13:30:00,EDT,,,,,,,,,,,,Routine,Routine River Network,NYSDEC,21NYDECA_WQX-16216,11-UHUD-267.8,,,,,43.7008300000,-73.9825000000,,,,,,STORET-1060246579,Not Detected,None,Perfluorooctanoic acid,Total,,,U,Accepted,,,,,,,,,,,,,,,,,,,,,,537M,USEPA,"MODIFIED, Determination of Selected Perfluorinated Alkyl Acids in Drinking Water by Solid Phase Extraction and Liquid Chromatography/Tandem Mass Spectrometry (LC/MS/MS)",,,TALBURL,2021-08-19,,https://www.waterqualitydata.us/data/providers/STORET/organizations/21NYDECA_WQX/activities/21NYDECA_WQX-11-UHUD-267.8_20210817T0930%3ACEC-00153/results/1060246579/resdetectqntlmts,Lower Quantitation Limit,1.7,ng/L,,2025-04-18T14:28:15,STORET
21NYDECA_WQX,New York State Dec Division Of Water,21NYDECA_WQX-04-GENS-3.8_20210825T0930:CEC-00201,Sample-Routine,Water,,2021-08-25,09:30:00,EDT,,,,,,,,,,,,PFAS Monitoring,PFAS Monitoring,NYSDEC,21NYDECA_WQX-976,04-GENS-3.8,,,,,43.2036090000,-77.6257360000,,,,,,STORET-1060247587,,None,Perfluorooctanoic acid,Total,2.1,ng/L,CON,Accepted,,Actual,,,,,,,,,,,,,,,,,,,,537M,USEPA,"MODIFIED, Determination of Selected Perfluorinated Alkyl Acids in Drinking Water by Solid Phase Extraction and Liquid Chromatography/Tandem Mass Spectrometry (LC/MS/MS)",,,TALBURL,2021-08-27,,https://www.waterqualitydata.us/data/providers/STORET/organizations/21NYDECA_WQX/activities/21NYDECA_WQX-04-GENS-3.8_20210825T0930%3ACEC-00201/results/1060247587/resdetectqntlmts,Lower Quantitation Limit,1.6,ng/L,,2025-04-18T14:28:21,STORET
21NYDECA_WQX,New York State Dec Division Of Water,21NYDECA_WQX-08-BLCK-8.0_20210817T1100:CEC-00150,Sample-Routine,Water,,2021-08-17,11:00:00,EDT,,,,,,,,,,,,Routine,Routine River Network,NYSDEC,21NYDECA_WQX-1887,08-BLCK-8.0,,,,,43.9847200000,-75.9250000000,,,,,,STORET-1060246516,Not Detected,None,Perfluorooctanoic acid,Total,,,U,Accepted,,,,,,,,,,,,,,,,,,,,,,537M,USEPA,"MODIFIED, Determination of Selected Perfluorinated Alkyl Acids in Drinking Water by Solid Phase Extraction and Liquid Chromatography/Tandem Mass Spectrometry (LC/MS/MS)",,,TALBURL,2021-08-19,,https://www.waterqualitydata.us/data/providers/STORET/organizations/21NYDECA_WQX/activities/21NYDECA_WQX-08-BLCK-8.0_20210817T1100%3ACEC-00150/results/1060246516/resdetectqntlmts,Lower Quantitation Limit,1.6,ng/L,,2025-04-18T14:28:15,STORET
21NYDECA_WQX,New York State Dec Division Of Water,21NYDECA_WQX-14-WDEL-16.2_20210414T0945:CEC-00122,Sample-Routine,Water,,2021-04-14,09:45:00,EDT,,,,,,,,,,,,Routine,Routine River Network,NYSDEC,21NYDECA_WQX-7774,14-WDEL-16.2,,,,,42.0800000000,-75.4013800000,,,,,,STORET-1060245928,Not Detected,None,Perfluorooctanoic acid,Total,,,U,Accepted,,,,,,,,,,,,,,,,,,,,,,537M,USEPA,"MODIFIED, Determination of Selected Perfluorinated Alkyl Acids in Drinking Water by Solid Phase Extraction and Liquid Chromatography/Tandem Mass Spectrometry (LC/MS/MS)",,,TALBURL,2021-04-21,,https://www.waterqualitydata.us/data/providers/STORET/organizations/21NYDECA_WQX/activities/21NYDECA_WQX-14-WDEL-16.2_20210414T0945%3ACEC-00122/results/1060245928/resdetectqntlmts,Lower Quantitation Limit,1.7,ng/L,,2025-04-18T14:28:12,STORET
21NYDECA_WQX,New York State Dec Division Of Water,21NYDECA_WQX-06-DILA-5.4_20210414T1145:CEC-00121,Sample-Routine,Water,,2021-04-14,11:45:00,EDT,,,,,,,,,,,,Routine,Routine River Network,NYSDEC,21NYDECA_WQX-1143,06-DILA-5.4,,,,,42.3772200000,-75.4050000000,,,,,,STORET-1060245907,Not Detected,None,Perfluorooctanoic acid,Total,,,U,Accepted,,,,,,,,,,,,,,,,,,,,,,537M,USEPA,"MODIFIED, Determination of Selected Perfluorinated Alkyl Acids in Drinking Water by Solid Phase Extraction and Liquid Chromatography/Tandem Mass Spectrometry (LC/MS/MS)",,,TALBURL,2021-04-21,,https://www.waterqualitydata.us/data/providers/STORET/organizations/21NYDECA_WQX/activities/21NYDECA_WQX-06-DILA-5.4_20210414T1145%3ACEC-00121/results/1060245907/resdetectqntlmts,Lower Quantitation Limit,1.6,ng/L,,2025-04-18T14:28:12,STORET
21NYDECA_WQX,New York State Dec Division Of Water,21NYDECA_WQX-03-EMIL-5.1_20210414T1000:CEC-00129,Sample-Routine,Water,,2021-04-14,10:00:00,EDT,,,,,,,,,,,,Routine,Routine River Network,NYSDEC,21NYDECA_WQX-728,03-EMIL-5.1,,,,,43.2778500000,-78.7118500000,,,,,,STORET-1060246075,,None,Perfluorooctanoic acid,Total,3.7,ng/L,CON,Accepted,,Actual,,,,,,,,,,,,,,,,,,,,537M,USEPA,"MODIFIED, Determination of Selected Perfluorinated Alkyl Acids in Drinking Water by Solid Phase Extraction and Liquid Chromatography/Tandem Mass Spectrometry (LC/MS/MS)",,,TALBURL,2021-04-21,,https://www.waterqualitydata.us/data/providers/STORET/organizations/21NYDECA_WQX/activities/21NYDECA_WQX-03-EMIL-5.1_20210414T1000%3ACEC-00129/results/1060246075/resdetectqntlmts,Lower Quantitation Limit,1.7,ng/L,,2025-04-18T14:28:12,STORET
21NYDECA_WQX,New York State Dec Division Of Water,21NYDECA_WQX-04-GENS-4.2_20210428T0945:CEC-00189,Sample-Routine,Water,,2021-04-28,09:45:00,EDT,,,,,,,,,,,,PFAS Monitoring,PFAS Monitoring,NYSDEC,21NYDECA_WQX-978,04-GENS-4.2,,,,,43.1983890000,-77.6207460000,,,,,,STORET-1060247335,Not Detected,None,Perfluorooctanoic acid,Total,,,U,Accepted,,,,,,,,,,,,,,,,,,,,,,537M,USEPA,"MODIFIED, Determination of Selected Perfluorinated Alkyl Acids in Drinking Water by Solid Phase Extraction and Liquid Chromatography/Tandem Mass Spectrometry (LC/MS/MS)",,,TALBURL,2021-05-10,,https://www.waterqualitydata.us/data/providers/STORET/organizations/21NYDECA_WQX/activities/21NYDECA_WQX-04-GENS-4.2_20210428T0945%3ACEC-00189/results/1060247335/resdetectqntlmts,Lower Quantitation Limit,1.7,ng/L,,2025-04-18T14:28:20,STORET
21NYDECA_WQX,New York State Dec Division Of Water,21NYDECA_WQX-05-CDEA-1.8_20210412T1245:CEC-00102,Sample-Routine,Water,,2021-04-12,12:45:00,EDT,,,,,,,,,,,,Routine,Routine River Network,NYSDEC,21NYDECA_WQX-1282,05-CDEA-1.8,,,,,42.3356700000,-77.6826700000,,,,,,STORET-1060245508,Not Detected,None,Perfluorooctanoic acid,Total,,,U,Accepted,,,,,,,,,,,,,,,,,,,,,,537M,USEPA,"MODIFIED, Determination of Selected Perfluorinated Alkyl Acids in Drinking Water by Solid Phase Extraction and Liquid Chromatography/Tandem Mass Spectrometry (LC/MS/MS)",,,TALBURL,2021-04-19,,https://www.waterqualitydata.us/data/providers/STORET/organizations/21NYDECA_WQX/activities/21NYDECA_WQX-05-CDEA-1.8_20210412T1245%3ACEC-00102/results/1060245508/resdetectqntlmts,Lower Quantitation Limit,1.7,ng/L,,2025-04-18T14:28:09,STORET
21NYDECA_WQX,New York State Dec Division Of Water,21NYDECA_WQX-03-SALM-12.0_20210412T0930:CEC-00095,Sample-Routine,Water,,2021-04-12,09:30:00,EDT,,,,,,,,,,,,Routine,Routine River Network,NYSDEC,21NYDECA_WQX-666,03-SALM-12.0,,,,,43.5311100000,-76.0380600000,,,,,,STORET-1060245361,Not Detected,None,Perfluorooctanoic acid,Total,,,U,Accepted,,,,,,,,,,,,,,,,,,,,,,537M,USEPA,"MODIFIED, Determination of Selected Perfluorinated Alkyl Acids in Drinking Water by Solid Phase Extraction and Liquid Chromatography/Tandem Mass Spectrometry (LC/MS/MS)",,,TALBURL,2021-04-19,,https://www.waterqualitydata.us/data/providers/STORET/organizations/21NYDECA_WQX/activities/21NYDECA_WQX-03-SALM-12.0_20210412T0930%3ACEC-00095/results/1060245361/resdetectqntlmts,Lower Quantitation Limit,1.6,ng/L,,2025-04-18T14:28:09,STORET
21NYDECA_WQX,New York State Dec Division Of Water,21NYDECA_WQX-03-LONT_T63-1.0_20210825T1115:CEC-00193,Sample-Routine,Water,,2021-08-25,11:15:00,EDT,,,,,,,,,,,,PFAS Monitoring,PFAS Monitoring,NYSDEC,21NYDECA_WQX-601,03-LONT_T63-1.0,,,,,43.4858760000,-76.4566710000,,,,,,STORET-1060247419,,None,Perfluorooctanoic acid,Total,7,ng/L,CON,Accepted,,Actual,,,,,,,,,,,,,,,,,,,,537M,USEPA,"MODIFIED, Determination of Selected Perfluorinated Alkyl Acids in Drinking Water by Solid Phase Extraction and Liquid Chromatography/Tandem Mass Spectrometry (LC/MS/MS)",,,TALBURL,2021-08-27,,https://www.waterqualitydata.us/data/providers/STORET/organizations/21NYDECA_WQX/activities/21NYDECA_WQX-03-LONT_T63-1.0_20210825T1115%3ACEC-00193/results/1060247419/resdetectqntlmts,Lower Quantitation Limit,1.7,ng/L,,2025-04-18T14:28:20,STORET
21NYDECA_WQX,New York State Dec Division Of Water,21NYDECA_WQX-09-GTCH-17.7_20210413T1000:CEC-00109,Sample-Routine,Water,,2021-04-13,10:00:00,EDT,,,,,,,,,,,,Routine,Routine River Network,NYSDEC,21NYDECA_WQX-2323,09-GTCH-17.7,,,,,44.5891700000,-75.3213900000,,,,,,STORET-1060245655,Not Detected,None,Perfluorooctanoic acid,Total,,,U,Accepted,,,,,,,,,,,,,,,,,,,,,,537M,USEPA,"MODIFIED, Determination of Selected Perfluorinated Alkyl Acids in Drinking Water by Solid Phase Extraction and Liquid Chromatography/Tandem Mass Spectrometry (LC/MS/MS)",,,TALBURL,2021-04-16,,https://www.waterqualitydata.us/data/providers/STORET/organizations/21NYDECA_WQX/activities/21NYDECA_WQX-09-GTCH-17.7_20210413T1000%3ACEC-00109/results/1060245655/resdetectqntlmts,Lower Quantitation Limit,1.6,ng/L,,2025-04-18T14:28:10,STORET
21NYDECA_WQX,New York State Dec Division Of Water,21NYDECA_WQX-07-ONON-1.0_20210816T0830:CEC-00147,Sample-Routine,Water,,2021-08-16,08:30:00,EDT,,,,,,,,,,,,Routine,Routine River Network,NYSDEC,21NYDECA_WQX-1672,07-ONON-1.0,,,,,43.0577800000,-76.1634500000,,,,,,STORET-1060246453,Not Detected,None,Perfluorooctanoic acid,Total,,,U,Accepted,,,,,,,,,,,,,,,,,,,,,,537M,USEPA,"MODIFIED, Determination of Selected Perfluorinated Alkyl Acids in Drinking Water by Solid Phase Extraction and Liquid Chromatography/Tandem Mass Spectrometry (LC/MS/MS)",,,TALBURL,2021-08-19,,https://www.waterqualitydata.us/data/providers/STORET/organizations/21NYDECA_WQX/activities/21NYDECA_WQX-07-ONON-1.0_20210816T0830%3ACEC-00147/results/1060246453/resdetectqntlmts,Lower Quantitation Limit,1.6,ng/L,,2025-04-18T14:28:14,STORET
21NYDECA_WQX,New York State Dec Division Of Water,21NYDECA_WQX-14-WDEL-16.2_20210817T1000:CEC-00167,Sample-Routine,Water,,2021-08-17,10:00:00,EDT,,,,,,,,,,,,Routine,Routine River Network,NYSDEC,21NYDECA_WQX-7774,14-WDEL-16.2,,,,,42.0800000000,-75.4013800000,,,,,,STORET-1060246873,Not Detected,None,Perfluorooctanoic acid,Total,,,U,Accepted,,,,,,,,,,,,,,,,,,,,,,537M,USEPA,"MODIFIED, Determination of Selected Perfluorinated Alkyl Acids in Drinking Water by Solid Phase Extraction and Liquid Chromatography/Tandem Mass Spectrometry (LC/MS/MS)",,,TALBURL,2021-08-20,,https://www.waterqualitydata.us/data/providers/STORET/organizations/21NYDECA_WQX/activities/21NYDECA_WQX-14-WDEL-16.2_20210817T1000%3ACEC-00167/results/1060246873/resdetectqntlmts,Lower Quantitation Limit,1.6,ng/L,,2025-04-18T14:28:17,STORET
21NYDECA_WQX,New York State Dec Division Of Water,21NYDECA_WQX-04-RAGA-1.4_20210816T0915:CEC-00141,Sample-Routine,Water,,2021-08-16,09:15:00,EDT,,,,,,,,,,,,Routine,Routine River Network,NYSDEC,21NYDECA_WQX-776,04-RAGA-1.4,,,,,42.7359800000,-77.8418300000,,,,,,STORET-1060246327,Not Detected,None,Perfluorooctanoic acid,Total,,,U,Accepted,,,,,,,,,,,,,,,,,,,,,,537M,USEPA,"MODIFIED, Determination of Selected Perfluorinated Alkyl Acids in Drinking Water by Solid Phase Extraction and Liquid Chromatography/Tandem Mass Spectrometry (LC/MS/MS)",,,TALBURL,2021-08-18,,https://www.waterqualitydata.us/data/providers/STORET/organizations/21NYDECA_WQX/activities/21NYDECA_WQX-04-RAGA-1.4_20210816T0915%3ACEC-00141/results/1060246327/resdetectqntlmts,Lower Quantitation Limit,1.9,ng/L,,2025-04-18T14:28:14,STORET
21NYDECA_WQX,New York State Dec Division Of Water,21NYDECA_WQX-02-CHAD-2.2_20210412T0000:CEC-00106,Sample-Routine,Water,,2021-04-12,00:00:00,EDT,,,,,,,,,,,,Routine,Routine River Network,NYSDEC,21NYDECA_WQX-458,02-CHAD-2.2,,,,,42.1124500000,-79.2030300000,,,,,,STORET-1060245592,Not Detected,None,Perfluorooctanoic acid,Total,,,U,Accepted,,,,,,,,,,,,,,,,,,,,,,537M,USEPA,"MODIFIED, Determination of Selected Perfluorinated Alkyl Acids in Drinking Water by Solid Phase Extraction and Liquid Chromatography/Tandem Mass Spectrometry (LC/MS/MS)",,,TALBURL,2021-04-16,,https://www.waterqualitydata.us/data/providers/STORET/organizations/21NYDECA_WQX/activities/21NYDECA_WQX-02-CHAD-2.2_20210412T0000%3ACEC-00106/results/1060245592/resdetectqntlmts,Lower Quantitation Limit,1.7,ng/L,,2025-04-18T14:28:10,STORET
21NYDECA_WQX,New York State Dec Division Of Water,21NYDECA_WQX-01-TONA-19.4_20210826T1530:CEC-00169,Sample-Routine,Water,,2021-08-26,15:30:00,EDT,,,,,,,,,,,,Routine,Routine River Network,NYSDEC,21NYDECA_WQX-375,01-TONA-19.4,,,,,43.0954960000,-78.6380210000,,,,,,STORET-1060246915,Not Detected,None,Perfluorooctanoic acid,Total,,,U,Accepted,,,,,,,,,,,,,,,,,,,,,,537M,USEPA,"MODIFIED, Determination of Selected Perfluorinated Alkyl Acids in Drinking Water by Solid Phase Extraction and Liquid Chromatography/Tandem Mass Spectrometry (LC/MS/MS)",,,TALBURL,2021-08-31,,https://www.waterqualitydata.us/data/providers/STORET/organizations/21NYDECA_WQX/activities/21NYDECA_WQX-01-TONA-19.4_20210826T1530%3ACEC-00169/results/1060246915/resdetectqntlmts,Lower Quantitation Limit,1.7,ng/L,,2025-04-18T14:28:17,STORET
21NYDECA_WQX,New York State Dec Division Of Water,21NYDECA_WQX-17-BLND_Tb-2.0_20210824T1015:CEC-00190,Sample-Routine,Water,,2021-08-24,10:15:00,EDT,,,,,,,,,,,,PFAS Monitoring,PFAS Monitoring,NYSDEC,21NYDECA_WQX-8359,17-BLND_Tb-2.0,,,,,41.0457200000,-73.7099010000,,,,,,STORET-1060247356,,None,Perfluorooctanoic acid,Total,8.8,ng/L,CON,Accepted,,Actual,,,,,,,,,,,,,,,,,,,,537M,USEPA,"MODIFIED, Determination of Selected Perfluorinated Alkyl Acids in Drinking Water by Solid Phase Extraction and Liquid Chromatography/Tandem Mass Spectrometry (LC/MS/MS)",,,TALBURL,2021-08-26,,https://www.waterqualitydata.us/data/providers/STORET/organizations/21NYDECA_WQX/activities/21NYDECA_WQX-17-BLND_Tb-2.0_20210824T1015%3ACEC-00190/results/1060247356/resdetectqntlmts,Lower Quantitation Limit,1.7,ng/L,,2025-04-18T14:28:20,STORET
21NYDECA_WQX,New York State Dec Division Of Water,21NYDECA_WQX-07-OSWE-5.2_20210817T0915:CEC-00148,Sample-Routine,Water,,2021-08-17,09:15:00,EDT,,,,,,,,,,,,Routine,Routine River Network,NYSDEC,21NYDECA_WQX-1681,07-OSWE-5.2,,,,,43.3980600000,-76.4716600000,,,,,,STORET-1060246474,Not Detected,None,Perfluorooctanoic acid,Total,,,U,Accepted,,,,,,,,,,,,,,,,,,,,,,537M,USEPA,"MODIFIED, Determination of Selected Perfluorinated Alkyl Acids in Drinking Water by Solid Phase Extraction and Liquid Chromatography/Tandem Mass Spectrometry (LC/MS/MS)",,,TALBURL,2021-08-20,,https://www.waterqualitydata.us/data/providers/STORET/organizations/21NYDECA_WQX/activities/21NYDECA_WQX-07-OSWE-5.2_20210817T0915%3ACEC-00148/results/1060246474/resdetectqntlmts,Lower Quantitation Limit,1.7,ng/L,,2025-04-18T14:28:14,STORET
21NYDECA_WQX,New York State Dec Division Of Water,21NYDECA_WQX-10-SABL-14.6_20210414T0830:CEC-00131,Sample-Routine,Water,,2021-04-14,08:30:00,EDT,,,,,,,,,,,,Routine,Routine River Network,NYSDEC,21NYDECA_WQX-2546,10-SABL-14.6,,,,,44.4643750000,-73.5752550000,,,,,,STORET-1060246117,Not Detected,None,Perfluorooctanoic acid,Total,,,U,Accepted,,,,,,,,,,,,,,,,,,,,,,537M,USEPA,"MODIFIED, Determination of Selected Perfluorinated Alkyl Acids in Drinking Water by Solid Phase Extraction and Liquid Chromatography/Tandem Mass Spectrometry (LC/MS/MS)",,,TALBURL,2021-04-21,,https://www.waterqualitydata.us/data/providers/STORET/organizations/21NYDECA_WQX/activities/21NYDECA_WQX-10-SABL-14.6_20210414T0830%3ACEC-00131/results/1060246117/resdetectqntlmts,Lower Quantitation Limit,1.8,ng/L,,2025-04-18T14:28:13,STORET
21NYDECA_WQX,New York State Dec Division Of Water,21NYDECA_WQX-04-GENS-2.6_20210414T1000:CEC-00123,Sample-Routine,Water,,2021-04-14,10:00:00,EDT,,,,,,,,,,,,Routine,Routine River Network,NYSDEC,21NYDECA_WQX-974,04-GENS-2.6,,,,,43.2272200000,-77.6163900000,,,,,,STORET-1060245949,Not Detected,None,Perfluorooctanoic acid,Total,,,U,Accepted,,,,,,,,,,,,,,,,,,,,,,537M,USEPA,"MODIFIED, Determination of Selected Perfluorinated Alkyl Acids in Drinking Water by Solid Phase Extraction and Liquid Chromatography/Tandem Mass Spectrometry (LC/MS/MS)",,,TALBURL,2021-04-21,,https://www.waterqualitydata.us/data/providers/STORET/organizations/21NYDECA_WQX/activities/21NYDECA_WQX-04-GENS-2.6_20210414T1000%3ACEC-00123/results/1060245949/resdetectqntlmts,Lower Quantitation Limit,1.6,ng/L,,2025-04-18T14:28:12,STORET
21NYDECA_WQX,New York State Dec Division Of Water,21NYDECA_WQX-01-TONA-19.4_20210414T1130:CEC-00128,Sample-Routine,Water,,2021-04-14,11:30:00,EDT,,,,,,,,,,,,Routine,Routine River Network,NYSDEC,21NYDECA_WQX-375,01-TONA-19.4,,,,,43.0954960000,-78.6380210000,,,,,,STORET-1060246054,Not Detected,None,Perfluorooctanoic acid,Total,,,U,Accepted,,,,,,,,,,,,,,,,,,,,,,537M,USEPA,"MODIFIED, Determination of Selected Perfluorinated Alkyl Acids in Drinking Water by Solid Phase Extraction and Liquid Chromatography/Tandem Mass Spectrometry (LC/MS/MS)",,,TALBURL,2021-04-21,,https://www.waterqualitydata.us/data/providers/STORET/organizations/21NYDECA_WQX/activities/21NYDECA_WQX-01-TONA-19.4_20210414T1130%3ACEC-00128/results/1060246054/resdetectqntlmts,Lower Quantitation Limit,1.6,ng/L,,2025-04-18T14:28:12,STORET
21NYDECA_WQX,New York State Dec Division Of Water,21NYDECA_WQX-01-NIAG-17.8_20210824T1615:CEC-00197,Sample-Routine,Water,,2021-08-24,16:15:00,EDT,,,,,,,,,,,,PFAS Monitoring,PFAS Monitoring,NYSDEC,21NYDECA_WQX-77,01-NIAG-17.8,,,,,43.0657450000,-78.9999900000,,,,,,STORET-1060247503,,None,Perfluorooctanoic acid,Total,1.7,ng/L,CON,Accepted,,Actual,,,,,,,,,,,,,,,,,,,,537M,USEPA,"MODIFIED, Determination of Selected Perfluorinated Alkyl Acids in Drinking Water by Solid Phase Extraction and Liquid Chromatography/Tandem Mass Spectrometry (LC/MS/MS)",,,TALBURL,2021-08-27,,https://www.waterqualitydata.us/data/providers/STORET/organizations/21NYDECA_WQX/activities/21NYDECA_WQX-01-NIAG-17.8_20210824T1615%3ACEC-00197/results/1060247503/resdetectqntlmts,Lower Quantitation Limit,1.6,ng/L,,2025-04-18T14:28:21,STORET
21NYDECA_WQX,New York State Dec Division Of Water,21NYDECA_WQX-12-SCHO-14.6_20210415T0945:CEC-00132,Sample-Routine,Water,,2021-04-15,09:45:00,EDT,,,,,,,,,,,,Routine,Routine River Network,NYSDEC,21NYDECA_WQX-3489,12-SCHO-14.6,,,,,42.8000000000,-74.2633400000,,,,,,STORET-1060246138,Not Detected,None,Perfluorooctanoic acid,Total,,,U,Accepted,,,,,,,,,,,,,,,,,,,,,,537M,USEPA,"MODIFIED, Determination of Selected Perfluorinated Alkyl Acids in Drinking Water by Solid Phase Extraction and Liquid Chromatography/Tandem Mass Spectrometry (LC/MS/MS)",,,TALBURL,2021-04-26,,https://www.waterqualitydata.us/data/providers/STORET/organizations/21NYDECA_WQX/activities/21NYDECA_WQX-12-SCHO-14.6_20210415T0945%3ACEC-00132/results/1060246138/resdetectqntlmts,Lower Quantitation Limit,1.6,ng/L,,2025-04-18T14:28:13,STORET
21NYDECA_WQX,New York State Dec Division Of Water,21NYDECA_WQX-01-NIAG-17.8_20210427T1400:CEC-00184,Sample-Routine,Water,,2021-04-27,14:00:00,EDT,,,,,,,,,,,,PFAS Monitoring,PFAS Monitoring,NYSDEC,21NYDECA_WQX-77,01-NIAG-17.8,,,,,43.0657450000,-78.9999900000,,,,,,STORET-1060247230,Not Detected,None,Perfluorooctanoic acid,Total,,,U,Accepted,,,,,,,,,,,,,,,,,,,,,,537M,USEPA,"MODIFIED, Determination of Selected Perfluorinated Alkyl Acids in Drinking Water by Solid Phase Extraction and Liquid Chromatography/Tandem Mass Spectrometry (LC/MS/MS)",,,TALBURL,2021-05-12,,https://www.waterqualitydata.us/data/providers/STORET/organizations/21NYDECA_WQX/activities/21NYDECA_WQX-01-NIAG-17.8_20210427T1400%3ACEC-00184/results/1060247230/resdetectqntlmts,Lower Quantitation Limit,1.6,ng/L,,2025-04-18T14:28:19,STORET
21NYDECA_WQX,New York State Dec Division Of Water,21NYDECA_WQX-04-UGNS-137.8_20210413T1130:CEC-00120,Sample-Routine,Water,,2021-04-13,11:30:00,EDT,,,,,,,,,,,,Routine,Routine River Network,NYSDEC,21NYDECA_WQX-823,04-UGNS-137.8,,,,,42.1186600000,-77.9465400000,,,,,,STORET-1060245886,Not Detected,None,Perfluorooctanoic acid,Total,,,U,Accepted,,,,,,,,,,,,,,,,,,,,,,537M,USEPA,"MODIFIED, Determination of Selected Perfluorinated Alkyl Acids in Drinking Water by Solid Phase Extraction and Liquid Chromatography/Tandem Mass Spectrometry (LC/MS/MS)",,,TALBURL,2021-04-16,,https://www.waterqualitydata.us/data/providers/STORET/organizations/21NYDECA_WQX/activities/21NYDECA_WQX-04-UGNS-137.8_20210413T1130%3ACEC-00120/results/1060245886/resdetectqntlmts,Lower Quantitation Limit,1.6,ng/L,,2025-04-18T14:28:11,STORET
21NYDECA_WQX,New York State Dec Division Of Water,21NYDECA_WQX-14-NEVR-8.9_20210414T1315:CEC-00127,Sample-Routine,Water,,2021-04-14,13:15:00,EDT,,,,,,,,,,,,Routine,Routine River Network,NYSDEC,21NYDECA_WQX-7476,14-NEVR-8.9,,,,,41.4422000000,-74.6002000000,,,,,,STORET-1060246033,Not Detected,None,Perfluorooctanoic acid,Total,,,U,Accepted,,,,,,,,,,,,,,,,,,,,,,537M,USEPA,"MODIFIED, Determination of Selected Perfluorinated Alkyl Acids in Drinking Water by Solid Phase Extraction and Liquid Chromatography/Tandem Mass Spectrometry (LC/MS/MS)",,,TALBURL,2021-04-21,,https://www.waterqualitydata.us/data/providers/STORET/organizations/21NYDECA_WQX/activities/21NYDECA_WQX-14-NEVR-8.9_20210414T1315%3ACEC-00127/results/1060246033/resdetectqntlmts,Lower Quantitation Limit,1.7,ng/L,,2025-04-18T14:28:12,STORET
21NYDECA_WQX,New York State Dec Division Of Water,21NYDECA_WQX-17-CARM-9.0_20210817T0930:CEC-00168,Sample-Routine,Water,,2021-08-17,09:30:00,EDT,,,,,,,,,,,,Routine,Routine River Network,NYSDEC,21NYDECA_WQX-8498,17-CARM-9.0,,,,,40.8300000000,-72.9069400000,,,,,,STORET-1060246894,,None,Perfluorooctanoic acid,Total,2.7,ng/L,CON,Accepted,,Actual,,,,,,,,,,,,,,,,,,,,537M,USEPA,"MODIFIED, Determination of Selected Perfluorinated Alkyl Acids in Drinking Water by Solid Phase Extraction and Liquid Chromatography/Tandem Mass Spectrometry (LC/MS/MS)",,,TALBURL,2021-08-20,,https://www.waterqualitydata.us/data/providers/STORET/organizations/21NYDECA_WQX/activities/21NYDECA_WQX-17-CARM-9.0_20210817T0930%3ACEC-00168/results/1060246894/resdetectqntlmts,Lower Quantitation Limit,2,ng/L,,2025-04-18T14:28:17,STORET
21NYDECA_WQX,New York State Dec Division Of Water,21NYDECA_WQX-09-GRAS-7.8_20210413T1215:CEC-00108,Sample-Routine,Water,,2021-04-13,12:15:00,EDT,,,,,,,,,,,,Routine,Routine River Network,NYSDEC,21NYDECA_WQX-2312,09-GRAS-7.8,,,,,44.8469330000,-75.0789520000,,,,,,STORET-1060245634,Not Detected,None,Perfluorooctanoic acid,Total,,,U,Accepted,,,,,,,,,,,,,,,,,,,,,,537M,USEPA,"MODIFIED, Determination of Selected Perfluorinated Alkyl Acids in Drinking Water by Solid Phase Extraction and Liquid Chromatography/Tandem Mass Spectrometry (LC/MS/MS)",,,TALBURL,2021-04-16,,https://www.waterqualitydata.us/data/providers/STORET/organizations/21NYDECA_WQX/activities/21NYDECA_WQX-09-GRAS-7.8_20210413T1215%3ACEC-00108/results/1060245634/resdetectqntlmts,Lower Quantitation Limit,1.6,ng/L,,2025-04-18T14:28:10,STORET
21NYDECA_WQX,New York State Dec Division Of Water,21NYDECA_WQX-10-SARA-0.3_20210817T1130:CEC-00159,Sample-Routine,Water,,2021-08-17,11:30:00,EDT,,,,,,,,,,,,Routine,Routine River Network,NYSDEC,21NYDECA_WQX-2957,10-SARA-0.3,,,,,44.6975380000,-73.4508500000,,,,,,STORET-1060246705,Not Detected,None,Perfluorooctanoic acid,Total,,,U,Accepted,,,,,,,,,,,,,,,,,,,,,,537M,USEPA,"MODIFIED, Determination of Selected Perfluorinated Alkyl Acids in Drinking Water by Solid Phase Extraction and Liquid Chromatography/Tandem Mass Spectrometry (LC/MS/MS)",,,TALBURL,2021-08-19,,https://www.waterqualitydata.us/data/providers/STORET/organizations/21NYDECA_WQX/activities/21NYDECA_WQX-10-SARA-0.3_20210817T1130%3ACEC-00159/results/1060246705/resdetectqntlmts,Lower Quantitation Limit,1.7,ng/L,,2025-04-18T14:28:16,STORET
21NYDECA_WQX,New York State Dec Division Of Water,21NYDECA_WQX-17-BRNX-5.6_20210413T1030:CEC-00116,Sample-Routine,Water,,2021-04-13,10:30:00,EDT,,,,,,,,,,,,Routine,Routine River Network,NYSDEC,21NYDECA_WQX-8366,17-BRNX-5.6,,,,,40.8800000000,-73.8686000000,,,,,,STORET-1060245802,,None,Perfluorooctanoic acid,Total,11,ng/L,CON,Accepted,,Actual,,,,,,,,,,,,,,,,,,,,537M,USEPA,"MODIFIED, Determination of Selected Perfluorinated Alkyl Acids in Drinking Water by Solid Phase Extraction and Liquid Chromatography/Tandem Mass Spectrometry (LC/MS/MS)",,,TALBURL,2021-04-16,,https://www.waterqualitydata.us/data/providers/STORET/organizations/21NYDECA_WQX/activities/21NYDECA_WQX-17-BRNX-5.6_20210413T1030%3ACEC-00116/results/1060245802/resdetectqntlmts,Lower Quantitation Limit,1.6,ng/L,,2025-04-18T14:28:11,STORET
21NYDECA_WQX,New York State Dec Division Of Water,21NYDECA_WQX-11-UHUD-267.8_20210413T1000:CEC-00117,Sample-Routine,Water,,2021-04-13,14:00:00,EDT,,,,,,,,,,,,Routine,Routine River Network,NYSDEC,21NYDECA_WQX-16216,11-UHUD-267.8,,,,,43.7008300000,-73.9825000000,,,,,,STORET-1060245823,Not Detected,None,Perfluorooctanoic acid,Total,,,U,Accepted,,,,,,,,,,,,,,,,,,,,,,537M,USEPA,"MODIFIED, Determination of Selected Perfluorinated Alkyl Acids in Drinking Water by Solid Phase Extraction and Liquid Chromatography/Tandem Mass Spectrometry (LC/MS/MS)",,,TALBURL,2021-04-16,,https://www.waterqualitydata.us/data/providers/STORET/organizations/21NYDECA_WQX/activities/21NYDECA_WQX-11-UHUD-267.8_20210413T1000%3ACEC-00117/results/1060245823/resdetectqntlmts,Lower Quantitation Limit,1.6,ng/L,,2025-04-18T14:28:11,STORET
21NYDECA_WQX,New York State Dec Division Of Water,21NYDECA_WQX-06-SUSQ-31.4_20210414T1100:CEC-00124,Sample-Routine,Water,,2021-04-14,11:00:00,EDT,,,,,,,,,,,,Routine,Routine River Network,NYSDEC,21NYDECA_WQX-1363,06-SUSQ-31.4,,,,,42.0909700000,-76.0557870000,,,,,,STORET-1060245970,Not Detected,None,Perfluorooctanoic acid,Total,,,U,Accepted,,,,,,,,,,,,,,,,,,,,,,537M,USEPA,"MODIFIED, Determination of Selected Perfluorinated Alkyl Acids in Drinking Water by Solid Phase Extraction and Liquid Chromatography/Tandem Mass Spectrometry (LC/MS/MS)",,,TALBURL,2021-04-21,,https://www.waterqualitydata.us/data/providers/STORET/organizations/21NYDECA_WQX/activities/21NYDECA_WQX-06-SUSQ-31.4_20210414T1100%3ACEC-00124/results/1060245970/resdetectqntlmts,Lower Quantitation Limit,1.6,ng/L,,2025-04-18T14:28:12,STORET
21NYDECA_WQX,New York State Dec Division Of Water,21NYDECA_WQX-10-SABL-14.6_20210818T0830:CEC-00158,Sample-Routine,Water,,2021-08-18,08:30:00,EDT,,,,,,,,,,,,Routine,Routine River Network,NYSDEC,21NYDECA_WQX-2546,10-SABL-14.6,,,,,44.4643750000,-73.5752550000,,,,,,STORET-1060246684,Not Detected,None,Perfluorooctanoic acid,Total,,,U,Accepted,,,,,,,,,,,,,,,,,,,,,,537M,USEPA,"MODIFIED, Determination of Selected Perfluorinated Alkyl Acids in Drinking Water by Solid Phase Extraction and Liquid Chromatography/Tandem Mass Spectrometry (LC/MS/MS)",,,TALBURL,2021-08-20,,https://www.waterqualitydata.us/data/providers/STORET/organizations/21NYDECA_WQX/activities/21NYDECA_WQX-10-SABL-14.6_20210818T0830%3ACEC-00158/results/1060246684/resdetectqntlmts,Lower Quantitation Limit,1.6,ng/L,,2025-04-18T14:28:15,STORET
21NYDECA_WQX,New York State Dec Division Of Water,21NYDECA_WQX-03-SALM-7.8_20210825T1300:CEC-00195,Sample-Routine,Water,,2021-08-25,13:00:00,EDT,,,,,,,,,,,,PFAS Monitoring,PFAS Monitoring,NYSDEC,21NYDECA_WQX-672,03-SALM-7.8,,,,,43.5500000000,-76.0944400000,,,,,,STORET-1060247461,Not Detected,None,Perfluorooctanoic acid,Total,,,U,Accepted,,,,,,,,,,,,,,,,,,,,,,537M,USEPA,"MODIFIED, Determination of Selected Perfluorinated Alkyl Acids in Drinking Water by Solid Phase Extraction and Liquid Chromatography/Tandem Mass Spectrometry (LC/MS/MS)",,,TALBURL,2021-08-27,,https://www.waterqualitydata.us/data/providers/STORET/organizations/21NYDECA_WQX/activities/21NYDECA_WQX-03-SALM-7.8_20210825T1300%3ACEC-00195/results/1060247461/resdetectqntlmts,Lower Quantitation Limit,1.7,ng/L,,2025-04-18T14:28:20,STORET
21NYDECA_WQX,New York State Dec Division Of Water,21NYDECA_WQX-07-OSWE-5.2_20210412T1130:CEC-00096,Sample-Routine,Water,,2021-04-12,11:30:00,EDT,,,,,,,,,,,,Routine,Routine River Network,NYSDEC,21NYDECA_WQX-1681,07-OSWE-5.2,,,,,43.3980600000,-76.4716600000,,,,,,STORET-1060245382,Not Detected,None,Perfluorooctanoic acid,Total,,,U,Accepted,,,,,,,,,,,,,,,,,,,,,,537M,USEPA,"MODIFIED, Determination of Selected Perfluorinated Alkyl Acids in Drinking Water by Solid Phase Extraction and Liquid Chromatography/Tandem Mass Spectrometry (LC/MS/MS)",,,TALBURL,2021-04-19,,https://www.waterqualitydata.us/data/providers/STORET/organizations/21NYDECA_WQX/activities/21NYDECA_WQX-07-OSWE-5.2_20210412T1130%3ACEC-00096/results/1060245382/resdetectqntlmts,Lower Quantitation Limit,1.6,ng/L,,2025-04-18T14:28:09,STORET
21NYDECA_WQX,New York State Dec Division Of Water,21NYDECA_WQX-03-SALM-7.8_20210420T1415:CEC-00175,Sample-Routine,Water,,2021-04-20,14:15:00,EDT,,,,,,,,,,,,PFAS Monitoring,PFAS Monitoring,NYSDEC,21NYDECA_WQX-672,03-SALM-7.8,,,,,43.5500000000,-76.0944400000,,,,,,STORET-1060247041,Not Detected,None,Perfluorooctanoic acid,Total,,,U,Accepted,,,,,,,,,,,,,,,,,,,,,,537M,USEPA,"MODIFIED, Determination of Selected Perfluorinated Alkyl Acids in Drinking Water by Solid Phase Extraction and Liquid Chromatography/Tandem Mass Spectrometry (LC/MS/MS)",,,TALBURL,2021-04-29,,https://www.waterqualitydata.us/data/providers/STORET/organizations/21NYDECA_WQX/activities/21NYDECA_WQX-03-SALM-7.8_20210420T1415%3ACEC-00175/results/1060247041/resdetectqntlmts,Lower Quantitation Limit,1.7,ng/L,,2025-04-18T14:28:18,STORET
21NYDECA_WQX,New York State Dec Division Of Water,21NYDECA_WQX-05-CHEM-5.4_20210816T0930:CEC-00136,Sample-Routine,Water,,2021-08-16,09:30:00,EDT,,,,,,,,,,,,Routine,Routine River Network,NYSDEC,21NYDECA_WQX-1295,05-CHEM-5.4,,,,,42.0027800000,-76.6349900000,,,,,,STORET-1060246222,Not Detected,None,Perfluorooctanoic acid,Total,,,U,Accepted,,,,,,,,,,,,,,,,,,,,,,537M,USEPA,"MODIFIED, Determination of Selected Perfluorinated Alkyl Acids in Drinking Water by Solid Phase Extraction and Liquid Chromatography/Tandem Mass Spectrometry (LC/MS/MS)",,,TALBURL,2021-08-18,,https://www.waterqualitydata.us/data/providers/STORET/organizations/21NYDECA_WQX/activities/21NYDECA_WQX-05-CHEM-5.4_20210816T0930%3ACEC-00136/results/1060246222/resdetectqntlmts,Lower Quantitation Limit,1.6,ng/L,,2025-04-18T14:28:13,STORET
21NYDECA_WQX,New York State Dec Division Of Water,21NYDECA_WQX-09-LSAL-7.6_20210817T1130:CEC-00156,Sample-Routine,Water,,2021-08-17,11:30:00,EDT,,,,,,,,,,,,Routine,Routine River Network,NYSDEC,21NYDECA_WQX-2202,09-LSAL-7.6,,,,,44.9398510000,-74.5569440000,,,,,,STORET-1060246642,Not Detected,None,Perfluorooctanoic acid,Total,,,U,Accepted,,,,,,,,,,,,,,,,,,,,,,537M,USEPA,"MODIFIED, Determination of Selected Perfluorinated Alkyl Acids in Drinking Water by Solid Phase Extraction and Liquid Chromatography/Tandem Mass Spectrometry (LC/MS/MS)",,,TALBURL,2021-08-19,,https://www.waterqualitydata.us/data/providers/STORET/organizations/21NYDECA_WQX/activities/21NYDECA_WQX-09-LSAL-7.6_20210817T1130%3ACEC-00156/results/1060246642/resdetectqntlmts,Lower Quantitation Limit,1.6,ng/L,,2025-04-18T14:28:15,STORET
21NYDECA_WQX,New York State Dec Division Of Water,21NYDECA_WQX-17-KENE-0.3_20210421T1030:CEC-00182,Sample-Routine,Water,,2021-04-21,10:30:00,EDT,,,,,,,,,,,,PFAS Monitoring,PFAS Monitoring,NYSDEC,21NYDECA_WQX-8521,17-KENE-0.3,,,,,41.0804960000,-73.7137590000,,,,,,STORET-1060247191,,None,Perfluorooctanoic acid,Total,370,ng/L,CON,Accepted,,Actual,,,,,,,,,,,,,,,,,,,,537M,USEPA,"MODIFIED, Determination of Selected Perfluorinated Alkyl Acids in Drinking Water by Solid Phase Extraction and Liquid Chromatography/Tandem Mass Spectrometry (LC/MS/MS)",,,TALBURL,2021-05-05,,https://www.waterqualitydata.us/data/providers/STORET/organizations/21NYDECA_WQX/activities/21NYDECA_WQX-17-KENE-0.3_20210421T1030%3ACEC-00182/results/1060247191/resdetectqntlmts,Lower Quantitation Limit,16,ng/L,,2025-04-18T14:28:19,STORET
21NYDECA_WQX,New York State Dec Division Of Water,21NYDECA_WQX-11-HOOS-20.8_20210413T1000:CEC-00115,Sample-Routine,Water,,2021-04-13,10:00:00,EDT,,,,,,,,,,,,Routine,Routine River Network,NYSDEC,21NYDECA_WQX-2923,11-HOOS-20.8,,,,,42.9513900000,-73.3911100000,,,,,,STORET-1060245781,,None,Perfluorooctanoic acid,Total,8.6,ng/L,CON,Accepted,,Actual,,,,,,,,,,,,,,,,,,,,537M,USEPA,"MODIFIED, Determination of Selected Perfluorinated Alkyl Acids in Drinking Water by Solid Phase Extraction and Liquid Chromatography/Tandem Mass Spectrometry (LC/MS/MS)",,,TALBURL,2021-04-20,,https://www.waterqualitydata.us/data/providers/STORET/organizations/21NYDECA_WQX/activities/21NYDECA_WQX-11-HOOS-20.8_20210413T1000%3ACEC-00115/results/1060245781/resdetectqntlmts,Lower Quantitation Limit,1.7,ng/L,,2025-04-18T14:28:11,STORET
21NYDECA_WQX,New York State Dec Division Of Water,21NYDECA_WQX-03-SALM-6.0_20210420T1500:CEC-00176,Sample-Routine,Water,,2021-04-20,15:00:00,EDT,,,,,,,,,,,,PFAS Monitoring,PFAS Monitoring,NYSDEC,21NYDECA_WQX-671,03-SALM-6.0,,,,,43.5612220000,-76.1181390000,,,,,,STORET-1060247062,Not Detected,None,Perfluorooctanoic acid,Total,,,U,Accepted,,,,,,,,,,,,,,,,,,,,,,537M,USEPA,"MODIFIED, Determination of Selected Perfluorinated Alkyl Acids in Drinking Water by Solid Phase Extraction and Liquid Chromatography/Tandem Mass Spectrometry (LC/MS/MS)",,,TALBURL,2021-04-29,,https://www.waterqualitydata.us/data/providers/STORET/organizations/21NYDECA_WQX/activities/21NYDECA_WQX-03-SALM-6.0_20210420T1500%3ACEC-00176/results/1060247062/resdetectqntlmts,Lower Quantitation Limit,1.7,ng/L,,2025-04-18T14:28:18,STORET
21NYDECA_WQX,New York State Dec Division Of Water,21NYDECA_WQX-11-UHUD-5.5_20210426T1030:CEC-00178,Sample-Routine,Water,,2021-04-26,10:30:00,EDT,,,,,,,,,,,,PFAS Monitoring,PFAS Monitoring,NYSDEC,21NYDECA_WQX-3194,11-UHUD-5.5,,,,,42.8227400000,-73.6613700000,,,,,,STORET-1060247104,,None,Perfluorooctanoic acid,Total,1.9,ng/L,CON,Accepted,,Actual,,,,,,,,,,,,,,,,,,,,537M,USEPA,"MODIFIED, Determination of Selected Perfluorinated Alkyl Acids in Drinking Water by Solid Phase Extraction and Liquid Chromatography/Tandem Mass Spectrometry (LC/MS/MS)",,,TALBURL,2021-05-06,,https://www.waterqualitydata.us/data/providers/STORET/organizations/21NYDECA_WQX/activities/21NYDECA_WQX-11-UHUD-5.5_20210426T1030%3ACEC-00178/results/1060247104/resdetectqntlmts,Lower Quantitation Limit,1.6,ng/L,,2025-04-18T14:28:18,STORET
21NYDECA_WQX,New York State Dec Division Of Water,21NYDECA_WQX-12-MOHK-1.5_20210415T1115:CEC-00133,Sample-Routine,Water,,2021-04-15,11:15:00,EDT,,,,,,,,,,,,Routine,Routine River Network,NYSDEC,21NYDECA_WQX-3301,12-MOHK-1.5,,,,,42.7783300000,-73.6966700000,,,,,,STORET-1060246159,Not Detected,None,Perfluorooctanoic acid,Total,,,U,Accepted,,,,,,,,,,,,,,,,,,,,,,537M,USEPA,"MODIFIED, Determination of Selected Perfluorinated Alkyl Acids in Drinking Water by Solid Phase Extraction and Liquid Chromatography/Tandem Mass Spectrometry (LC/MS/MS)",,,TALBURL,2021-04-28,,https://www.waterqualitydata.us/data/providers/STORET/organizations/21NYDECA_WQX/activities/21NYDECA_WQX-12-MOHK-1.5_20210415T1115%3ACEC-00133/results/1060246159/resdetectqntlmts,Lower Quantitation Limit,1.7,ng/L,,2025-04-18T14:28:13,STORET
21NYDECA_WQX,New York State Dec Division Of Water,21NYDECA_WQX-11-UHUD-5.5_20210825T1100:CEC-00204,Sample-Routine,Water,,2021-08-25,11:00:00,EDT,,,,,,,,,,,,PFAS Monitoring,PFAS Monitoring,NYSDEC,21NYDECA_WQX-3194,11-UHUD-5.5,,,,,42.8227400000,-73.6613700000,,,,,,STORET-1060247650,,None,Perfluorooctanoic acid,Total,3,ng/L,CON,Accepted,,Actual,,,,,,,,,,,,,,,,,,,,537M,USEPA,"MODIFIED, Determination of Selected Perfluorinated Alkyl Acids in Drinking Water by Solid Phase Extraction and Liquid Chromatography/Tandem Mass Spectrometry (LC/MS/MS)",,,TALBURL,2021-08-27,,https://www.waterqualitydata.us/data/providers/STORET/organizations/21NYDECA_WQX/activities/21NYDECA_WQX-11-UHUD-5.5_20210825T1100%3ACEC-00204/results/1060247650/resdetectqntlmts,Lower Quantitation Limit,1.7,ng/L,,2025-04-18T14:28:21,STORET
21NYDECA_WQX,New York State Dec Division Of Water,21NYDECA_WQX-04-RAGA-1.4_20210413T0915:CEC-00114,Sample-Routine,Water,,2021-04-13,09:15:00,EDT,,,,,,,,,,,,Routine,Routine River Network,NYSDEC,21NYDECA_WQX-776,04-RAGA-1.4,,,,,42.7359800000,-77.8418300000,,,,,,STORET-1060245760,Not Detected,None,Perfluorooctanoic acid,Total,,,U,Accepted,,,,,,,,,,,,,,,,,,,,,,537M,USEPA,"MODIFIED, Determination of Selected Perfluorinated Alkyl Acids in Drinking Water by Solid Phase Extraction and Liquid Chromatography/Tandem Mass Spectrometry (LC/MS/MS)",,,TALBURL,2021-04-20,,https://www.waterqualitydata.us/data/providers/STORET/organizations/21NYDECA_WQX/activities/21NYDECA_WQX-04-RAGA-1.4_20210413T0915%3ACEC-00114/results/1060245760/resdetectqntlmts,Lower Quantitation Limit,1.7,ng/L,,2025-04-18T14:28:11,STORET
21NYDECA_WQX,New York State Dec Division Of Water,21NYDECA_WQX-02-CHAD-2.2_20210816T0000:CEC-00143,Sample-Routine,Water,,2021-08-16,00:00:00,EDT,,,,,,,,,,,,Routine,Routine River Network,NYSDEC,21NYDECA_WQX-458,02-CHAD-2.2,,,,,42.1124500000,-79.2030300000,,,,,,STORET-1060246369,,None,Perfluorooctanoic acid,Total,2,ng/L,CON,Accepted,,Actual,,,,,,,,,,,,,,,,,,,,537M,USEPA,"MODIFIED, Determination of Selected Perfluorinated Alkyl Acids in Drinking Water by Solid Phase Extraction and Liquid Chromatography/Tandem Mass Spectrometry (LC/MS/MS)",,,TALBURL,2021-08-18,,https://www.waterqualitydata.us/data/providers/STORET/organizations/21NYDECA_WQX/activities/21NYDECA_WQX-02-CHAD-2.2_20210816T0000%3ACEC-00143/results/1060246369/resdetectqntlmts,Lower Quantitation Limit,1.6,ng/L,,2025-04-18T14:28:14,STORET
21NYDECA_WQX,New York State Dec Division Of Water,21NYDECA_WQX-10-SARA-0.3_20210413T1145:CEC-00112,Sample-Routine,Water,,2021-04-13,11:45:00,EDT,,,,,,,,,,,,Routine,Routine River Network,NYSDEC,21NYDECA_WQX-2957,10-SARA-0.3,,,,,44.6975380000,-73.4508500000,,,,,,STORET-1060245718,Not Detected,None,Perfluorooctanoic acid,Total,,,U,Accepted,,,,,,,,,,,,,,,,,,,,,,537M,USEPA,"MODIFIED, Determination of Selected Perfluorinated Alkyl Acids in Drinking Water by Solid Phase Extraction and Liquid Chromatography/Tandem Mass Spectrometry (LC/MS/MS)",,,TALBURL,2021-04-20,,https://www.waterqualitydata.us/data/providers/STORET/organizations/21NYDECA_WQX/activities/21NYDECA_WQX-10-SARA-0.3_20210413T1145%3ACEC-00112/results/1060245718/resdetectqntlmts,Lower Quantitation Limit,1.6,ng/L,,2025-04-18T14:28:11,STORET
21NYDECA_WQX,New York State Dec Division Of Water,21NYDECA_WQX-04-UGNS-137.8_20210817T1130:CEC-00152,Sample-Routine,Water,,2021-08-17,11:30:00,EDT,,,,,,,,,,,,Routine,Routine River Network,NYSDEC,21NYDECA_WQX-823,04-UGNS-137.8,,,,,42.1186600000,-77.9465400000,,,,,,STORET-1060246558,Not Detected,None,Perfluorooctanoic acid,Total,,,U,Accepted,,,,,,,,,,,,,,,,,,,,,,537M,USEPA,"MODIFIED, Determination of Selected Perfluorinated Alkyl Acids in Drinking Water by Solid Phase Extraction and Liquid Chromatography/Tandem Mass Spectrometry (LC/MS/MS)",,,TALBURL,2021-08-19,,https://www.waterqualitydata.us/data/providers/STORET/organizations/21NYDECA_WQX/activities/21NYDECA_WQX-04-UGNS-137.8_20210817T1130%3ACEC-00152/results/1060246558/resdetectqntlmts,Lower Quantitation Limit,1.6,ng/L,,2025-04-18T14:28:15,STORET
21NYDECA_WQX,New York State Dec Division Of Water,21NYDECA_WQX-17-CARM-9.0_20210412T1100:CEC-00107,Sample-Routine,Water,,2021-04-12,11:00:00,EDT,,,,,,,,,,,,Routine,Routine River Network,NYSDEC,21NYDECA_WQX-8498,17-CARM-9.0,,,,,40.8300000000,-72.9069400000,,,,,,STORET-1060245613,,None,Perfluorooctanoic acid,Total,2.4,ng/L,CON,Accepted,,Actual,,,,,,,,,,,,,,,,,,,,537M,USEPA,"MODIFIED, Determination of Selected Perfluorinated Alkyl Acids in Drinking Water by Solid Phase Extraction and Liquid Chromatography/Tandem Mass Spectrometry (LC/MS/MS)",,,TALBURL,2021-04-16,,https://www.waterqualitydata.us/data/providers/STORET/organizations/21NYDECA_WQX/activities/21NYDECA_WQX-17-CARM-9.0_20210412T1100%3ACEC-00107/results/1060245613/resdetectqntlmts,Lower Quantitation Limit,1.6,ng/L,,2025-04-18T14:28:10,STORET
21NYDECA_WQX,New York State Dec Division Of Water,21NYDECA_WQX-03-SALM-6.0_20210825T1330:CEC-00196,Sample-Routine,Water,,2021-08-25,13:30:00,EDT,,,,,,,,,,,,PFAS Monitoring,PFAS Monitoring,NYSDEC,21NYDECA_WQX-671,03-SALM-6.0,,,,,43.5612220000,-76.1181390000,,,,,,STORET-1060247482,Not Detected,None,Perfluorooctanoic acid,Total,,,U,Accepted,,,,,,,,,,,,,,,,,,,,,,537M,USEPA,"MODIFIED, Determination of Selected Perfluorinated Alkyl Acids in Drinking Water by Solid Phase Extraction and Liquid Chromatography/Tandem Mass Spectrometry (LC/MS/MS)",,,TALBURL,2021-08-27,,https://www.waterqualitydata.us/data/providers/STORET/organizations/21NYDECA_WQX/activities/21NYDECA_WQX-03-SALM-6.0_20210825T1330%3ACEC-00196/results/1060247482/resdetectqntlmts,Lower Quantitation Limit,1.9,ng/L,,2025-04-18T14:28:20,STORET
21NYDECA_WQX,New York State Dec Division Of Water,21NYDECA_WQX-14-NEVR-8.9_20210817T1200:CEC-00161,Sample-Routine,Water,,2021-08-17,12:00:00,EDT,,,,,,,,,,,,Routine,Routine River Network,NYSDEC,21NYDECA_WQX-7476,14-NEVR-8.9,,,,,41.4422000000,-74.6002000000,,,,,,STORET-1060246747,Not Detected,None,Perfluorooctanoic acid,Total,,,U,Accepted,,,,,,,,,,,,,,,,,,,,,,537M,USEPA,"MODIFIED, Determination of Selected Perfluorinated Alkyl Acids in Drinking Water by Solid Phase Extraction and Liquid Chromatography/Tandem Mass Spectrometry (LC/MS/MS)",,,TALBURL,2021-08-19,,https://www.waterqualitydata.us/data/providers/STORET/organizations/21NYDECA_WQX/activities/21NYDECA_WQX-14-NEVR-8.9_20210817T1200%3ACEC-00161/results/1060246747/resdetectqntlmts,Lower Quantitation Limit,1.7,ng/L,,2025-04-18T14:28:16,STORET
21NYDECA_WQX,New York State Dec Division Of Water,21NYDECA_WQX-01-NIAG-3.4_20210427T1145:CEC-00187,Sample-Routine,Water,,2021-04-27,11:45:00,EDT,,,,,,,,,,,,PFAS Monitoring,PFAS Monitoring,NYSDEC,21NYDECA_WQX-84,01-NIAG-3.4,,,,,43.2143370000,-79.0532060000,,,,,,STORET-1060247293,Not Detected,None,Perfluorooctanoic acid,Total,,,U,Accepted,,,,,,,,,,,,,,,,,,,,,,537M,USEPA,"MODIFIED, Determination of Selected Perfluorinated Alkyl Acids in Drinking Water by Solid Phase Extraction and Liquid Chromatography/Tandem Mass Spectrometry (LC/MS/MS)",,,TALBURL,2021-05-12,,https://www.waterqualitydata.us/data/providers/STORET/organizations/21NYDECA_WQX/activities/21NYDECA_WQX-01-NIAG-3.4_20210427T1145%3ACEC-00187/results/1060247293/resdetectqntlmts,Lower Quantitation Limit,1.6,ng/L,,2025-04-18T14:28:19,STORET
21NYDECA_WQX,New York State Dec Division Of Water,21NYDECA_WQX-11-UHUD-4.5_20210825T1130:CEC-00203,Sample-Routine,Water,,2021-08-25,11:30:00,EDT,,,,,,,,,,,,PFAS Monitoring,PFAS Monitoring,NYSDEC,21NYDECA_WQX-3191,11-UHUD-4.5,,,,,42.8091220000,-73.6583080000,,,,,,STORET-1060247629,,None,Perfluorooctanoic acid,Total,3.6,ng/L,CON,Accepted,,Actual,,,,,,,,,,,,,,,,,,,,537M,USEPA,"MODIFIED, Determination of Selected Perfluorinated Alkyl Acids in Drinking Water by Solid Phase Extraction and Liquid Chromatography/Tandem Mass Spectrometry (LC/MS/MS)",,,TALBURL,2021-08-27,,https://www.waterqualitydata.us/data/providers/STORET/organizations/21NYDECA_WQX/activities/21NYDECA_WQX-11-UHUD-4.5_20210825T1130%3ACEC-00203/results/1060247629/resdetectqntlmts,Lower Quantitation Limit,1.6,ng/L,,2025-04-18T14:28:21,STORET
21NYDECA_WQX,New York State Dec Division Of Water,21NYDECA_WQX-12-MOHK-1.5_20210818T1100:CEC-00155,Sample-Routine,Water,,2021-08-18,11:00:00,EDT,,,,,,,,,,,,Routine,Routine River Network,NYSDEC,21NYDECA_WQX-3301,12-MOHK-1.5,,,,,42.7783300000,-73.6966700000,,,,,,STORET-1060246621,Not Detected,None,Perfluorooctanoic acid,Total,,,U,Accepted,,,,,,,,,,,,,,,,,,,,,,537M,USEPA,"MODIFIED, Determination of Selected Perfluorinated Alkyl Acids in Drinking Water by Solid Phase Extraction and Liquid Chromatography/Tandem Mass Spectrometry (LC/MS/MS)",,,TALBURL,2021-08-20,,https://www.waterqualitydata.us/data/providers/STORET/organizations/21NYDECA_WQX/activities/21NYDECA_WQX-12-MOHK-1.5_20210818T1100%3ACEC-00155/results/1060246621/resdetectqntlmts,Lower Quantitation Limit,1.6,ng/L,,2025-04-18T14:28:15,STORET
21NYDECA_WQX,New York State Dec Division Of Water,21NYDECA_WQX-17-BRNX-5.6_20210826T0930:CEC-00172,Sample-Routine,Water,,2021-08-26,13:30:00,EDT,,,,,,,,,,,,Routine,Routine River Network,NYSDEC,21NYDECA_WQX-8366,17-BRNX-5.6,,,,,40.8800000000,-73.8686000000,,,,,,STORET-1060246978,,None,Perfluorooctanoic acid,Total,16,ng/L,CON,Accepted,,Actual,,,,,,,,,,,,,,,,,,,,537M,USEPA,"MODIFIED, Determination of Selected Perfluorinated Alkyl Acids in Drinking Water by Solid Phase Extraction and Liquid Chromatography/Tandem Mass Spectrometry (LC/MS/MS)",,,TALBURL,2021-09-01,,https://www.waterqualitydata.us/data/providers/STORET/organizations/21NYDECA_WQX/activities/21NYDECA_WQX-17-BRNX-5.6_20210826T0930%3ACEC-00172/results/1060246978/resdetectqntlmts,Lower Quantitation Limit,1.6,ng/L,,2025-04-18T14:28:17,STORET
21NYDECA_WQX,New York State Dec Division Of Water,21NYDECA_WQX-03-LONT_T63-1.3_20210420T1130:CEC-00174,Sample-Routine,Water,,2021-04-20,11:30:00,EDT,,,,,,,,,,,,PFAS Monitoring,PFAS Monitoring,NYSDEC,21NYDECA_WQX-602,03-LONT_T63-1.3,,,,,43.4865610000,-76.4490000000,,,,,,STORET-1060247020,Not Detected,None,Perfluorooctanoic acid,Total,,,U,Accepted,,,,,,,,,,,,,,,,,,,,,,537M,USEPA,"MODIFIED, Determination of Selected Perfluorinated Alkyl Acids in Drinking Water by Solid Phase Extraction and Liquid Chromatography/Tandem Mass Spectrometry (LC/MS/MS)",,,TALBURL,2021-04-29,,https://www.waterqualitydata.us/data/providers/STORET/organizations/21NYDECA_WQX/activities/21NYDECA_WQX-03-LONT_T63-1.3_20210420T1130%3ACEC-00174/results/1060247020/resdetectqntlmts,Lower Quantitation Limit,1.7,ng/L,,2025-04-18T14:28:17,STORET
21NYDECA_WQX,New York State Dec Division Of Water,21NYDECA_WQX-17-KENE-0.3_20210824T1100:CEC-00191,Sample-Routine,Water,,2021-08-24,11:00:00,EDT,,,,,,,,,,,,PFAS Monitoring,PFAS Monitoring,NYSDEC,21NYDECA_WQX-8521,17-KENE-0.3,,,,,41.0804960000,-73.7137590000,,,,,,STORET-1060247378,,None,Perfluorooctanoic acid,Total,320,ng/L,CON,Accepted,,Actual,,,,,,,,,,,,,,,,,,,,537M,USEPA,"MODIFIED, Determination of Selected Perfluorinated Alkyl Acids in Drinking Water by Solid Phase Extraction and Liquid Chromatography/Tandem Mass Spectrometry (LC/MS/MS)",,,TALBURL,2021-08-31,,https://www.waterqualitydata.us/data/providers/STORET/organizations/21NYDECA_WQX/activities/21NYDECA_WQX-17-KENE-0.3_20210824T1100%3ACEC-00191/results/1060247378/resdetectqntlmts,Lower Quantitation Limit,1.7,ng/L,,2025-04-18T14:28:20,STORET
21NYDECA_WQX,New York State Dec Division Of Water,21NYDECA_WQX-03-EMIL-5.1_20210826T1000:CEC-00170,Sample-Routine,Water,,2021-08-26,10:00:00,EDT,,,,,,,,,,,,Routine,Routine River Network,NYSDEC,21NYDECA_WQX-728,03-EMIL-5.1,,,,,43.2778500000,-78.7118500000,,,,,,STORET-1060246936,,None,Perfluorooctanoic acid,Total,5,ng/L,CON,Accepted,,Actual,,,,,,,,,,,,,,,,,,,,537M,USEPA,"MODIFIED, Determination of Selected Perfluorinated Alkyl Acids in Drinking Water by Solid Phase Extraction and Liquid Chromatography/Tandem Mass Spectrometry (LC/MS/MS)",,,TALBURL,2021-09-01,,https://www.waterqualitydata.us/data/providers/STORET/organizations/21NYDECA_WQX/activities/21NYDECA_WQX-03-EMIL-5.1_20210826T1000%3ACEC-00170/results/1060246936/resdetectqntlmts,Lower Quantitation Limit,1.6,ng/L,,2025-04-18T14:28:17,STORET
21NYDECA_WQX,New York State Dec Division Of Water,21NYDECA_WQX-03-NRUP-3.1_20210816T1130:CEC-00140,Sample-Routine,Water,,2021-08-16,11:30:00,EDT,,,,,,,,,,,,Routine,Routine River Network,NYSDEC,21NYDECA_WQX-634,03-NRUP-3.1,,,,,43.2540000000,-77.7420000000,,,,,,STORET-1060246306,,None,Perfluorooctanoic acid,Total,2.2,ng/L,CON,Accepted,,Actual,,,,,,,,,,,,,,,,,,,,537M,USEPA,"MODIFIED, Determination of Selected Perfluorinated Alkyl Acids in Drinking Water by Solid Phase Extraction and Liquid Chromatography/Tandem Mass Spectrometry (LC/MS/MS)",,,TALBURL,2021-08-18,,https://www.waterqualitydata.us/data/providers/STORET/organizations/21NYDECA_WQX/activities/21NYDECA_WQX-03-NRUP-3.1_20210816T1130%3ACEC-00140/results/1060246306/resdetectqntlmts,Lower Quantitation Limit,1.7,ng/L,,2025-04-18T14:28:14,STORET
21NYDECA_WQX,New York State Dec Division Of Water,21NYDECA_WQX-10-BOQT-2.6_20210414T1000:CEC-00130,Sample-Routine,Water,,2021-04-14,10:00:00,EDT,,,,,,,,,,,,Routine,Routine River Network,NYSDEC,21NYDECA_WQX-2676,10-BOQT-2.6,,,,,44.3638900000,-73.3908810000,,,,,,STORET-1060246096,Not Detected,None,Perfluorooctanoic acid,Total,,,U,Accepted,,,,,,,,,,,,,,,,,,,,,,537M,USEPA,"MODIFIED, Determination of Selected Perfluorinated Alkyl Acids in Drinking Water by Solid Phase Extraction and Liquid Chromatography/Tandem Mass Spectrometry (LC/MS/MS)",,,TALBURL,2021-04-21,,https://www.waterqualitydata.us/data/providers/STORET/organizations/21NYDECA_WQX/activities/21NYDECA_WQX-10-BOQT-2.6_20210414T1000%3ACEC-00130/results/1060246096/resdetectqntlmts,Lower Quantitation Limit,1.6,ng/L,,2025-04-18T14:28:13,STORET
21NYDECA_WQX,New York State Dec Division Of Water,21NYDECA_WQX-12-SCHO-14.6_20210819T1000:CEC-00166,Sample-Routine,Water,,2021-08-19,10:00:00,EDT,,,,,,,,,,,,Routine,Routine River Network,NYSDEC,21NYDECA_WQX-3489,12-SCHO-14.6,,,,,42.8000000000,-74.2633400000,,,,,,STORET-1060246852,Not Detected,None,Perfluorooctanoic acid,Total,,,U,Accepted,,,,,,,,,,,,,,,,,,,,,,537M,USEPA,"MODIFIED, Determination of Selected Perfluorinated Alkyl Acids in Drinking Water by Solid Phase Extraction and Liquid Chromatography/Tandem Mass Spectrometry (LC/MS/MS)",,,TALBURL,2021-08-23,,https://www.waterqualitydata.us/data/providers/STORET/organizations/21NYDECA_WQX/activities/21NYDECA_WQX-12-SCHO-14.6_20210819T1000%3ACEC-00166/results/1060246852/resdetectqntlmts,Lower Quantitation Limit,1.6,ng/L,,2025-04-18T14:28:17,STORET
21NYDECA_WQX,New York State Dec Division Of Water,21NYDECA_WQX-13-ROND-9.2_20210412T1330:CEC-00098,Sample-Routine,Water,,2021-04-12,13:30:00,EDT,,,,,,,,,,,,Routine,Routine River Network,NYSDEC,21NYDECA_WQX-4259,13-ROND-9.2,,,,,41.8461780000,-74.0742820000,,,,,,STORET-1060245424,Not Detected,None,Perfluorooctanoic acid,Total,,,U,Accepted,,,,,,,,,,,,,,,,,,,,,,537M,USEPA,"MODIFIED, Determination of Selected Perfluorinated Alkyl Acids in Drinking Water by Solid Phase Extraction and Liquid Chromatography/Tandem Mass Spectrometry (LC/MS/MS)",,,TALBURL,2021-04-15,,https://www.waterqualitydata.us/data/providers/STORET/organizations/21NYDECA_WQX/activities/21NYDECA_WQX-13-ROND-9.2_20210412T1330%3ACEC-00098/results/1060245424/resdetectqntlmts,Lower Quantitation Limit,1.7,ng/L,,2025-04-18T14:28:09,STORET
21NYDECA_WQX,New York State Dec Division Of Water,21NYDECA_WQX-11-UHUD-43.1_20210413T1230:CEC-00118,Sample-Routine,Water,,2021-04-13,12:30:00,EDT,,,,,,,,,,,,Routine,Routine River Network,NYSDEC,21NYDECA_WQX-3192,11-UHUD-43.1,,,,,43.2965500000,-73.5904900000,,,,,,STORET-1060245844,Not Detected,None,Perfluorooctanoic acid,Total,,,U,Accepted,,,,,,,,,,,,,,,,,,,,,,537M,USEPA,"MODIFIED, Determination of Selected Perfluorinated Alkyl Acids in Drinking Water by Solid Phase Extraction and Liquid Chromatography/Tandem Mass Spectrometry (LC/MS/MS)",,,TALBURL,2021-04-16,,https://www.waterqualitydata.us/data/providers/STORET/organizations/21NYDECA_WQX/activities/21NYDECA_WQX-11-UHUD-43.1_20210413T1230%3ACEC-00118/results/1060245844/resdetectqntlmts,Lower Quantitation Limit,1.6,ng/L,,2025-04-18T14:28:11,STORET
21NYDECA_WQX,New York State Dec Division Of Water,21NYDECA_WQX-13-ROND-9.2_20210817T1115:CEC-00162,Sample-Routine,Water,,2021-08-17,11:15:00,EDT,,,,,,,,,,,,Routine,Routine River Network,NYSDEC,21NYDECA_WQX-4259,13-ROND-9.2,,,,,41.8461780000,-74.0742820000,,,,,,STORET-1060246768,Not Detected,None,Perfluorooctanoic acid,Total,,,U,Accepted,,,,,,,,,,,,,,,,,,,,,,537M,USEPA,"MODIFIED, Determination of Selected Perfluorinated Alkyl Acids in Drinking Water by Solid Phase Extraction and Liquid Chromatography/Tandem Mass Spectrometry (LC/MS/MS)",,,TALBURL,2021-08-20,,https://www.waterqualitydata.us/data/providers/STORET/organizations/21NYDECA_WQX/activities/21NYDECA_WQX-13-ROND-9.2_20210817T1115%3ACEC-00162/results/1060246768/resdetectqntlmts,Lower Quantitation Limit,1.6,ng/L,,2025-04-18T14:28:16,STORET
21NYDECA_WQX,New York State Dec Division Of Water,21NYDECA_WQX-01-NIAG-3.4_20210824T1400:CEC-00200,Sample-Routine,Water,,2021-08-24,14:00:00,EDT,,,,,,,,,,,,PFAS Monitoring,PFAS Monitoring,NYSDEC,21NYDECA_WQX-84,01-NIAG-3.4,,,,,43.2143370000,-79.0532060000,,,,,,STORET-1060247566,Not Detected,None,Perfluorooctanoic acid,Total,,,U,Accepted,,,,,,,,,,,,,,,,,,,,,,537M,USEPA,"MODIFIED, Determination of Selected Perfluorinated Alkyl Acids in Drinking Water by Solid Phase Extraction and Liquid Chromatography/Tandem Mass Spectrometry (LC/MS/MS)",,,TALBURL,2021-08-27,,https://www.waterqualitydata.us/data/providers/STORET/organizations/21NYDECA_WQX/activities/21NYDECA_WQX-01-NIAG-3.4_20210824T1400%3ACEC-00200/results/1060247566/resdetectqntlmts,Lower Quantitation Limit,1.6,ng/L,,2025-04-18T14:28:21,STORET
21NYDECA_WQX,New York State Dec Division Of Water,21NYDECA_WQX-17-BLND_Tb-2.0_20210421T0945:CEC-00181,Sample-Routine,Water,,2021-04-21,09:45:00,EDT,,,,,,,,,,,,PFAS Monitoring,PFAS Monitoring,NYSDEC,21NYDECA_WQX-8359,17-BLND_Tb-2.0,,,,,41.0457200000,-73.7099010000,,,,,,STORET-1060247167,,None,Perfluorooctanoic acid,Total,8.5,ng/L,CON,Accepted,,Actual,,,,,,,,,,,,,,,,,,,,537M,USEPA,"MODIFIED, Determination of Selected Perfluorinated Alkyl Acids in Drinking Water by Solid Phase Extraction and Liquid Chromatography/Tandem Mass Spectrometry (LC/MS/MS)",,,TALBURL,2021-05-04,,https://www.waterqualitydata.us/data/providers/STORET/organizations/21NYDECA_WQX/activities/21NYDECA_WQX-17-BLND_Tb-2.0_20210421T0945%3ACEC-00181/results/1060247167/resdetectqntlmts,Lower Quantitation Limit,1.6,ng/L,,2025-04-18T14:28:18,STORET
21NYDECA_WQX,New York State Dec Division Of Water,21NYDECA_WQX-11-UHUD-4.5_20210426T1100:CEC-00177,Sample-Routine,Water,,2021-04-26,11:00:00,EDT,,,,,,,,,,,,PFAS Monitoring,PFAS Monitoring,NYSDEC,21NYDECA_WQX-3191,11-UHUD-4.5,,,,,42.8091220000,-73.6583080000,,,,,,STORET-1060247083,,None,Perfluorooctanoic acid,Total,2,ng/L,CON,Accepted,,Actual,,,,,,,,,,,,,,,,,,,,537M,USEPA,"MODIFIED, Determination of Selected Perfluorinated Alkyl Acids in Drinking Water by Solid Phase Extraction and Liquid Chromatography/Tandem Mass Spectrometry (LC/MS/MS)",,,TALBURL,2021-05-06,,https://www.waterqualitydata.us/data/providers/STORET/organizations/21NYDECA_WQX/activities/21NYDECA_WQX-11-UHUD-4.5_20210426T1100%3ACEC-00177/results/1060247083/resdetectqntlmts,Lower Quantitation Limit,1.7,ng/L,,2025-04-18T14:28:18,STORET
21NYDECA_WQX,New York State Dec Division Of Water,21NYDECA_WQX-03-SALM-12.0_20210817T1130:CEC-00144,Sample-Routine,Water,,2021-08-17,11:30:00,EDT,,,,,,,,,,,,Routine,Routine River Network,NYSDEC,21NYDECA_WQX-666,03-SALM-12.0,,,,,43.5311100000,-76.0380600000,,,,,,STORET-1060246390,Not Detected,None,Perfluorooctanoic acid,Total,,,U,Accepted,,,,,,,,,,,,,,,,,,,,,,537M,USEPA,"MODIFIED, Determination of Selected Perfluorinated Alkyl Acids in Drinking Water by Solid Phase Extraction and Liquid Chromatography/Tandem Mass Spectrometry (LC/MS/MS)",,,TALBURL,2021-08-20,,https://www.waterqualitydata.us/data/providers/STORET/organizations/21NYDECA_WQX/activities/21NYDECA_WQX-03-SALM-12.0_20210817T1130%3ACEC-00144/results/1060246390/resdetectqntlmts,Lower Quantitation Limit,1.6,ng/L,,2025-04-18T14:28:14,STORET
21NYDECA_WQX,New York State Dec Division Of Water,21NYDECA_WQX-14-DELA-1.3_20210817T1000:CEC-00160,Sample-Routine,Water,,2021-08-17,10:00:00,EDT,,,,,,,,,,,,Routine,Routine River Network,NYSDEC,21NYDECA_WQX-6902,14-DELA-1.3,,,,,41.3719400000,-74.6969500000,,,,,,STORET-1060246726,Not Detected,None,Perfluorooctanoic acid,Total,,,U,Accepted,,,,,,,,,,,,,,,,,,,,,,537M,USEPA,"MODIFIED, Determination of Selected Perfluorinated Alkyl Acids in Drinking Water by Solid Phase Extraction and Liquid Chromatography/Tandem Mass Spectrometry (LC/MS/MS)",,,TALBURL,2021-08-19,,https://www.waterqualitydata.us/data/providers/STORET/organizations/21NYDECA_WQX/activities/21NYDECA_WQX-14-DELA-1.3_20210817T1000%3ACEC-00160/results/1060246726/resdetectqntlmts,Lower Quantitation Limit,1.6,ng/L,,2025-04-18T14:28:16,STORET
21NYDECA_WQX,New York State Dec Division Of Water,21NYDECA_WQX-04-GENS-4.2_20210825T0900:CEC-00202,Sample-Routine,Water,,2021-08-25,09:00:00,EDT,,,,,,,,,,,,PFAS Monitoring,PFAS Monitoring,NYSDEC,21NYDECA_WQX-978,04-GENS-4.2,,,,,43.1983890000,-77.6207460000,,,,,,STORET-1060247608,Not Detected,None,Perfluorooctanoic acid,Total,,,U,Accepted,,,,,,,,,,,,,,,,,,,,,,537M,USEPA,"MODIFIED, Determination of Selected Perfluorinated Alkyl Acids in Drinking Water by Solid Phase Extraction and Liquid Chromatography/Tandem Mass Spectrometry (LC/MS/MS)",,,TALBURL,2021-08-27,,https://www.waterqualitydata.us/data/providers/STORET/organizations/21NYDECA_WQX/activities/21NYDECA_WQX-04-GENS-4.2_20210825T0900%3ACEC-00202/results/1060247608/resdetectqntlmts,Lower Quantitation Limit,1.6,ng/L,,2025-04-18T14:28:21,STORET
21NYDECA_WQX,New York State Dec Division Of Water,21NYDECA_WQX-07-ONON-1.0_20210421T0900:CEC-00134,Sample-Routine,Water,,2021-04-21,09:00:00,EDT,,,,,,,,,,,,Routine,Routine River Network,NYSDEC,21NYDECA_WQX-1672,07-ONON-1.0,,,,,43.0577800000,-76.1634500000,,,,,,STORET-1060246180,Not Detected,None,Perfluorooctanoic acid,Total,,,U,Accepted,,,,,,,,,,,,,,,,,,,,,,537M,USEPA,"MODIFIED, Determination of Selected Perfluorinated Alkyl Acids in Drinking Water by Solid Phase Extraction and Liquid Chromatography/Tandem Mass Spectrometry (LC/MS/MS)",,,TALBURL,2021-05-04,,https://www.waterqualitydata.us/data/providers/STORET/organizations/21NYDECA_WQX/activities/21NYDECA_WQX-07-ONON-1.0_20210421T0900%3ACEC-00134/results/1060246180/resdetectqntlmts,Lower Quantitation Limit,1.6,ng/L,,2025-04-18T14:28:13,STORET
21NYDECA_WQX,New York State Dec Division Of Water,21NYDECA_WQX-08-BLCK-84.5_20210412T0830:CEC-00100,Sample-Routine,Water,,2021-04-12,08:30:00,EDT,,,,,,,,,,,,Routine,Routine River Network,NYSDEC,21NYDECA_WQX-1888,08-BLCK-84.5,,,,,43.5116700000,-75.3066600000,,,,,,STORET-1060245466,Not Detected,None,Perfluorooctanoic acid,Total,,,U,Accepted,,,,,,,,,,,,,,,,,,,,,,537M,USEPA,"MODIFIED, Determination of Selected Perfluorinated Alkyl Acids in Drinking Water by Solid Phase Extraction and Liquid Chromatography/Tandem Mass Spectrometry (LC/MS/MS)",,,TALBURL,2021-04-19,,https://www.waterqualitydata.us/data/providers/STORET/organizations/21NYDECA_WQX/activities/21NYDECA_WQX-08-BLCK-84.5_20210412T0830%3ACEC-00100/results/1060245466/resdetectqntlmts,Lower Quantitation Limit,1.6,ng/L,,2025-04-18T14:28:09,STORET
21NYDECA_WQX,New York State Dec Division Of Water,21NYDECA_WQX-01-NIAG-2.6_20210427T1200:CEC-00186,Sample-Routine,Water,,2021-04-27,12:00:00,EDT,,,,,,,,,,,,PFAS Monitoring,PFAS Monitoring,NYSDEC,21NYDECA_WQX-79,01-NIAG-2.6,,,,,43.2282330000,-79.0517930000,,,,,,STORET-1060247272,Not Detected,None,Perfluorooctanoic acid,Total,,,U,Accepted,,,,,,,,,,,,,,,,,,,,,,537M,USEPA,"MODIFIED, Determination of Selected Perfluorinated Alkyl Acids in Drinking Water by Solid Phase Extraction and Liquid Chromatography/Tandem Mass Spectrometry (LC/MS/MS)",,,TALBURL,2021-05-12,,https://www.waterqualitydata.us/data/providers/STORET/organizations/21NYDECA_WQX/activities/21NYDECA_WQX-01-NIAG-2.6_20210427T1200%3ACEC-00186/results/1060247272/resdetectqntlmts,Lower Quantitation Limit,1.7,ng/L,,2025-04-18T14:28:19,STORET
21NYDECA_WQX,New York State Dec Division Of Water,21NYDECA_WQX-12-MOHK-15.5_20210825T0915:CEC-00205,Sample-Routine,Water,,2021-08-25,09:15:00,EDT,,,,,,,,,,,,PFAS Monitoring,PFAS Monitoring,NYSDEC,21NYDECA_WQX-3387,12-MOHK-15.5,,,,,42.8206240000,-73.8586170000,,,,,,STORET-1060247671,Not Detected,None,Perfluorooctanoic acid,Total,,,U,Accepted,,,,,,,,,,,,,,,,,,,,,,537M,USEPA,"MODIFIED, Determination of Selected Perfluorinated Alkyl Acids in Drinking Water by Solid Phase Extraction and Liquid Chromatography/Tandem Mass Spectrometry (LC/MS/MS)",,,TALBURL,2021-08-27,,https://www.waterqualitydata.us/data/providers/STORET/organizations/21NYDECA_WQX/activities/21NYDECA_WQX-12-MOHK-15.5_20210825T0915%3ACEC-00205/results/1060247671/resdetectqntlmts,Lower Quantitation Limit,1.6,ng/L,,2025-04-18T14:28:21,STORET
21NYDECA_WQX,New York State Dec Division Of Water,21NYDECA_WQX-03-LONT_T63-1.3_20210825T1145:CEC-00194,Sample-Routine,Water,,2021-08-25,11:45:00,EDT,,,,,,,,,,,,PFAS Monitoring,PFAS Monitoring,NYSDEC,21NYDECA_WQX-602,03-LONT_T63-1.3,,,,,43.4865610000,-76.4490000000,,,,,,STORET-1060247440,,None,Perfluorooctanoic acid,Total,4.1,ng/L,CON,Accepted,,Actual,,,,,,,,,,,,,,,,,,,,537M,USEPA,"MODIFIED, Determination of Selected Perfluorinated Alkyl Acids in Drinking Water by Solid Phase Extraction and Liquid Chromatography/Tandem Mass Spectrometry (LC/MS/MS)",,,TALBURL,2021-08-27,,https://www.waterqualitydata.us/data/providers/STORET/organizations/21NYDECA_WQX/activities/21NYDECA_WQX-03-LONT_T63-1.3_20210825T1145%3ACEC-00194/results/1060247440/resdetectqntlmts,Lower Quantitation Limit,1.9,ng/L,,2025-04-18T14:28:20,STORET
21NYDECA_WQX,New York State Dec Division Of Water,21NYDECA_WQX-01-NIAG-18.4_20210824T1600:CEC-00198,Sample-Routine,Water,,2021-08-24,16:00:00,EDT,,,,,,,,,,,,PFAS Monitoring,PFAS Monitoring,NYSDEC,21NYDECA_WQX-78,01-NIAG-18.4,,,,,43.0647780000,-78.9880480000,,,,,,STORET-1060247524,,None,Perfluorooctanoic acid,Total,1.7,ng/L,CON,Accepted,,Actual,,,,,,,,,,,,,,,,,,,,537M,USEPA,"MODIFIED, Determination of Selected Perfluorinated Alkyl Acids in Drinking Water by Solid Phase Extraction and Liquid Chromatography/Tandem Mass Spectrometry (LC/MS/MS)",,,TALBURL,2021-08-27,,https://www.waterqualitydata.us/data/providers/STORET/organizations/21NYDECA_WQX/activities/21NYDECA_WQX-01-NIAG-18.4_20210824T1600%3ACEC-00198/results/1060247524/resdetectqntlmts,Lower Quantitation Limit,1.6,ng/L,,2025-04-18T14:28:21,STORET
21NYDECA_WQX,New York State Dec Division Of Water,21NYDECA_WQX-03-LONT_T63-1.0_20210420T1215:CEC-00173,Sample-Routine,Water,,2021-04-20,12:15:00,EDT,,,,,,,,,,,,PFAS Monitoring,PFAS Monitoring,NYSDEC,21NYDECA_WQX-601,03-LONT_T63-1.0,,,,,43.4858760000,-76.4566710000,,,,,,STORET-1060246999,,None,Perfluorooctanoic acid,Total,2.9,ng/L,CON,Accepted,,Actual,,,,,,,,,,,,,,,,,,,,537M,USEPA,"MODIFIED, Determination of Selected Perfluorinated Alkyl Acids in Drinking Water by Solid Phase Extraction and Liquid Chromatography/Tandem Mass Spectrometry (LC/MS/MS)",,,TALBURL,2021-05-03,,https://www.waterqualitydata.us/data/providers/STORET/organizations/21NYDECA_WQX/activities/21NYDECA_WQX-03-LONT_T63-1.0_20210420T1215%3ACEC-00173/results/1060246999/resdetectqntlmts,Lower Quantitation Limit,1.7,ng/L,,2025-04-18T14:28:17,STORET
21NYDECA_WQX,New York State Dec Division Of Water,21NYDECA_WQX-12-MOHK-17.1_20210422T1015:CEC-00180,Sample-Routine,Water,,2021-04-22,10:15:00,EDT,,,,,,,,,,,,PFAS Monitoring,PFAS Monitoring,NYSDEC,21NYDECA_WQX-3388,12-MOHK-17.1,,,,,42.8382480000,-73.8773130000,,,,,,STORET-1060247146,Not Detected,None,Perfluorooctanoic acid,Total,,,U,Accepted,,,,,,,,,,,,,,,,,,,,,,537M,USEPA,"MODIFIED, Determination of Selected Perfluorinated Alkyl Acids in Drinking Water by Solid Phase Extraction and Liquid Chromatography/Tandem Mass Spectrometry (LC/MS/MS)",,,TALBURL,2021-05-06,,https://www.waterqualitydata.us/data/providers/STORET/organizations/21NYDECA_WQX/activities/21NYDECA_WQX-12-MOHK-17.1_20210422T1015%3ACEC-00180/results/1060247146/resdetectqntlmts,Lower Quantitation Limit,1.6,ng/L,,2025-04-18T14:28:18,STORET
21NYDECA_WQX,New York State Dec Division Of Water,21NYDECA_WQX-02-ALGY-20.3_20210412T1145:CEC-00105,Sample-Routine,Water,,2021-04-12,11:45:00,EDT,,,,,,,,,,,,Routine,Routine River Network,NYSDEC,21NYDECA_WQX-427,02-ALGY-20.3,,,,,42.1571600000,-78.7179300000,,,,,,STORET-1060245571,Not Detected,None,Perfluorooctanoic acid,Total,,,U,Accepted,,,,,,,,,,,,,,,,,,,,,,537M,USEPA,"MODIFIED, Determination of Selected Perfluorinated Alkyl Acids in Drinking Water by Solid Phase Extraction and Liquid Chromatography/Tandem Mass Spectrometry (LC/MS/MS)",,,TALBURL,2021-04-16,,https://www.waterqualitydata.us/data/providers/STORET/organizations/21NYDECA_WQX/activities/21NYDECA_WQX-02-ALGY-20.3_20210412T1145%3ACEC-00105/results/1060245571/resdetectqntlmts,Lower Quantitation Limit,1.7,ng/L,,2025-04-18T14:28:10,STORET
21NYDECA_WQX,New York State Dec Division Of Water,21NYDECA_WQX-09-LSAL-7.6_20210413T1200:CEC-00111,Sample-Routine,Water,,2021-04-13,12:00:00,EDT,,,,,,,,,,,,Routine,Routine River Network,NYSDEC,21NYDECA_WQX-2202,09-LSAL-7.6,,,,,44.9398510000,-74.5569440000,,,,,,STORET-1060245697,Not Detected,None,Perfluorooctanoic acid,Total,,,U,Accepted,,,,,,,,,,,,,,,,,,,,,,537M,USEPA,"MODIFIED, Determination of Selected Perfluorinated Alkyl Acids in Drinking Water by Solid Phase Extraction and Liquid Chromatography/Tandem Mass Spectrometry (LC/MS/MS)",,,TALBURL,2021-04-20,,https://www.waterqualitydata.us/data/providers/STORET/organizations/21NYDECA_WQX/activities/21NYDECA_WQX-09-LSAL-7.6_20210413T1200%3ACEC-00111/results/1060245697/resdetectqntlmts,Lower Quantitation Limit,1.7,ng/L,,2025-04-18T14:28:10,STORET
21NYDECA_WQX,New York State Dec Division Of Water,21NYDECA_WQX-11-UHUD-43.1_20210817T1330:CEC-00154,Sample-Routine,Water,,2021-08-17,13:30:00,EDT,,,,,,,,,,,,Routine,Routine River Network,NYSDEC,21NYDECA_WQX-3192,11-UHUD-43.1,,,,,43.2965500000,-73.5904900000,,,,,,STORET-1060246600,Not Detected,None,Perfluorooctanoic acid,Total,,,U,Accepted,,,,,,,,,,,,,,,,,,,,,,537M,USEPA,"MODIFIED, Determination of Selected Perfluorinated Alkyl Acids in Drinking Water by Solid Phase Extraction and Liquid Chromatography/Tandem Mass Spectrometry (LC/MS/MS)",,,TALBURL,2021-08-19,,https://www.waterqualitydata.us/data/providers/STORET/organizations/21NYDECA_WQX/activities/21NYDECA_WQX-11-UHUD-43.1_20210817T1330%3ACEC-00154/results/1060246600/resdetectqntlmts,Lower Quantitation Limit,1.7,ng/L,,2025-04-18T14:28:15,STORET
21NYDECA_WQX,New York State Dec Division Of Water,21NYDECA_WQX-05-MEAD-10.9_20220830T1345:CEC-00215,Sample-Routine,Water,,2022-08-30,13:45:00,EDT,,,,,0,m,,,,,,RIBS Screening,Rotating Integrated Basin Studies (RIBS) Screening,NYSDEC,21NYDECA_WQX-1172,05-MEAD-10.9,,,,,42.2911840000,-77.0652570000,,,,,,STORET-1060248011,,None,Perfluorooctanoic acid,Total,0.179,ng/L,CON,Accepted,,Actual,,,,,,,,,,,,,,,,,,,,1633,USEPA,"Analysis of Per- and Polyfluoroalkyl Substances (PFAS) in Aqueous, Solid, Biosolids, and Tissue Samples by LC-MS/MS",,,PACEBTR,2022-09-28,,https://www.waterqualitydata.us/data/providers/STORET/organizations/21NYDECA_WQX/activities/21NYDECA_WQX-05-MEAD-10.9_20220830T1345%3ACEC-00215/results/1060248011/resdetectqntlmts,Lower Quantitation Limit,0.894,ng/L,,2025-04-18T14:28:23,STORET
21NYDECA_WQX,New York State Dec Division Of Water,21NYDECA_WQX-08-BENE-0.2_20220914T1300:CEC-00225,Sample-Routine,Water,,2022-09-14,13:00:00,EDT,,,,,0,m,,,,,,RIBS Screening,Rotating Integrated Basin Studies (RIBS) Screening,NYSDEC,21NYDECA_WQX-1868,08-BENE-0.2,,,,,43.6761100000,-74.7083400000,,,,,,STORET-1060248402,,None,Perfluorooctanoic acid,Total,0.685,ng/L,CON,Accepted,,Actual,,,,,,,,,,,,,,,,,,,,1633,USEPA,"Analysis of Per- and Polyfluoroalkyl Substances (PFAS) in Aqueous, Solid, Biosolids, and Tissue Samples by LC-MS/MS",,,PACEBTR,2022-11-10,,https://www.waterqualitydata.us/data/providers/STORET/organizations/21NYDECA_WQX/activities/21NYDECA_WQX-08-BENE-0.2_20220914T1300%3ACEC-00225/results/1060248402/resdetectqntlmts,Lower Quantitation Limit,0.877,ng/L,,2025-04-18T14:28:25,STORET
21NYDECA_WQX,New York State Dec Division Of Water,21NYDECA_WQX-08-SWIS-2.6_20220913T1030:CEC-00237,Sample-Routine,Water,,2022-09-13,10:30:00,EDT,,,,,0,m,,,,,,RIBS Screening,Rotating Integrated Basin Studies (RIBS) Screening,NYSDEC,21NYDECA_WQX-2384,08-SWIS-2.6,,,,,43.9371940000,-75.5073800000,,,,,,STORET-1060248863,,None,Perfluorooctanoic acid,Total,2.02,ng/L,CON,Accepted,,Actual,,,,,,,,,,,,,,,,,,,,1633,USEPA,"Analysis of Per- and Polyfluoroalkyl Substances (PFAS) in Aqueous, Solid, Biosolids, and Tissue Samples by LC-MS/MS",,,PACEBTR,2022-10-27,,https://www.waterqualitydata.us/data/providers/STORET/organizations/21NYDECA_WQX/activities/21NYDECA_WQX-08-SWIS-2.6_20220913T1030%3ACEC-00237/results/1060248863/resdetectqntlmts,Lower Quantitation Limit,0.919,ng/L,,2025-04-18T14:28:28,STORET
21NYDECA_WQX,New York State Dec Division Of Water,21NYDECA_WQX-1501KAN1003_DH_20220913T123000:CEC-00274,Sample-Routine,Water,,2022-09-13,12:30:00,EDT,,,,,0,m,,,,,,Lake Probability 21-25,Lake Probability Sampling 2021-2025,NYSDEC,21NYDECA_WQX-19676,1501KAN1003_DH,,,,,41.2249738700,-74.1216828800,,,,,,STORET-1060250282,,None,Perfluorooctanoic acid,Total,1.83,ng/L,CON,Accepted,,Actual,,,,,,,,,,,,,,,,,,,,1633,USEPA,"Analysis of Per- and Polyfluoroalkyl Substances (PFAS) in Aqueous, Solid, Biosolids, and Tissue Samples by LC-MS/MS",,,PACEBTR,2022-10-27,,https://www.waterqualitydata.us/data/providers/STORET/organizations/21NYDECA_WQX/activities/21NYDECA_WQX-1501KAN1003_DH_20220913T123000%3ACEC-00274/results/1060250282/resdetectqntlmts,Lower Quantitation Limit,0.874,ng/L,,2025-04-18T14:28:35,STORET
21NYDECA_WQX,New York State Dec Division Of Water,21NYDECA_WQX-0801MOS0746_DH_20220927T093100:CEC-00222,Sample-Routine,Water,,2022-09-27,09:31:00,EDT,,,,,0,m,,,,,,Lake Probability 21-25,Lake Probability Sampling 2021-2025,NYSDEC,21NYDECA_WQX-11788,0801MOS0746_DH,,,,,43.7855227800,-74.8464205200,,,,,,STORET-1060248297,,None,Perfluorooctanoic acid,Total,0.4,ng/L,CON,Accepted,,Actual,,,,,,,,,,,,,,,,,,,,1633,USEPA,"Analysis of Per- and Polyfluoroalkyl Substances (PFAS) in Aqueous, Solid, Biosolids, and Tissue Samples by LC-MS/MS",,,PACEBTR,2022-11-03,,https://www.waterqualitydata.us/data/providers/STORET/organizations/21NYDECA_WQX/activities/21NYDECA_WQX-0801MOS0746_DH_20220927T093100%3ACEC-00222/results/1060248297/resdetectqntlmts,Lower Quantitation Limit,0.919,ng/L,,2025-04-18T14:28:25,STORET
21NYDECA_WQX,New York State Dec Division Of Water,21NYDECA_WQX-13-WFKIL-0.4_20220721T1115:CEC-00258,Sample-Routine,Water,,2022-07-21,11:15:00,EDT,,,,,0,m,,,,,,RIBS Screening,Rotating Integrated Basin Studies (RIBS) Screening,NYSDEC,21NYDECA_WQX-4155,13-WFKIL-0.4,,,,,41.7087640000,-73.9338880000,,,,,,STORET-1060249677,,None,Perfluorooctanoic acid,Total,9.96,ng/L,CON,Accepted,,Actual,,,,,,,,,,,,,,,,,,,,1633,USEPA,"Analysis of Per- and Polyfluoroalkyl Substances (PFAS) in Aqueous, Solid, Biosolids, and Tissue Samples by LC-MS/MS",,,PACEBTR,2022-09-15,,https://www.waterqualitydata.us/data/providers/STORET/organizations/21NYDECA_WQX/activities/21NYDECA_WQX-13-WFKIL-0.4_20220721T1115%3ACEC-00258/results/1060249677/resdetectqntlmts,Lower Quantitation Limit,0.894,ng/L,,2025-04-18T14:28:32,STORET
21NYDECA_WQX,New York State Dec Division Of Water,21NYDECA_WQX-1301DYK0445_DH_20220830T122700:CEC-00240,Sample-Routine,Water,,2022-08-30,12:27:00,EDT,,,,,0,m,,,,,,Lake Probability 21-25,Lake Probability Sampling 2021-2025,NYSDEC,21NYDECA_WQX-15437,1301DYK0445_DH,,,,,42.7203600000,-73.4306400000,,,,,,STORET-1060248968,,None,Perfluorooctanoic acid,Total,1.54,ng/L,CON,Accepted,,Actual,,,,,,,,,,,,,,,,,,,,1633,USEPA,"Analysis of Per- and Polyfluoroalkyl Substances (PFAS) in Aqueous, Solid, Biosolids, and Tissue Samples by LC-MS/MS",,,PACEBTR,2022-09-16,,https://www.waterqualitydata.us/data/providers/STORET/organizations/21NYDECA_WQX/activities/21NYDECA_WQX-1301DYK0445_DH_20220830T122700%3ACEC-00240/results/1060248968/resdetectqntlmts,Lower Quantitation Limit,0.901,ng/L,,2025-04-18T14:28:28,STORET
21NYDECA_WQX,New York State Dec Division Of Water,21NYDECA_WQX-05-COHO-28.6_20220831T1215:CEC-00210,Sample-Routine,Water,,2022-08-31,12:15:00,EDT,,,,,0,m,,,,,,RIBS Screening,Rotating Integrated Basin Studies (RIBS) Screening,NYSDEC,21NYDECA_WQX-1303,05-COHO-28.6,,,,,42.4117030000,-77.4267620000,,,,,,STORET-1060247813,,None,Perfluorooctanoic acid,Total,0.375,ng/L,CON,Accepted,,Actual,,,,,,,,,,,,,,,,,,,,1633,USEPA,"Analysis of Per- and Polyfluoroalkyl Substances (PFAS) in Aqueous, Solid, Biosolids, and Tissue Samples by LC-MS/MS",,,PACEBTR,2022-09-28,,https://www.waterqualitydata.us/data/providers/STORET/organizations/21NYDECA_WQX/activities/21NYDECA_WQX-05-COHO-28.6_20220831T1215%3ACEC-00210/results/1060247813/resdetectqntlmts,Lower Quantitation Limit,0.882,ng/L,,2025-04-18T14:28:22,STORET
21NYDECA_WQX,New York State Dec Division Of Water,21NYDECA_WQX-0502WAN0048_DH_20220802T110000:CEC-00266,Sample-Routine,Water,,2022-08-02,11:00:00,EDT,,,,,0,m,,,,,,Lake Probability 21-25,Lake Probability Sampling 2021-2025,NYSDEC,21NYDECA_WQX-4548,0502WAN0048_DH,,,,,42.4447410000,-77.1007060000,,,,,,STORET-1060249974,,None,Perfluorooctanoic acid,Total,1.07,ng/L,CON,Accepted,,Actual,,,,,,,,,,,,,,,,,,,,1633,USEPA,"Analysis of Per- and Polyfluoroalkyl Substances (PFAS) in Aqueous, Solid, Biosolids, and Tissue Samples by LC-MS/MS",,,PACEBTR,2022-09-07,,https://www.waterqualitydata.us/data/providers/STORET/organizations/21NYDECA_WQX/activities/21NYDECA_WQX-0502WAN0048_DH_20220802T110000%3ACEC-00266/results/1060249974/resdetectqntlmts,Lower Quantitation Limit,0.879,ng/L,,2025-04-18T14:28:33,STORET
21NYDECA_WQX,New York State Dec Division Of Water,21NYDECA_WQX-05-STEO-24.7_20220831T1145:CEC-00218,Sample-Routine,Water,,2022-08-31,11:45:00,EDT,,,,,0,m,,,,,,RIBS Screening,Rotating Integrated Basin Studies (RIBS) Screening,NYSDEC,21NYDECA_WQX-1209,05-STEO-24.7,,,,,42.2489100000,-77.4524400000,,,,,,STORET-1060248128,,None,Perfluorooctanoic acid,Total,0.745,ng/L,CON,Accepted,,Actual,,,,,,,,,,,,,,,,,,,,1633,USEPA,"Analysis of Per- and Polyfluoroalkyl Substances (PFAS) in Aqueous, Solid, Biosolids, and Tissue Samples by LC-MS/MS",,,PACEBTR,2022-09-28,,https://www.waterqualitydata.us/data/providers/STORET/organizations/21NYDECA_WQX/activities/21NYDECA_WQX-05-STEO-24.7_20220831T1145%3ACEC-00218/results/1060248128/resdetectqntlmts,Lower Quantitation Limit,0.883,ng/L,,2025-04-18T14:28:24,STORET
21NYDECA_WQX,New York State Dec Division Of Water,21NYDECA_WQX-08-MURM_T2-0.1_20220913T1245:CEC-00235,Sample-Routine,Water,,2022-09-13,12:45:00,EDT,,,,,0,m,,,,,,RIBS Screening,Rotating Integrated Basin Studies (RIBS) Screening,NYSDEC,21NYDECA_WQX-1989,08-MURM_T2-0.1,,,,,43.9107410000,-75.3665590000,,,,,,STORET-1060248784,,None,Perfluorooctanoic acid,Total,2.79,ng/L,CON,Accepted,,Actual,,,,,,,,,,,,,,,,,,,,1633,USEPA,"Analysis of Per- and Polyfluoroalkyl Substances (PFAS) in Aqueous, Solid, Biosolids, and Tissue Samples by LC-MS/MS",,,PACEBTR,2022-10-27,,https://www.waterqualitydata.us/data/providers/STORET/organizations/21NYDECA_WQX/activities/21NYDECA_WQX-08-MURM_T2-0.1_20220913T1245%3ACEC-00235/results/1060248784/resdetectqntlmts,Lower Quantitation Limit,0.906,ng/L,,2025-04-18T14:28:27,STORET
21NYDECA_WQX,New York State Dec Division Of Water,21NYDECA_WQX-1302UWB0044F_DH_20220912T110000:CEC-00270,Sample-Routine,Water,,2022-09-12,11:00:00,EDT,,,,,0,m,,,,,,Lake Probability 21-25,Lake Probability Sampling 2021-2025,NYSDEC,21NYDECA_WQX-20678,1302UWB0044F_DH,,,,,41.3216303300,-73.7232969000,,,,,,STORET-1060250148,,None,Perfluorooctanoic acid,Total,5.57,ng/L,CON,Accepted,,Actual,,,,,,,,,,,,,,,,,,,,1633,USEPA,"Analysis of Per- and Polyfluoroalkyl Substances (PFAS) in Aqueous, Solid, Biosolids, and Tissue Samples by LC-MS/MS",,,PACEBTR,2022-10-27,,https://www.waterqualitydata.us/data/providers/STORET/organizations/21NYDECA_WQX/activities/21NYDECA_WQX-1302UWB0044F_DH_20220912T110000%3ACEC-00270/results/1060250148/resdetectqntlmts,Lower Quantitation Limit,0.978,ng/L,,2025-04-18T14:28:34,STORET
21NYDECA_WQX,New York State Dec Division Of Water,21NYDECA_WQX-13-BASC-4.7_20220720T1400:CEC-00245,Sample-Routine,Water,,2022-07-20,14:00:00,EDT,,,,,0,m,,,,,,RIBS Screening,Rotating Integrated Basin Studies (RIBS) Screening,NYSDEC,21NYDECA_WQX-3736,13-BASC-4.7,,,,,42.4127800000,-74.0358400000,,,,,,STORET-1060249178,,None,Perfluorooctanoic acid,Total,0.847,ng/L,CON,Accepted,,Actual,,,,,,,,,,,,,,,,,,,,1633,USEPA,"Analysis of Per- and Polyfluoroalkyl Substances (PFAS) in Aqueous, Solid, Biosolids, and Tissue Samples by LC-MS/MS",,,PACEBTR,2022-09-15,,https://www.waterqualitydata.us/data/providers/STORET/organizations/21NYDECA_WQX/activities/21NYDECA_WQX-13-BASC-4.7_20220720T1400%3ACEC-00245/results/1060249178/resdetectqntlmts,Lower Quantitation Limit,1.09,ng/L,,2025-04-18T14:28:29,STORET
21NYDECA_WQX,New York State Dec Division Of Water,21NYDECA_WQX-05-COHO_T1-0.1_20220831T1030:CEC-00212,Sample-Routine,Water,,2022-08-31,10:30:00,EDT,,,,,0,m,,,,,,RIBS Screening,Rotating Integrated Basin Studies (RIBS) Screening,NYSDEC,21NYDECA_WQX-1050,05-COHO_T1-0.1,,,,,42.5632250000,-77.5100480000,,,,,,STORET-1060247918,,None,Perfluorooctanoic acid,Total,0.429,ng/L,CON,Accepted,,Actual,,,,,,,,,,,,,,,,,,,,1633,USEPA,"Analysis of Per- and Polyfluoroalkyl Substances (PFAS) in Aqueous, Solid, Biosolids, and Tissue Samples by LC-MS/MS",,,PACEBTR,2022-10-18,,https://www.waterqualitydata.us/data/providers/STORET/organizations/21NYDECA_WQX/activities/21NYDECA_WQX-05-COHO_T1-0.1_20220831T1030%3ACEC-00212/results/1060247918/resdetectqntlmts,Lower Quantitation Limit,0.893,ng/L,,2025-04-18T14:28:23,STORET
21NYDECA_WQX,New York State Dec Division Of Water,21NYDECA_WQX-08-COBB-2.2_20220913T1508:CEC-00226,Sample-Routine,Water,,2022-09-13,15:08:00,EDT,,,,,0,m,,,,,,RIBS Screening,Rotating Integrated Basin Studies (RIBS) Screening,NYSDEC,21NYDECA_WQX-1912,08-COBB-2.2,,,,,43.8238900000,-75.6533400000,,,,,,STORET-1060248445,,None,Perfluorooctanoic acid,Total,1.81,ng/L,CON,Accepted,,Actual,,,,,,,,,,,,,,,,,,,,1633,USEPA,"Analysis of Per- and Polyfluoroalkyl Substances (PFAS) in Aqueous, Solid, Biosolids, and Tissue Samples by LC-MS/MS",,,PACEBTR,2022-10-27,,https://www.waterqualitydata.us/data/providers/STORET/organizations/21NYDECA_WQX/activities/21NYDECA_WQX-08-COBB-2.2_20220913T1508%3ACEC-00226/results/1060248445/resdetectqntlmts,Lower Quantitation Limit,0.898,ng/L,,2025-04-18T14:28:26,STORET
21NYDECA_WQX,New York State Dec Division Of Water,21NYDECA_WQX-1301LIT0355_DH_20220831T134800:CEC-00241,Sample-Routine,Water,,2022-08-31,13:48:00,EDT,,,,,0,m,,,,,,Lake Probability 21-25,Lake Probability Sampling 2021-2025,NYSDEC,21NYDECA_WQX-15610,1301LIT0355_DH,,,,,42.6972020000,-73.7399520000,,,,,,STORET-1060248988,,None,Perfluorooctanoic acid,Total,4.11,ng/L,CON,Accepted,,Actual,,,,,,,,,,,,,,,,,,,,1633,USEPA,"Analysis of Per- and Polyfluoroalkyl Substances (PFAS) in Aqueous, Solid, Biosolids, and Tissue Samples by LC-MS/MS",,,PACEBTR,2022-09-16,,https://www.waterqualitydata.us/data/providers/STORET/organizations/21NYDECA_WQX/activities/21NYDECA_WQX-1301LIT0355_DH_20220831T134800%3ACEC-00241/results/1060248988/resdetectqntlmts,Lower Quantitation Limit,0.923,ng/L,,2025-04-18T14:28:28,STORET
21NYDECA_WQX,New York State Dec Division Of Water,21NYDECA_WQX-13-COXS-0.5_20220720T1230:CEC-00247,Sample-Routine,Water,,2022-07-20,12:30:00,EDT,,,,,0,m,,,,,,RIBS Screening,Rotating Integrated Basin Studies (RIBS) Screening,NYSDEC,21NYDECA_WQX-3818,13-COXS-0.5,,,,,42.3905000000,-73.8013900000,,,,,,STORET-1060249238,,None,Perfluorooctanoic acid,Total,1.58,ng/L,CON,Accepted,,Actual,,,,,,,,,,,,,,,,,,,,1633,USEPA,"Analysis of Per- and Polyfluoroalkyl Substances (PFAS) in Aqueous, Solid, Biosolids, and Tissue Samples by LC-MS/MS",,,PACEBTR,2022-09-15,,https://www.waterqualitydata.us/data/providers/STORET/organizations/21NYDECA_WQX/activities/21NYDECA_WQX-13-COXS-0.5_20220720T1230%3ACEC-00247/results/1060249238/resdetectqntlmts,Lower Quantitation Limit,0.898,ng/L,,2025-04-18T14:28:29,STORET
21NYDECA_WQX,New York State Dec Division Of Water,21NYDECA_WQX-13-ROND_T18-0.2_20220720T1000:CEC-00254,Sample-Routine,Water,,2022-07-20,10:00:00,EDT,,,,,0,m,,,,,,RIBS Screening,Rotating Integrated Basin Studies (RIBS) Screening,NYSDEC,21NYDECA_WQX-4261,13-ROND_T18-0.2,,,,,41.7962120000,-74.2108300000,,,,,,STORET-1060249538,,None,Perfluorooctanoic acid,Total,0.471,ng/L,CON,Accepted,,Actual,,,,,,,,,,,,,,,,,,,,1633,USEPA,"Analysis of Per- and Polyfluoroalkyl Substances (PFAS) in Aqueous, Solid, Biosolids, and Tissue Samples by LC-MS/MS",,,PACEBTR,2022-09-16,,https://www.waterqualitydata.us/data/providers/STORET/organizations/21NYDECA_WQX/activities/21NYDECA_WQX-13-ROND_T18-0.2_20220720T1000%3ACEC-00254/results/1060249538/resdetectqntlmts,Lower Quantitation Limit,0.938,ng/L,,2025-04-18T14:28:31,STORET
21NYDECA_WQX,New York State Dec Division Of Water,21NYDECA_WQX-05-COHO-1.4_20220830T1315:CEC-00209,Sample-Routine,Water,,2022-08-30,17:15:00,EDT,,,,,0,m,,,,,,RIBS Screening,Rotating Integrated Basin Studies (RIBS) Screening,NYSDEC,21NYDECA_WQX-1297,05-COHO-1.4,,,,,42.1675100000,-77.1047700000,,,,,,STORET-1060247776,,None,Perfluorooctanoic acid,Total,1.01,ng/L,CON,Accepted,,Actual,,,,,,,,,,,,,,,,,,,,1633,USEPA,"Analysis of Per- and Polyfluoroalkyl Substances (PFAS) in Aqueous, Solid, Biosolids, and Tissue Samples by LC-MS/MS",,,PACEBTR,2022-10-18,,https://www.waterqualitydata.us/data/providers/STORET/organizations/21NYDECA_WQX/activities/21NYDECA_WQX-05-COHO-1.4_20220830T1315%3ACEC-00209/results/1060247776/resdetectqntlmts,Lower Quantitation Limit,0.871,ng/L,,2025-04-18T14:28:22,STORET
21NYDECA_WQX,New York State Dec Division Of Water,21NYDECA_WQX-13-WYNT-12.0_20220720T0800:CEC-00259,Sample-Routine,Water,,2022-07-20,08:00:00,EDT,,,,,0,m,,,,,,RIBS Screening,Rotating Integrated Basin Studies (RIBS) Screening,NYSDEC,21NYDECA_WQX-8916,13-WYNT-12.0,,,,,42.6236120000,-73.5712420000,,,,,,STORET-1060249719,,None,Perfluorooctanoic acid,Total,2.72,ng/L,CON,Accepted,,Actual,,,,,,,,,,,,,,,,,,,,1633,USEPA,"Analysis of Per- and Polyfluoroalkyl Substances (PFAS) in Aqueous, Solid, Biosolids, and Tissue Samples by LC-MS/MS",,,PACEBTR,2022-09-15,,https://www.waterqualitydata.us/data/providers/STORET/organizations/21NYDECA_WQX/activities/21NYDECA_WQX-13-WYNT-12.0_20220720T0800%3ACEC-00259/results/1060249719/resdetectqntlmts,Lower Quantitation Limit,1,ng/L,,2025-04-18T14:28:32,STORET
21NYDECA_WQX,New York State Dec Division Of Water,21NYDECA_WQX-08-NMOO-0.7_20220914T1430:CEC-00236,Sample-Routine,Water,,2022-09-14,14:30:00,EDT,,,,,0,m,,,,,,RIBS Screening,Rotating Integrated Basin Studies (RIBS) Screening,NYSDEC,21NYDECA_WQX-1990,08-NMOO-0.7,,,,,43.8083200000,-74.8513710000,,,,,,STORET-1060248803,,None,Perfluorooctanoic acid,Total,0.423,ng/L,CON,Accepted,,Actual,,,,,,,,,,,,,,,,,,,,1633,USEPA,"Analysis of Per- and Polyfluoroalkyl Substances (PFAS) in Aqueous, Solid, Biosolids, and Tissue Samples by LC-MS/MS",,,PACEBTR,2022-11-09,,https://www.waterqualitydata.us/data/providers/STORET/organizations/21NYDECA_WQX/activities/21NYDECA_WQX-08-NMOO-0.7_20220914T1430%3ACEC-00236/results/1060248803/resdetectqntlmts,Lower Quantitation Limit,0.873,ng/L,,2025-04-18T14:28:27,STORET
21NYDECA_WQX,New York State Dec Division Of Water,21NYDECA_WQX-13-WAPP_E-3.2_20220721T0830:CEC-00257,Sample-Routine,Water,,2022-07-21,08:30:00,EDT,,,,,0,m,,,,,,RIBS Screening,Rotating Integrated Basin Studies (RIBS) Screening,NYSDEC,21NYDECA_WQX-4117,13-WAPP_E-3.2,,,,,41.7832640000,-73.7442830000,,,,,,STORET-1060249645,,None,Perfluorooctanoic acid,Total,1.37,ng/L,CON,Accepted,,Actual,,,,,,,,,,,,,,,,,,,,1633,USEPA,"Analysis of Per- and Polyfluoroalkyl Substances (PFAS) in Aqueous, Solid, Biosolids, and Tissue Samples by LC-MS/MS",,,PACEBTR,2022-08-31,,https://www.waterqualitydata.us/data/providers/STORET/organizations/21NYDECA_WQX/activities/21NYDECA_WQX-13-WAPP_E-3.2_20220721T0830%3ACEC-00257/results/1060249645/resdetectqntlmts,Lower Quantitation Limit,0.894,ng/L,,2025-04-18T14:28:31,STORET
21NYDECA_WQX,New York State Dec Division Of Water,21NYDECA_WQX-13-KAAT-8.4_20220721T1000:CEC-00250,Sample-Routine,Water,,2022-07-21,10:00:00,EDT,,,,,0,m,,,,,,RIBS Screening,Rotating Integrated Basin Studies (RIBS) Screening,NYSDEC,21NYDECA_WQX-3620,13-KAAT-8.4,,,,,42.1805280000,-73.9402470000,,,,,,STORET-1060249364,,None,Perfluorooctanoic acid,Total,1.31,ng/L,CON,Accepted,,Actual,,,,,,,,,,,,,,,,,,,,1633,USEPA,"Analysis of Per- and Polyfluoroalkyl Substances (PFAS) in Aqueous, Solid, Biosolids, and Tissue Samples by LC-MS/MS",,,PACEBTR,2022-09-16,,https://www.waterqualitydata.us/data/providers/STORET/organizations/21NYDECA_WQX/activities/21NYDECA_WQX-13-KAAT-8.4_20220721T1000%3ACEC-00250/results/1060249364/resdetectqntlmts,Lower Quantitation Limit,0.949,ng/L,,2025-04-18T14:28:30,STORET
21NYDECA_WQX,New York State Dec Division Of Water,21NYDECA_WQX-05-TIOG-11.7_20220830T1430:CEC-00219,Sample-Routine,Water,,2022-08-30,14:30:00,EDT,,,,,0,m,,,,,,RIBS Screening,Rotating Integrated Basin Studies (RIBS) Screening,NYSDEC,21NYDECA_WQX-1225,05-TIOG-11.7,,,,,42.0195920000,-77.1285630000,,,,,,STORET-1060248187,,None,Perfluorooctanoic acid,Total,0.625,ng/L,CON,Accepted,,Actual,,,,,,,,,,,,,,,,,,,,1633,USEPA,"Analysis of Per- and Polyfluoroalkyl Substances (PFAS) in Aqueous, Solid, Biosolids, and Tissue Samples by LC-MS/MS",,,PACEBTR,2022-10-18,,https://www.waterqualitydata.us/data/providers/STORET/organizations/21NYDECA_WQX/activities/21NYDECA_WQX-05-TIOG-11.7_20220830T1430%3ACEC-00219/results/1060248187/resdetectqntlmts,Lower Quantitation Limit,0.891,ng/L,,2025-04-18T14:28:24,STORET
21NYDECA_WQX,New York State Dec Division Of Water,21NYDECA_WQX-1304PRI0351H_DH_20220801T141000:CEC-00261,Sample-Routine,Water,,2022-08-01,14:10:00,EDT,,,,,0,m,,,,,,Lake Probability 21-25,Lake Probability Sampling 2021-2025,NYSDEC,21NYDECA_WQX-20714,1304PRI0351H_DH,,,,,41.6108603000,-73.6629061900,,,,,,STORET-1060249783,,None,Perfluorooctanoic acid,Total,1.77,ng/L,CON,Accepted,,Actual,,,,,,,,,,,,,,,,,,,,1633,USEPA,"Analysis of Per- and Polyfluoroalkyl Substances (PFAS) in Aqueous, Solid, Biosolids, and Tissue Samples by LC-MS/MS",,,PACEBTR,2022-09-01,,https://www.waterqualitydata.us/data/providers/STORET/organizations/21NYDECA_WQX/activities/21NYDECA_WQX-1304PRI0351H_DH_20220801T141000%3ACEC-00261/results/1060249783/resdetectqntlmts,Lower Quantitation Limit,0.956,ng/L,,2025-04-18T14:28:32,STORET
21NYDECA_WQX,New York State Dec Division Of Water,21NYDECA_WQX-05-NEWT-6.8_20220901T0815:CEC-00216,Sample-Routine,Water,,2022-09-01,08:15:00,EDT,,,,,0,m,,,,,,RIBS Screening,Rotating Integrated Basin Studies (RIBS) Screening,NYSDEC,21NYDECA_WQX-1182,05-NEWT-6.8,,,,,42.1683300000,-76.8188900000,,,,,,STORET-1060248044,,None,Perfluorooctanoic acid,Total,0.56,ng/L,CON,Accepted,,Actual,,,,,,,,,,,,,,,,,,,,1633,USEPA,"Analysis of Per- and Polyfluoroalkyl Substances (PFAS) in Aqueous, Solid, Biosolids, and Tissue Samples by LC-MS/MS",,,PACEBTR,2022-10-18,,https://www.waterqualitydata.us/data/providers/STORET/organizations/21NYDECA_WQX/activities/21NYDECA_WQX-05-NEWT-6.8_20220901T0815%3ACEC-00216/results/1060248044/resdetectqntlmts,Lower Quantitation Limit,0.911,ng/L,,2025-04-18T14:28:23,STORET
21NYDECA_WQX,New York State Dec Division Of Water,21NYDECA_WQX-0801OTT0926_DH_20220927T132200:CEC-00223,Sample-Routine,Water,,2022-09-27,13:22:00,EDT,,,,,0,m,,,,,,Lake Probability 21-25,Lake Probability Sampling 2021-2025,NYSDEC,21NYDECA_WQX-11931,0801OTT0926_DH,,,,,43.5911293000,-75.1188354500,,,,,,STORET-1060248328,,None,Perfluorooctanoic acid,Total,0.868,ng/L,CON,Accepted,,Actual,,,,,,,,,,,,,,,,,,,,1633,USEPA,"Analysis of Per- and Polyfluoroalkyl Substances (PFAS) in Aqueous, Solid, Biosolids, and Tissue Samples by LC-MS/MS",,,PACEBTR,2022-11-03,,https://www.waterqualitydata.us/data/providers/STORET/organizations/21NYDECA_WQX/activities/21NYDECA_WQX-0801OTT0926_DH_20220927T132200%3ACEC-00223/results/1060248328/resdetectqntlmts,Lower Quantitation Limit,0.978,ng/L,,2025-04-18T14:28:25,STORET
21NYDECA_WQX,New York State Dec Division Of Water,21NYDECA_WQX-08-LMKN-6.7_20220914T1000:CEC-00231,Sample-Routine,Water,,2022-09-14,10:00:00,EDT,,,,,0,m,,,,,,RIBS Screening,Rotating Integrated Basin Studies (RIBS) Screening,NYSDEC,21NYDECA_WQX-1951,08-LMKN-6.7,,,,,43.7124440000,-74.8136510000,,,,,,STORET-1060248629,,None,Perfluorooctanoic acid,Total,0.446,ng/L,CON,Accepted,,Actual,,,,,,,,,,,,,,,,,,,,1633,USEPA,"Analysis of Per- and Polyfluoroalkyl Substances (PFAS) in Aqueous, Solid, Biosolids, and Tissue Samples by LC-MS/MS",,,PACEBTR,2022-11-09,,https://www.waterqualitydata.us/data/providers/STORET/organizations/21NYDECA_WQX/activities/21NYDECA_WQX-08-LMKN-6.7_20220914T1000%3ACEC-00231/results/1060248629/resdetectqntlmts,Lower Quantitation Limit,0.893,ng/L,,2025-04-18T14:28:26,STORET
21NYDECA_WQX,New York State Dec Division Of Water,21NYDECA_WQX-1302KIR0052_DH_20220913T113000:CEC-00269,Sample-Routine,Water,,2022-09-13,11:30:00,EDT,,,,,0,m,,,,,,Lake Probability 21-25,Lake Probability Sampling 2021-2025,NYSDEC,21NYDECA_WQX-14932,1302KIR0052_DH,,,,,41.3850535100,-73.7485300300,,,,,,STORET-1060250109,,None,Perfluorooctanoic acid,Total,4.83,ng/L,CON,Accepted,,Actual,,,,,,,,,,,,,,,,,,,,1633,USEPA,"Analysis of Per- and Polyfluoroalkyl Substances (PFAS) in Aqueous, Solid, Biosolids, and Tissue Samples by LC-MS/MS",,,PACEBTR,2022-10-27,,https://www.waterqualitydata.us/data/providers/STORET/organizations/21NYDECA_WQX/activities/21NYDECA_WQX-1302KIR0052_DH_20220913T113000%3ACEC-00269/results/1060250109/resdetectqntlmts,Lower Quantitation Limit,0.888,ng/L,,2025-04-18T14:28:34,STORET
21NYDECA_WQX,New York State Dec Division Of Water,21NYDECA_WQX-1311DUA0276A_DH_20220831T094700:CEC-00244,Sample-Routine,Water,,2022-08-31,09:47:00,EDT,,,,,0,m,,,,,,Lake Probability 21-25,Lake Probability Sampling 2021-2025,NYSDEC,21NYDECA_WQX-19015,1311DUA0276A_DH,,,,,42.7474272200,-74.1170123000,,,,,,STORET-1060249115,,None,Perfluorooctanoic acid,Total,1.72,ng/L,CON,Accepted,,Actual,,,,,,,,,,,,,,,,,,,,1633,USEPA,"Analysis of Per- and Polyfluoroalkyl Substances (PFAS) in Aqueous, Solid, Biosolids, and Tissue Samples by LC-MS/MS",,,PACEBTR,2022-09-16,,https://www.waterqualitydata.us/data/providers/STORET/organizations/21NYDECA_WQX/activities/21NYDECA_WQX-1311DUA0276A_DH_20220831T094700%3ACEC-00244/results/1060249115/resdetectqntlmts,Lower Quantitation Limit,0.883,ng/L,,2025-04-18T14:28:29,STORET
21NYDECA_WQX,New York State Dec Division Of Water,21NYDECA_WQX-1306UWB5602_DH_20220912T140000:CEC-00277,Sample-Routine,Water,,2022-09-12,14:00:00,EDT,,,,,0,m,,,,,,Lake Probability 21-25,Lake Probability Sampling 2021-2025,NYSDEC,21NYDECA_WQX-21177,1306UWB5602_DH,,,,,41.4031201200,-74.3513596700,,,,,,STORET-1060250399,,None,Perfluorooctanoic acid,Total,6.5,ng/L,CON,Accepted,,Actual,,,,,,,,,,,,,,,,,,,,1633,USEPA,"Analysis of Per- and Polyfluoroalkyl Substances (PFAS) in Aqueous, Solid, Biosolids, and Tissue Samples by LC-MS/MS",,,PACEBTR,2022-10-27,,https://www.waterqualitydata.us/data/providers/STORET/organizations/21NYDECA_WQX/activities/21NYDECA_WQX-1306UWB5602_DH_20220912T140000%3ACEC-00277/results/1060250399/resdetectqntlmts,Lower Quantitation Limit,0.994,ng/L,,2025-04-18T14:28:35,STORET
21NYDECA_WQX,New York State Dec Division Of Water,21NYDECA_WQX-1302CAR0062A_DH_20220912T140000:CEC-00267,Sample-Routine,Water,,2022-09-12,14:00:00,EDT,,,,,0,m,,,,,,Lake Probability 21-25,Lake Probability Sampling 2021-2025,NYSDEC,21NYDECA_WQX-15688,1302CAR0062A_DH,,,,,41.4655900000,-73.6639700000,,,,,,STORET-1060250017,,None,Perfluorooctanoic acid,Total,4.77,ng/L,CON,Accepted,,Actual,,,,,,,,,,,,,,,,,,,,1633,USEPA,"Analysis of Per- and Polyfluoroalkyl Substances (PFAS) in Aqueous, Solid, Biosolids, and Tissue Samples by LC-MS/MS",,,PACEBTR,2022-10-27,,https://www.waterqualitydata.us/data/providers/STORET/organizations/21NYDECA_WQX/activities/21NYDECA_WQX-1302CAR0062A_DH_20220912T140000%3ACEC-00267/results/1060250017/resdetectqntlmts,Lower Quantitation Limit,0.914,ng/L,,2025-04-18T14:28:33,STORET
21NYDECA_WQX,New York State Dec Division Of Water,21NYDECA_WQX-0801SAN0436_DH_20220926T123000:CEC-00224,Sample-Routine,Water,,2022-09-26,12:30:00,EDT,,,,,0,m,,,,,,Lake Probability 21-25,Lake Probability Sampling 2021-2025,NYSDEC,21NYDECA_WQX-12086,0801SAN0436_DH,,,,,43.9497200000,-75.1620410000,,,,,,STORET-1060248368,,None,Perfluorooctanoic acid,Total,0.653,ng/L,CON,Accepted,,Actual,,,,,,,,,,,,,,,,,,,,1633,USEPA,"Analysis of Per- and Polyfluoroalkyl Substances (PFAS) in Aqueous, Solid, Biosolids, and Tissue Samples by LC-MS/MS",,,PACEBTR,2022-11-03,,https://www.waterqualitydata.us/data/providers/STORET/organizations/21NYDECA_WQX/activities/21NYDECA_WQX-0801SAN0436_DH_20220926T123000%3ACEC-00224/results/1060248368/resdetectqntlmts,Lower Quantitation Limit,0.88,ng/L,,2025-04-18T14:28:25,STORET
21NYDECA_WQX,New York State Dec Division Of Water,21NYDECA_WQX-1301UWB0391B_DH_20220829T084900:CEC-00242,Sample-Routine,Water,,2022-08-29,08:49:00,EDT,,,,,0,m,,,,,,Lake Probability 21-25,Lake Probability Sampling 2021-2025,NYSDEC,21NYDECA_WQX-15786,1301UWB0391B_DH,,,,,42.6342070300,-73.5611106500,,,,,,STORET-1060249038,,None,Perfluorooctanoic acid,Total,5.66,ng/L,CON,Accepted,,Actual,,,,,,,,,,,,,,,,,,,,1633,USEPA,"Analysis of Per- and Polyfluoroalkyl Substances (PFAS) in Aqueous, Solid, Biosolids, and Tissue Samples by LC-MS/MS",,,PACEBTR,2022-09-16,,https://www.waterqualitydata.us/data/providers/STORET/organizations/21NYDECA_WQX/activities/21NYDECA_WQX-1301UWB0391B_DH_20220829T084900%3ACEC-00242/results/1060249038/resdetectqntlmts,Lower Quantitation Limit,0.911,ng/L,,2025-04-18T14:28:28,STORET
21NYDECA_WQX,New York State Dec Division Of Water,21NYDECA_WQX-08-CUMM-0.1_20220915T1100:CEC-00227,Sample-Routine,Water,,2022-09-15,11:00:00,EDT,,,,,0,m,,,,,,RIBS Screening,Rotating Integrated Basin Studies (RIBS) Screening,NYSDEC,21NYDECA_WQX-1918,08-CUMM-0.1,,,,,43.5061980000,-75.2214610000,,,,,,STORET-1060248473,,None,Perfluorooctanoic acid,Total,0.403,ng/L,CON,Accepted,,Actual,,,,,,,,,,,,,,,,,,,,1633,USEPA,"Analysis of Per- and Polyfluoroalkyl Substances (PFAS) in Aqueous, Solid, Biosolids, and Tissue Samples by LC-MS/MS",,,PACEBTR,2022-11-09,,https://www.waterqualitydata.us/data/providers/STORET/organizations/21NYDECA_WQX/activities/21NYDECA_WQX-08-CUMM-0.1_20220915T1100%3ACEC-00227/results/1060248473/resdetectqntlmts,Lower Quantitation Limit,0.879,ng/L,,2025-04-18T14:28:26,STORET
21NYDECA_WQX,New York State Dec Division Of Water,21NYDECA_WQX-1301SIL0184C_DH_20220913T093000:CEC-00272,Sample-Routine,Water,,2022-09-13,09:30:00,EDT,,,,,0,m,,,,,,Lake Probability 21-25,Lake Probability Sampling 2021-2025,NYSDEC,21NYDECA_WQX-13742,1301SIL0184C_DH,,,,,41.2907200000,-74.0540700000,,,,,,STORET-1060250224,,None,Perfluorooctanoic acid,Total,1.14,ng/L,CON,Accepted,,Actual,,,,,,,,,,,,,,,,,,,,1633,USEPA,"Analysis of Per- and Polyfluoroalkyl Substances (PFAS) in Aqueous, Solid, Biosolids, and Tissue Samples by LC-MS/MS",,,PACEBTR,2022-10-27,,https://www.waterqualitydata.us/data/providers/STORET/organizations/21NYDECA_WQX/activities/21NYDECA_WQX-1301SIL0184C_DH_20220913T093000%3ACEC-00272/results/1060250224/resdetectqntlmts,Lower Quantitation Limit,0.903,ng/L,,2025-04-18T14:28:34,STORET
21NYDECA_WQX,New York State Dec Division Of Water,21NYDECA_WQX-1308TWN0871_DH_20220803T095000:CEC-00264,Sample-Routine,Water,,2022-08-03,09:50:00,EDT,,,,,0,m,,,,,,Lake Probability 21-25,Lake Probability Sampling 2021-2025,NYSDEC,21NYDECA_WQX-22815,1308TWN0871_DH,,,,,42.0620013000,-73.7943795400,,,,,,STORET-1060249894,,None,Perfluorooctanoic acid,Total,1.06,ng/L,CON,Accepted,,Actual,,,,,,,,,,,,,,,,,,,,1633,USEPA,"Analysis of Per- and Polyfluoroalkyl Substances (PFAS) in Aqueous, Solid, Biosolids, and Tissue Samples by LC-MS/MS",,,PACEBTR,2022-09-07,,https://www.waterqualitydata.us/data/providers/STORET/organizations/21NYDECA_WQX/activities/21NYDECA_WQX-1308TWN0871_DH_20220803T095000%3ACEC-00264/results/1060249894/resdetectqntlmts,Lower Quantitation Limit,0.912,ng/L,,2025-04-18T14:28:33,STORET
21NYDECA_WQX,New York State Dec Division Of Water,21NYDECA_WQX-13-MONH-4.9_20220720T1430:CEC-00252,Sample-Routine,Water,,2022-07-20,14:30:00,EDT,,,,,0,m,,,,,,RIBS Screening,Rotating Integrated Basin Studies (RIBS) Screening,NYSDEC,21NYDECA_WQX-3974,13-MONH-4.9,,,,,41.4388130000,-74.4183550000,,,,,,STORET-1060249455,,None,Perfluorooctanoic acid,Total,4.25,ng/L,CON,Accepted,,Actual,,,,,,,,,,,,,,,,,,,,1633,USEPA,"Analysis of Per- and Polyfluoroalkyl Substances (PFAS) in Aqueous, Solid, Biosolids, and Tissue Samples by LC-MS/MS",,,PACEBTR,2022-09-16,,https://www.waterqualitydata.us/data/providers/STORET/organizations/21NYDECA_WQX/activities/21NYDECA_WQX-13-MONH-4.9_20220720T1430%3ACEC-00252/results/1060249455/resdetectqntlmts,Lower Quantitation Limit,0.887,ng/L,,2025-04-18T14:28:30,STORET
21NYDECA_WQX,New York State Dec Division Of Water,21NYDECA_WQX-13-CATS-6.2_20220721T0830:CEC-00246,Sample-Routine,Water,,2022-07-21,08:30:00,EDT,,,,,0,m,,,,,,RIBS Screening,Rotating Integrated Basin Studies (RIBS) Screening,NYSDEC,21NYDECA_WQX-3793,13-CATS-6.2,,,,,42.2563900000,-73.9047100000,,,,,,STORET-1060249204,,None,Perfluorooctanoic acid,Total,1.21,ng/L,CON,Accepted,,Actual,,,,,,,,,,,,,,,,,,,,1633,USEPA,"Analysis of Per- and Polyfluoroalkyl Substances (PFAS) in Aqueous, Solid, Biosolids, and Tissue Samples by LC-MS/MS",,,PACEBTR,2022-09-15,,https://www.waterqualitydata.us/data/providers/STORET/organizations/21NYDECA_WQX/activities/21NYDECA_WQX-13-CATS-6.2_20220721T0830%3ACEC-00246/results/1060249204/resdetectqntlmts,Lower Quantitation Limit,0.887,ng/L,,2025-04-18T14:28:29,STORET
21NYDECA_WQX,New York State Dec Division Of Water,21NYDECA_WQX-08-DEER-27.6_20220913T1230:CEC-00229,Sample-Routine,Water,,2022-09-13,12:30:00,EDT,,,,,0,m,,,,,,RIBS Screening,Rotating Integrated Basin Studies (RIBS) Screening,NYSDEC,21NYDECA_WQX-1922,08-DEER-27.6,,,,,43.7233890000,-75.7013800000,,,,,,STORET-1060248557,,None,Perfluorooctanoic acid,Total,0.92,ng/L,CON,Accepted,,Actual,,,,,,,,,,,,,,,,,,,,1633,USEPA,"Analysis of Per- and Polyfluoroalkyl Substances (PFAS) in Aqueous, Solid, Biosolids, and Tissue Samples by LC-MS/MS",,,PACEBTR,2022-10-27,,https://www.waterqualitydata.us/data/providers/STORET/organizations/21NYDECA_WQX/activities/21NYDECA_WQX-08-DEER-27.6_20220913T1230%3ACEC-00229/results/1060248557/resdetectqntlmts,Lower Quantitation Limit,0.862,ng/L,,2025-04-18T14:28:26,STORET
21NYDECA_WQX,New York State Dec Division Of Water,21NYDECA_WQX-05-DIVN_T1-0.4_20220831T1545:CEC-00213,Sample-Routine,Water,,2022-08-31,15:45:00,EDT,,,,,0,m,,,,,,RIBS Screening,Rotating Integrated Basin Studies (RIBS) Screening,NYSDEC,21NYDECA_WQX-1059,05-DIVN_T1-0.4,,,,,42.1226160000,-76.8111080000,,,,,,STORET-1060247935,,None,Perfluorooctanoic acid,Total,1.01,ng/L,CON,Accepted,,Actual,,,,,,,,,,,,,,,,,,,,1633,USEPA,"Analysis of Per- and Polyfluoroalkyl Substances (PFAS) in Aqueous, Solid, Biosolids, and Tissue Samples by LC-MS/MS",,,PACEBTR,2022-10-18,,https://www.waterqualitydata.us/data/providers/STORET/organizations/21NYDECA_WQX/activities/21NYDECA_WQX-05-DIVN_T1-0.4_20220831T1545%3ACEC-00213/results/1060247935/resdetectqntlmts,Lower Quantitation Limit,0.906,ng/L,,2025-04-18T14:28:23,STORET
21NYDECA_WQX,New York State Dec Division Of Water,21NYDECA_WQX-13-DOOD-0.4_20220720T0830:CEC-00248,Sample-Routine,Water,,2022-07-20,08:30:00,EDT,,,,,0,m,,,,,,RIBS Screening,Rotating Integrated Basin Studies (RIBS) Screening,NYSDEC,21NYDECA_WQX-3541,13-DOOD-0.4,,,,,41.3010300000,-73.9863400000,,,,,,STORET-1060249299,,None,Perfluorooctanoic acid,Total,0.755,ng/L,CON,Accepted,,Actual,,,,,,,,,,,,,,,,,,,,1633,USEPA,"Analysis of Per- and Polyfluoroalkyl Substances (PFAS) in Aqueous, Solid, Biosolids, and Tissue Samples by LC-MS/MS",,,PACEBTR,2022-09-16,,https://www.waterqualitydata.us/data/providers/STORET/organizations/21NYDECA_WQX/activities/21NYDECA_WQX-13-DOOD-0.4_20220720T0830%3ACEC-00248/results/1060249299/resdetectqntlmts,Lower Quantitation Limit,0.904,ng/L,,2025-04-18T14:28:30,STORET
21NYDECA_WQX,New York State Dec Division Of Water,21NYDECA_WQX-05-MDCR-10.0_20220831T0900:CEC-00214,Sample-Routine,Water,,2022-08-31,09:00:00,EDT,,,,,0,m,,,,,,RIBS Screening,Rotating Integrated Basin Studies (RIBS) Screening,NYSDEC,21NYDECA_WQX-1170,05-MDCR-10.0,,,,,42.3555130000,-77.1360420000,,,,,,STORET-1060247974,,None,Perfluorooctanoic acid,Total,0.289,ng/L,CON,Accepted,,Actual,,,,,,,,,,,,,,,,,,,,1633,USEPA,"Analysis of Per- and Polyfluoroalkyl Substances (PFAS) in Aqueous, Solid, Biosolids, and Tissue Samples by LC-MS/MS",,,PACEBTR,2022-09-28,,https://www.waterqualitydata.us/data/providers/STORET/organizations/21NYDECA_WQX/activities/21NYDECA_WQX-05-MDCR-10.0_20220831T0900%3ACEC-00214/results/1060247974/resdetectqntlmts,Lower Quantitation Limit,0.933,ng/L,,2025-04-18T14:28:23,STORET
21NYDECA_WQX,New York State Dec Division Of Water,21NYDECA_WQX-08-KLSY-0.1_20220913T0000:CEC-00230,Sample-Routine,Water,,2022-09-13,00:00:00,EDT,,,,,0,m,,,,,,RIBS Screening,Rotating Integrated Basin Studies (RIBS) Screening,NYSDEC,21NYDECA_WQX-1941,08-KLSY-0.1,,,,,43.9894400000,-75.9241600000,,,,,,STORET-1060248604,,None,Perfluorooctanoic acid,Total,1.3,ng/L,CON,Accepted,,Actual,,,,,,,,,,,,,,,,,,,,1633,USEPA,"Analysis of Per- and Polyfluoroalkyl Substances (PFAS) in Aqueous, Solid, Biosolids, and Tissue Samples by LC-MS/MS",,,PACEBTR,2022-10-27,,https://www.waterqualitydata.us/data/providers/STORET/organizations/21NYDECA_WQX/activities/21NYDECA_WQX-08-KLSY-0.1_20220913T0000%3ACEC-00230/results/1060248604/resdetectqntlmts,Lower Quantitation Limit,0.888,ng/L,,2025-04-18T14:28:26,STORET
21NYDECA_WQX,New York State Dec Division Of Water,21NYDECA_WQX-08-TWIN-1.0_20220915T1100:CEC-00239,Sample-Routine,Water,,2022-09-15,11:00:00,EDT,,,,,0,m,,,,,,RIBS Screening,Rotating Integrated Basin Studies (RIBS) Screening,NYSDEC,21NYDECA_WQX-2390,08-TWIN-1.0,,,,,43.4507000000,-75.0147450000,,,,,,STORET-1060248942,,None,Perfluorooctanoic acid,Total,0.479,ng/L,CON,Accepted,,Actual,,,,,,,,,,,,,,,,,,,,1633,USEPA,"Analysis of Per- and Polyfluoroalkyl Substances (PFAS) in Aqueous, Solid, Biosolids, and Tissue Samples by LC-MS/MS",,,PACEBTR,2022-11-09,,https://www.waterqualitydata.us/data/providers/STORET/organizations/21NYDECA_WQX/activities/21NYDECA_WQX-08-TWIN-1.0_20220915T1100%3ACEC-00239/results/1060248942/resdetectqntlmts,Lower Quantitation Limit,0.921,ng/L,,2025-04-18T14:28:28,STORET
21NYDECA_WQX,New York State Dec Division Of Water,21NYDECA_WQX-08-MOOC-0.4_20220915T0930:CEC-00234,Sample-Routine,Water,,2022-09-15,09:30:00,EDT,,,,,0,m,,,,,,RIBS Screening,Rotating Integrated Basin Studies (RIBS) Screening,NYSDEC,21NYDECA_WQX-1975,08-MOOC-0.4,,,,,43.5219400000,-75.3452700000,,,,,,STORET-1060248723,,None,Perfluorooctanoic acid,Total,1.41,ng/L,CON,Accepted,,Actual,,,,,,,,,,,,,,,,,,,,1633,USEPA,"Analysis of Per- and Polyfluoroalkyl Substances (PFAS) in Aqueous, Solid, Biosolids, and Tissue Samples by LC-MS/MS",,,PACEBTR,2022-11-10,,https://www.waterqualitydata.us/data/providers/STORET/organizations/21NYDECA_WQX/activities/21NYDECA_WQX-08-MOOC-0.4_20220915T0930%3ACEC-00234/results/1060248723/resdetectqntlmts,Lower Quantitation Limit,0.98,ng/L,,2025-04-18T14:28:27,STORET
21NYDECA_WQX,New York State Dec Division Of Water,21NYDECA_WQX-13-VERK-2.9_20220721T0800:CEC-00256,Sample-Routine,Water,,2022-07-21,08:00:00,EDT,,,,,0,m,,,,,,RIBS Screening,Rotating Integrated Basin Studies (RIBS) Screening,NYSDEC,21NYDECA_WQX-4370,13-VERK-2.9,,,,,41.6280000000,-74.3310000000,,,,,,STORET-1060249613,,None,Perfluorooctanoic acid,Total,0.817,ng/L,CON,Accepted,,Actual,,,,,,,,,,,,,,,,,,,,1633,USEPA,"Analysis of Per- and Polyfluoroalkyl Substances (PFAS) in Aqueous, Solid, Biosolids, and Tissue Samples by LC-MS/MS",,,PACEBTR,2022-09-15,,https://www.waterqualitydata.us/data/providers/STORET/organizations/21NYDECA_WQX/activities/21NYDECA_WQX-13-VERK-2.9_20220721T0800%3ACEC-00256/results/1060249613/resdetectqntlmts,Lower Quantitation Limit,0.901,ng/L,,2025-04-18T14:28:31,STORET
21NYDECA_WQX,New York State Dec Division Of Water,21NYDECA_WQX-05-STEO_T22-0.2_20220831T1015:CEC-00217,Sample-Routine,Water,,2022-08-31,10:15:00,EDT,,,,,0,m,,,,,,RIBS Screening,Rotating Integrated Basin Studies (RIBS) Screening,NYSDEC,21NYDECA_WQX-1219,05-STEO_T22-0.2,,,,,42.1990000000,-77.4070000000,,,,,,STORET-1060248103,,None,Perfluorooctanoic acid,Total,0.245,ng/L,CON,Accepted,,Actual,,,,,,,,,,,,,,,,,,,,1633,USEPA,"Analysis of Per- and Polyfluoroalkyl Substances (PFAS) in Aqueous, Solid, Biosolids, and Tissue Samples by LC-MS/MS",,,PACEBTR,2022-10-18,,https://www.waterqualitydata.us/data/providers/STORET/organizations/21NYDECA_WQX/activities/21NYDECA_WQX-05-STEO_T22-0.2_20220831T1015%3ACEC-00217/results/1060248103/resdetectqntlmts,Lower Quantitation Limit,0.88,ng/L,,2025-04-18T14:28:24,STORET
21NYDECA_WQX,New York State Dec Division Of Water,21NYDECA_WQX-05-BWIN_T11-0.7_20220901T1100:CEC-00208,Sample-Routine,Water,,2022-09-01,11:00:00,EDT,,,,,0,m,,,,,,RIBS Screening,Rotating Integrated Basin Studies (RIBS) Screening,NYSDEC,21NYDECA_WQX-889,05-BWIN_T11-0.7,,,,,42.1014600000,-76.6865600000,,,,,,STORET-1060247746,,None,Perfluorooctanoic acid,Total,0.316,ng/L,CON,Accepted,,Actual,,,,,,,,,,,,,,,,,,,,1633,USEPA,"Analysis of Per- and Polyfluoroalkyl Substances (PFAS) in Aqueous, Solid, Biosolids, and Tissue Samples by LC-MS/MS",,,PACEBTR,2022-10-18,,https://www.waterqualitydata.us/data/providers/STORET/organizations/21NYDECA_WQX/activities/21NYDECA_WQX-05-BWIN_T11-0.7_20220901T1100%3ACEC-00208/results/1060247746/resdetectqntlmts,Lower Quantitation Limit,0.89,ng/L,,2025-04-18T14:28:22,STORET
21NYDECA_WQX,New York State Dec Division Of Water,21NYDECA_WQX-1301BRO0193A_DH_20220913T143000:CEC-00271,Sample-Routine,Water,,2022-09-13,14:30:00,EDT,,,,,0,m,,,,,,Lake Probability 21-25,Lake Probability Sampling 2021-2025,NYSDEC,21NYDECA_WQX-15148,1301BRO0193A_DH,,,,,41.3310602300,-73.9936069000,,,,,,STORET-1060250170,,None,Perfluorooctanoic acid,Total,2.16,ng/L,CON,Accepted,,Actual,,,,,,,,,,,,,,,,,,,,1633,USEPA,"Analysis of Per- and Polyfluoroalkyl Substances (PFAS) in Aqueous, Solid, Biosolids, and Tissue Samples by LC-MS/MS",,,PACEBTR,2022-10-27,,https://www.waterqualitydata.us/data/providers/STORET/organizations/21NYDECA_WQX/activities/21NYDECA_WQX-1301BRO0193A_DH_20220913T143000%3ACEC-00271/results/1060250170/resdetectqntlmts,Lower Quantitation Limit,0.988,ng/L,,2025-04-18T14:28:34,STORET
21NYDECA_WQX,New York State Dec Division Of Water,21NYDECA_WQX-13-JACK-5.8_20220720T1200:CEC-00249,Sample-Routine,Water,,2022-07-20,12:00:00,EDT,,,,,0,m,,,,,,RIBS Screening,Rotating Integrated Basin Studies (RIBS) Screening,NYSDEC,21NYDECA_WQX-3616,13-JACK-5.8,,,,,41.6629080000,-73.7363860000,,,,,,STORET-1060249309,,None,Perfluorooctanoic acid,Total,0.668,ng/L,CON,Accepted,,Actual,,,,,,,,,,,,,,,,,,,,1633,USEPA,"Analysis of Per- and Polyfluoroalkyl Substances (PFAS) in Aqueous, Solid, Biosolids, and Tissue Samples by LC-MS/MS",,,PACEBTR,2022-09-16,,https://www.waterqualitydata.us/data/providers/STORET/organizations/21NYDECA_WQX/activities/21NYDECA_WQX-13-JACK-5.8_20220720T1200%3ACEC-00249/results/1060249309/resdetectqntlmts,Lower Quantitation Limit,0.877,ng/L,,2025-04-18T14:28:30,STORET
21NYDECA_WQX,New York State Dec Division Of Water,21NYDECA_WQX-08-DEER-2.0_20220913T1130:CEC-00228,Sample-Routine,Water,,2022-09-13,11:30:00,EDT,,,,,0,m,,,,,,RIBS Screening,Rotating Integrated Basin Studies (RIBS) Screening,NYSDEC,21NYDECA_WQX-1920,08-DEER-2.0,,,,,43.9302800000,-75.5911100000,,,,,,STORET-1060248513,,None,Perfluorooctanoic acid,Total,0.987,ng/L,CON,Accepted,,Actual,,,,,,,,,,,,,,,,,,,,1633,USEPA,"Analysis of Per- and Polyfluoroalkyl Substances (PFAS) in Aqueous, Solid, Biosolids, and Tissue Samples by LC-MS/MS",,,PACEBTR,2022-10-27,,https://www.waterqualitydata.us/data/providers/STORET/organizations/21NYDECA_WQX/activities/21NYDECA_WQX-08-DEER-2.0_20220913T1130%3ACEC-00228/results/1060248513/resdetectqntlmts,Lower Quantitation Limit,0.896,ng/L,,2025-04-18T14:28:26,STORET
21NYDECA_WQX,New York State Dec Division Of Water,21NYDECA_WQX-05-BAKE-0.3_20220831T1300:CEC-00207,Sample-Routine,Water,,2022-08-31,13:00:00,EDT,,,,,0,m,,,,,,RIBS Screening,Rotating Integrated Basin Studies (RIBS) Screening,NYSDEC,21NYDECA_WQX-874,05-BAKE-0.3,,,,,42.2649390000,-77.5477680000,,,,,,STORET-1060247697,,None,Perfluorooctanoic acid,Total,0.435,ng/L,CON,Accepted,,Actual,,,,,,,,,,,,,,,,,,,,1633,USEPA,"Analysis of Per- and Polyfluoroalkyl Substances (PFAS) in Aqueous, Solid, Biosolids, and Tissue Samples by LC-MS/MS",,,PACEBTR,2022-09-28,,https://www.waterqualitydata.us/data/providers/STORET/organizations/21NYDECA_WQX/activities/21NYDECA_WQX-05-BAKE-0.3_20220831T1300%3ACEC-00207/results/1060247697/resdetectqntlmts,Lower Quantitation Limit,0.914,ng/L,,2025-04-18T14:28:22,STORET
21NYDECA_WQX,New York State Dec Division Of Water,21NYDECA_WQX-1501UWB1007A_DH_20220914T101500:CEC-00275,Sample-Routine,Water,,2022-09-14,10:15:00,EDT,,,,,0,m,,,,,,Lake Probability 21-25,Lake Probability Sampling 2021-2025,NYSDEC,21NYDECA_WQX-20125,1501UWB1007A_DH,,,,,41.2385003800,-74.2086655300,,,,,,STORET-1060250319,,None,Perfluorooctanoic acid,Total,1.69,ng/L,CON,Accepted,,Actual,,,,,,,,,,,,,,,,,,,,1633,USEPA,"Analysis of Per- and Polyfluoroalkyl Substances (PFAS) in Aqueous, Solid, Biosolids, and Tissue Samples by LC-MS/MS",,,PACEBTR,2022-11-09,,https://www.waterqualitydata.us/data/providers/STORET/organizations/21NYDECA_WQX/activities/21NYDECA_WQX-1501UWB1007A_DH_20220914T101500%3ACEC-00275/results/1060250319/resdetectqntlmts,Lower Quantitation Limit,0.912,ng/L,,2025-04-18T14:28:35,STORET
21NYDECA_WQX,New York State Dec Division Of Water,21NYDECA_WQX-05-TUSC-9.3_20220901T1200:CEC-00220,Sample-Routine,Water,,2022-09-01,12:00:00,EDT,,,,,0,m,,,,,,RIBS Screening,Rotating Integrated Basin Studies (RIBS) Screening,NYSDEC,21NYDECA_WQX-1249,05-TUSC-9.3,,,,,42.0801580000,-77.3647340000,,,,,,STORET-1060248194,,None,Perfluorooctanoic acid,Total,0.87,ng/L,CON,Accepted,,Actual,,,,,,,,,,,,,,,,,,,,1633,USEPA,"Analysis of Per- and Polyfluoroalkyl Substances (PFAS) in Aqueous, Solid, Biosolids, and Tissue Samples by LC-MS/MS",,,PACEBTR,2022-09-28,,https://www.waterqualitydata.us/data/providers/STORET/organizations/21NYDECA_WQX/activities/21NYDECA_WQX-05-TUSC-9.3_20220901T1200%3ACEC-00220/results/1060248194/resdetectqntlmts,Lower Quantitation Limit,0.888,ng/L,,2025-04-18T14:28:24,STORET
21NYDECA_WQX,New York State Dec Division Of Water,21NYDECA_WQX-1601UWB6647_DH_20220829T131700:CEC-00260,Sample-Routine,Water,,2022-08-29,13:17:00,EDT,,,,,0,m,,,,,,Lake Probability 21-25,Lake Probability Sampling 2021-2025,NYSDEC,21NYDECA_WQX-18683,1601UWB6647_DH,,,,,42.3652001200,-73.4519582600,,,,,,STORET-1060249763,,None,Perfluorooctanoic acid,Total,0.245,ng/L,CON,Accepted,,Actual,,,,,,,,,,,,,,,,,,,,1633,USEPA,"Analysis of Per- and Polyfluoroalkyl Substances (PFAS) in Aqueous, Solid, Biosolids, and Tissue Samples by LC-MS/MS",,,PACEBTR,2022-09-16,,https://www.waterqualitydata.us/data/providers/STORET/organizations/21NYDECA_WQX/activities/21NYDECA_WQX-1601UWB6647_DH_20220829T131700%3ACEC-00260/results/1060249763/resdetectqntlmts,Lower Quantitation Limit,0.899,ng/L,,2025-04-18T14:28:32,STORET
21NYDECA_WQX,New York State Dec Division Of Water,21NYDECA_WQX-1501LUC0982B_DH_20220914T073000:CEC-00273,Sample-Routine,Water,,2022-09-14,07:30:00,EDT,,,,,0,m,,,,,,Lake Probability 21-25,Lake Probability Sampling 2021-2025,NYSDEC,21NYDECA_WQX-19686,1501LUC0982B_DH,,,,,41.1842612700,-73.9951748000,,,,,,STORET-1060250255,,None,Perfluorooctanoic acid,Total,6.57,ng/L,CON,Accepted,,Actual,,,,,,,,,,,,,,,,,,,,1633,USEPA,"Analysis of Per- and Polyfluoroalkyl Substances (PFAS) in Aqueous, Solid, Biosolids, and Tissue Samples by LC-MS/MS",,,PACEBTR,2022-11-09,,https://www.waterqualitydata.us/data/providers/STORET/organizations/21NYDECA_WQX/activities/21NYDECA_WQX-1501LUC0982B_DH_20220914T073000%3ACEC-00273/results/1060250255/resdetectqntlmts,Lower Quantitation Limit,0.921,ng/L,,2025-04-18T14:28:35,STORET
21NYDECA_WQX,New York State Dec Division Of Water,21NYDECA_WQX-08-LWDH-2.7_20220915T1300:CEC-00232,Sample-Routine,Water,,2022-09-15,13:00:00,EDT,,,,,0,m,,,,,,RIBS Screening,Rotating Integrated Basin Studies (RIBS) Screening,NYSDEC,21NYDECA_WQX-1958,08-LWDH-2.7,,,,,43.4552800000,-75.1527800000,,,,,,STORET-1060248650,,None,Perfluorooctanoic acid,Total,0.483,ng/L,CON,Accepted,,Actual,,,,,,,,,,,,,,,,,,,,1633,USEPA,"Analysis of Per- and Polyfluoroalkyl Substances (PFAS) in Aqueous, Solid, Biosolids, and Tissue Samples by LC-MS/MS",,,PACEBTR,2022-11-09,,https://www.waterqualitydata.us/data/providers/STORET/organizations/21NYDECA_WQX/activities/21NYDECA_WQX-08-LWDH-2.7_20220915T1300%3ACEC-00232/results/1060248650/resdetectqntlmts,Lower Quantitation Limit,0.903,ng/L,,2025-04-18T14:28:26,STORET
21NYDECA_WQX,New York State Dec Division Of Water,21NYDECA_WQX-08-TANE-0.7_20220914T1415:CEC-00238,Sample-Routine,Water,,2022-09-14,14:15:00,EDT,,,,,0,m,,,,,,RIBS Screening,Rotating Integrated Basin Studies (RIBS) Screening,NYSDEC,21NYDECA_WQX-2387,08-TANE-0.7,,,,,43.6770500000,-75.3429100000,,,,,,STORET-1060248893,,None,Perfluorooctanoic acid,Total,0.165,ng/L,CON,Accepted,,Actual,,,,,,,,,,,,,,,,,,,,1633,USEPA,"Analysis of Per- and Polyfluoroalkyl Substances (PFAS) in Aqueous, Solid, Biosolids, and Tissue Samples by LC-MS/MS",,,PACEBTR,2022-11-09,,https://www.waterqualitydata.us/data/providers/STORET/organizations/21NYDECA_WQX/activities/21NYDECA_WQX-08-TANE-0.7_20220914T1415%3ACEC-00238/results/1060248893/resdetectqntlmts,Lower Quantitation Limit,0.916,ng/L,,2025-04-18T14:28:28,STORET
21NYDECA_WQX,New York State Dec Division Of Water,21NYDECA_WQX-13-MUSC-8.4_20220720T0900:CEC-00253,Sample-Routine,Water,,2022-07-20,09:00:00,EDT,,,,,0,m,,,,,,RIBS Screening,Rotating Integrated Basin Studies (RIBS) Screening,NYSDEC,21NYDECA_WQX-3998,13-MUSC-8.4,,,,,41.3330600000,-73.7647200000,,,,,,STORET-1060249468,,None,Perfluorooctanoic acid,Total,9.68,ng/L,CON,Accepted,,Actual,,,,,,,,,,,,,,,,,,,,1633,USEPA,"Analysis of Per- and Polyfluoroalkyl Substances (PFAS) in Aqueous, Solid, Biosolids, and Tissue Samples by LC-MS/MS",,,PACEBTR,2022-09-15,,https://www.waterqualitydata.us/data/providers/STORET/organizations/21NYDECA_WQX/activities/21NYDECA_WQX-13-MUSC-8.4_20220720T0900%3ACEC-00253/results/1060249468/resdetectqntlmts,Lower Quantitation Limit,0.882,ng/L,,2025-04-18T14:28:31,STORET
21NYDECA_WQX,New York State Dec Division Of Water,21NYDECA_WQX-13-KIND-0.2_20220721T0900:CEC-00251,Sample-Routine,Water,,2022-07-21,09:00:00,EDT,,,,,0,m,,,,,,RIBS Screening,Rotating Integrated Basin Studies (RIBS) Screening,NYSDEC,21NYDECA_WQX-3621,13-KIND-0.2,,,,,42.3197200000,-73.7461100000,,,,,,STORET-1060249399,,None,Perfluorooctanoic acid,Total,1.49,ng/L,CON,Accepted,,Actual,,,,,,,,,,,,,,,,,,,,1633,USEPA,"Analysis of Per- and Polyfluoroalkyl Substances (PFAS) in Aqueous, Solid, Biosolids, and Tissue Samples by LC-MS/MS",,,PACEBTR,2022-09-15,,https://www.waterqualitydata.us/data/providers/STORET/organizations/21NYDECA_WQX/activities/21NYDECA_WQX-13-KIND-0.2_20220721T0900%3ACEC-00251/results/1060249399/resdetectqntlmts,Lower Quantitation Limit,0.906,ng/L,,2025-04-18T14:28:30,STORET
21NYDECA_WQX,New York State Dec Division Of Water,21NYDECA_WQX-1305RYD0401_DH_20220802T090900:CEC-00262,Sample-Routine,Water,,2022-08-02,09:09:00,EDT,,,,,0,m,,,,,,Lake Probability 21-25,Lake Probability Sampling 2021-2025,NYSDEC,21NYDECA_WQX-21448,1305RYD0401_DH,,,,,41.8661765500,-73.6435258700,,,,,,STORET-1060249844,,None,Perfluorooctanoic acid,Total,1.48,ng/L,CON,Accepted,,Actual,,,,,,,,,,,,,,,,,,,,1633,USEPA,"Analysis of Per- and Polyfluoroalkyl Substances (PFAS) in Aqueous, Solid, Biosolids, and Tissue Samples by LC-MS/MS",,,PACEBTR,2022-09-07,,https://www.waterqualitydata.us/data/providers/STORET/organizations/21NYDECA_WQX/activities/21NYDECA_WQX-1305RYD0401_DH_20220802T090900%3ACEC-00262/results/1060249844/resdetectqntlmts,Lower Quantitation Limit,0.909,ng/L,,2025-04-18T14:28:32,STORET
21NYDECA_WQX,New York State Dec Division Of Water,21NYDECA_WQX-13-TIOR-0.1_20220720T1000:CEC-00255,Sample-Routine,Water,,2022-07-20,10:00:00,EDT,,,,,0,m,,,,,,RIBS Screening,Rotating Integrated Basin Studies (RIBS) Screening,NYSDEC,21NYDECA_WQX-4345,13-TIOR-0.1,,,,,41.2421930000,-74.0256260000,,,,,,STORET-1060249540,,None,Perfluorooctanoic acid,Total,0.903,ng/L,CON,Accepted,,Actual,,,,,,,,,,,,,,,,,,,,1633,USEPA,"Analysis of Per- and Polyfluoroalkyl Substances (PFAS) in Aqueous, Solid, Biosolids, and Tissue Samples by LC-MS/MS",,,PACEBTR,2022-09-16,,https://www.waterqualitydata.us/data/providers/STORET/organizations/21NYDECA_WQX/activities/21NYDECA_WQX-13-TIOR-0.1_20220720T1000%3ACEC-00255/results/1060249540/resdetectqntlmts,Lower Quantitation Limit,0.906,ng/L,,2025-04-18T14:28:31,STORET
21NYDECA_WQX,New York State Dec Division Of Water,21NYDECA_WQX-1303BRO0260_DH_20220912T110000:CEC-00276,Sample-Routine,Water,,2022-09-12,11:00:00,EDT,,,,,0,m,,,,,,Lake Probability 21-25,Lake Probability Sampling 2021-2025,NYSDEC,21NYDECA_WQX-21995,1303BRO0260_DH,,,,,41.4568721800,-74.2097031600,,,,,,STORET-1060250381,,None,Perfluorooctanoic acid,Total,4.07,ng/L,CON,Accepted,,Actual,,,,,,,,,,,,,,,,,,,,1633,USEPA,"Analysis of Per- and Polyfluoroalkyl Substances (PFAS) in Aqueous, Solid, Biosolids, and Tissue Samples by LC-MS/MS",,,PACEBTR,2022-10-27,,https://www.waterqualitydata.us/data/providers/STORET/organizations/21NYDECA_WQX/activities/21NYDECA_WQX-1303BRO0260_DH_20220912T110000%3ACEC-00276/results/1060250381/resdetectqntlmts,Lower Quantitation Limit,0.888,ng/L,,2025-04-18T14:28:35,STORET
21NYDECA_WQX,New York State Dec Division Of Water,21NYDECA_WQX-1310LYO0035_DH_20220830T090100:CEC-00243,Sample-Routine,Water,,2022-08-30,09:01:00,EDT,,,,,0,m,,,,,,Lake Probability 21-25,Lake Probability Sampling 2021-2025,NYSDEC,21NYDECA_WQX-22402,1310LYO0035_DH,,,,,42.5353443600,-73.5794800400,,,,,,STORET-1060249074,,None,Perfluorooctanoic acid,Total,1.85,ng/L,CON,Accepted,,Actual,,,,,,,,,,,,,,,,,,,,1633,USEPA,"Analysis of Per- and Polyfluoroalkyl Substances (PFAS) in Aqueous, Solid, Biosolids, and Tissue Samples by LC-MS/MS",,,PACEBTR,2022-09-16,,https://www.waterqualitydata.us/data/providers/STORET/organizations/21NYDECA_WQX/activities/21NYDECA_WQX-1310LYO0035_DH_20220830T090100%3ACEC-00243/results/1060249074/resdetectqntlmts,Lower Quantitation Limit,0.935,ng/L,,2025-04-18T14:28:29,STORET
21NYDECA_WQX,New York State Dec Division Of Water,21NYDECA_WQX-05-COHO-37.2_20220831T1200:CEC-00211,Sample-Routine,Water,,2022-08-31,12:00:00,EDT,,,,,0,m,,,,,,RIBS Screening,Rotating Integrated Basin Studies (RIBS) Screening,NYSDEC,21NYDECA_WQX-1308,05-COHO-37.2,,,,,42.4952600000,-77.5032100000,,,,,,STORET-1060247862,,None,Perfluorooctanoic acid,Total,0.58,ng/L,CON,Accepted,,Actual,,,,,,,,,,,,,,,,,,,,1633,USEPA,"Analysis of Per- and Polyfluoroalkyl Substances (PFAS) in Aqueous, Solid, Biosolids, and Tissue Samples by LC-MS/MS",,,PACEBTR,2022-10-18,,https://www.waterqualitydata.us/data/providers/STORET/organizations/21NYDECA_WQX/activities/21NYDECA_WQX-05-COHO-37.2_20220831T1200%3ACEC-00211/results/1060247862/resdetectqntlmts,Lower Quantitation Limit,0.923,ng/L,,2025-04-18T14:28:23,STORET
21NYDECA_WQX,New York State Dec Division Of Water,21NYDECA_WQX-1301ROA0183B_DH_20220913T084500:CEC-00268,Sample-Routine,Water,,2022-09-13,08:45:00,EDT,,,,,0,m,,,,,,Lake Probability 21-25,Lake Probability Sampling 2021-2025,NYSDEC,21NYDECA_WQX-13727,1301ROA0183B_DH,,,,,41.4388840000,-73.8083780000,,,,,,STORET-1060250074,,None,Perfluorooctanoic acid,Total,3.51,ng/L,CON,Accepted,,Actual,,,,,,,,,,,,,,,,,,,,1633,USEPA,"Analysis of Per- and Polyfluoroalkyl Substances (PFAS) in Aqueous, Solid, Biosolids, and Tissue Samples by LC-MS/MS",,,PACEBTR,2022-10-27,,https://www.waterqualitydata.us/data/providers/STORET/organizations/21NYDECA_WQX/activities/21NYDECA_WQX-1301ROA0183B_DH_20220913T084500%3ACEC-00268/results/1060250074/resdetectqntlmts,Lower Quantitation Limit,0.916,ng/L,,2025-04-18T14:28:33,STORET
21NYDECA_WQX,New York State Dec Division Of Water,21NYDECA_WQX-1309NOR6398_DH_20220803T140400:CEC-00265,Sample-Routine,Water,,2022-08-03,14:04:00,EDT,,,,,0,m,,,,,,Lake Probability 21-25,Lake Probability Sampling 2021-2025,NYSDEC,21NYDECA_WQX-21363,1309NOR6398_DH,,,,,42.1994580000,-74.0374090000,,,,,,STORET-1060249950,,None,Perfluorooctanoic acid,Total,0.858,ng/L,CON,Accepted,,Actual,,,,,,,,,,,,,,,,,,,,1633,USEPA,"Analysis of Per- and Polyfluoroalkyl Substances (PFAS) in Aqueous, Solid, Biosolids, and Tissue Samples by LC-MS/MS",,,PACEBTR,2022-09-07,,https://www.waterqualitydata.us/data/providers/STORET/organizations/21NYDECA_WQX/activities/21NYDECA_WQX-1309NOR6398_DH_20220803T140400%3ACEC-00265/results/1060249950/resdetectqntlmts,Lower Quantitation Limit,0.919,ng/L,,2025-04-18T14:28:33,STORET
21NYDECA_WQX,New York State Dec Division Of Water,21NYDECA_WQX-08-MLLL_T7-0.8_20220914T0830:CEC-00233,Sample-Routine,Water,,2022-09-14,08:30:00,EDT,,,,,0,m,,,,,,RIBS Screening,Rotating Integrated Basin Studies (RIBS) Screening,NYSDEC,21NYDECA_WQX-1974,08-MLLL_T7-0.8,,,,,43.7903000000,-75.5460730000,,,,,,STORET-1060248717,,None,Perfluorooctanoic acid,Total,0.387,ng/L,CON,Accepted,,Actual,,,,,,,,,,,,,,,,,,,,1633,USEPA,"Analysis of Per- and Polyfluoroalkyl Substances (PFAS) in Aqueous, Solid, Biosolids, and Tissue Samples by LC-MS/MS",,,PACEBTR,2022-11-09,,https://www.waterqualitydata.us/data/providers/STORET/organizations/21NYDECA_WQX/activities/21NYDECA_WQX-08-MLLL_T7-0.8_20220914T0830%3ACEC-00233/results/1060248717/resdetectqntlmts,Lower Quantitation Limit,0.887,ng/L,,2025-04-18T14:28:27,STORET
21NYDECA_WQX,New York State Dec Division Of Water,21NYDECA_WQX-1306STU0453A_DH_20220824T072900:CEC-00263,Sample-Routine,Water,,2022-08-24,07:29:00,EDT,,,,,0,m,,,,,,Lake Probability 21-25,Lake Probability Sampling 2021-2025,NYSDEC,21NYDECA_WQX-22466,1306STU0453A_DH,,,,,41.8476500000,-74.0396400000,,,,,,STORET-1060249874,,None,Perfluorooctanoic acid,Total,3.9,ng/L,CON,Accepted,,Actual,,,,,,,,,,,,,,,,,,,,1633,USEPA,"Analysis of Per- and Polyfluoroalkyl Substances (PFAS) in Aqueous, Solid, Biosolids, and Tissue Samples by LC-MS/MS",,,PACEBTR,2022-09-06,,https://www.waterqualitydata.us/data/providers/STORET/organizations/21NYDECA_WQX/activities/21NYDECA_WQX-1306STU0453A_DH_20220824T072900%3ACEC-00263/results/1060249874/resdetectqntlmts,Lower Quantitation Limit,0.926,ng/L,,2025-04-18T14:28:33,STORET
21NYDECA_WQX,New York State Dec Division Of Water,21NYDECA_WQX-06-TOGH_E_T3-5.3_20230823T1330:CEC-00378,Sample-Routine,Water,,2023-08-23,17:30:00,EDT,,,,,,,,,,,,RIBS Screening,Rotating Integrated Basin Studies (RIBS) Screening,NYSDEC,21NYDECA_WQX-23921,06-TOGH_E_T3-5.3,,,,,42.6784127691,-76.1331368921,,,,,,STORET-1060252011,,None,Perfluorooctanoic acid,Total,3,ng/L,CON,Accepted,,Actual,,,,,,,,,,,,,,,,,,,,1633,USEPA,"Analysis of Per- and Polyfluoroalkyl Substances (PFAS) in Aqueous, Solid, Biosolids, and Tissue Samples by LC-MS/MS",,,CASKEL,2023-09-15,,https://www.waterqualitydata.us/data/providers/STORET/organizations/21NYDECA_WQX/activities/21NYDECA_WQX-06-TOGH_E_T3-5.3_20230823T1330%3ACEC-00378/results/1060252011/resdetectqntlmts,Lower Quantitation Limit,4.7,ng/L,,2025-04-18T14:28:44,STORET
21NYDECA_WQX,New York State Dec Division Of Water,21NYDECA_WQX-0601MIL5877_DH_20230831T113000:CEC-00433,Sample-Routine,Water,,2023-08-31,11:30:00,EDT,,,,,,,,,,,,Lake Probability 21-25,Lake Probability Sampling 2021-2025,NYSDEC,21NYDECA_WQX-5311,0601MIL5877_DH,,,,,42.6242778300,-75.3635355200,,,,,,STORET-1060252923,Not Detected,None,Perfluorooctanoic acid,Total,,,U,Accepted,,,,,,,,,,,,,,,,,,,,,,1633,USEPA,"Analysis of Per- and Polyfluoroalkyl Substances (PFAS) in Aqueous, Solid, Biosolids, and Tissue Samples by LC-MS/MS",,,CASKEL,2023-09-27,,https://www.waterqualitydata.us/data/providers/STORET/organizations/21NYDECA_WQX/activities/21NYDECA_WQX-0601MIL5877_DH_20230831T113000%3ACEC-00433/results/1060252923/resdetectqntlmts,Lower Quantitation Limit,3.9,ng/L,,2025-04-18T14:28:49,STORET
21NYDECA_WQX,New York State Dec Division Of Water,21NYDECA_WQX-17-PENA-1.1_20230927T0900:CEC-00487,Sample-Routine,Water,,2023-09-27,13:00:00,EDT,,,,,,,,,,,,RIBS Screening,Rotating Integrated Basin Studies (RIBS) Screening,NYSDEC,21NYDECA_WQX-8799,17-PENA-1.1,,,,,40.7274700000,-73.2442700000,,,,,,STORET-1060253793,,None,Perfluorooctanoic acid,Total,13,ng/L,CON,Accepted,,Actual,,,,,,,,,,,,,,,,,,,,1633,USEPA,"Analysis of Per- and Polyfluoroalkyl Substances (PFAS) in Aqueous, Solid, Biosolids, and Tissue Samples by LC-MS/MS",,,CASKEL,2023-10-19,,https://www.waterqualitydata.us/data/providers/STORET/organizations/21NYDECA_WQX/activities/21NYDECA_WQX-17-PENA-1.1_20230927T0900%3ACEC-00487/results/1060253793/resdetectqntlmts,Lower Quantitation Limit,4.5,ng/L,,2025-04-18T14:28:53,STORET
21NYDECA_WQX,New York State Dec Division Of Water,21NYDECA_WQX-17-MITL-1.0_20230927T1236:CEC-00482,Sample-Routine,Water,,2023-09-27,16:36:00,EDT,,,,,,,,,,,,RIBS Screening,Rotating Integrated Basin Studies (RIBS) Screening,NYSDEC,21NYDECA_WQX-24051,17-MITL-1.0,,,,,40.8142260000,-73.7441820000,,,,,,STORET-1060253741,,None,Perfluorooctanoic acid,Total,16,ng/L,CON,Accepted,,Actual,,,,,,,,,,,,,,,,,,,,1633,USEPA,"Analysis of Per- and Polyfluoroalkyl Substances (PFAS) in Aqueous, Solid, Biosolids, and Tissue Samples by LC-MS/MS",,,CASKEL,2023-10-19,,https://www.waterqualitydata.us/data/providers/STORET/organizations/21NYDECA_WQX/activities/21NYDECA_WQX-17-MITL-1.0_20230927T1236%3ACEC-00482/results/1060253741/resdetectqntlmts,Lower Quantitation Limit,4.5,ng/L,,2025-04-18T14:28:53,STORET
21NYDECA_WQX,New York State Dec Division Of Water,21NYDECA_WQX-0603CAY0008_DH_20230719T151200:CEC-00319,Sample-Routine,Water,,2023-07-19,15:12:00,EDT,,,,,,,,,,,,Lake Probability 21-25,Lake Probability Sampling 2021-2025,NYSDEC,21NYDECA_WQX-5050,0603CAY0008_DH,,,,,42.3714400000,-76.7345200000,,,,,,STORET-1060251044,,None,Perfluorooctanoic acid,Total,1.3,ng/L,CON,Accepted,,Actual,,,,,,,,,,,,,,,,,,,,1633,USEPA,"Analysis of Per- and Polyfluoroalkyl Substances (PFAS) in Aqueous, Solid, Biosolids, and Tissue Samples by LC-MS/MS",,,CASKEL,2023-08-09,,https://www.waterqualitydata.us/data/providers/STORET/organizations/21NYDECA_WQX/activities/21NYDECA_WQX-0603CAY0008_DH_20230719T151200%3ACEC-00319/results/1060251044/resdetectqntlmts,Lower Quantitation Limit,4.2,ng/L,,2025-04-18T14:28:39,STORET
21NYDECA_WQX,New York State Dec Division Of Water,21NYDECA_WQX-1003FIS0124_DH_20230629T100000:CEC-00303,Sample-Routine,Water,,2023-06-29,10:00:00,EDT,,,,,,,,,,,,Lake Probability 21-25,Lake Probability Sampling 2021-2025,NYSDEC,21NYDECA_WQX-9830,1003FIS0124_DH,,,,,44.2982180400,-74.3587726500,,,,,,STORET-1060250776,Not Detected,None,Perfluorooctanoic acid,Total,,,U,Accepted,,,,,,,,,,,,,,,,,,,,,,1633,USEPA,"Analysis of Per- and Polyfluoroalkyl Substances (PFAS) in Aqueous, Solid, Biosolids, and Tissue Samples by LC-MS/MS",,,CASKEL,2023-07-27,,https://www.waterqualitydata.us/data/providers/STORET/organizations/21NYDECA_WQX/activities/21NYDECA_WQX-1003FIS0124_DH_20230629T100000%3ACEC-00303/results/1060250776/resdetectqntlmts,Lower Quantitation Limit,4.1,ng/L,,2025-04-18T14:28:37,STORET
21NYDECA_WQX,New York State Dec Division Of Water,21NYDECA_WQX-10-TROK-7.5_20230727T1000:CEC-00343,Sample-Routine,Water,,2023-07-27,14:00:00,EDT,,,,,,,,,,,,RIBS Screening,Rotating Integrated Basin Studies (RIBS) Screening,NYSDEC,21NYDECA_WQX-23952,10-TROK-7.5,,,,,43.8108480573,-73.4925048534,,,,,,STORET-1060251494,Not Detected,None,Perfluorooctanoic acid,Total,,,U,Accepted,,,,,,,,,,,,,,,,,,,,,,1633,USEPA,"Analysis of Per- and Polyfluoroalkyl Substances (PFAS) in Aqueous, Solid, Biosolids, and Tissue Samples by LC-MS/MS",,,CASKEL,2023-08-10,,https://www.waterqualitydata.us/data/providers/STORET/organizations/21NYDECA_WQX/activities/21NYDECA_WQX-10-TROK-7.5_20230727T1000%3ACEC-00343/results/1060251494/resdetectqntlmts,Lower Quantitation Limit,4.4,ng/L,,2025-04-18T14:28:41,STORET
21NYDECA_WQX,New York State Dec Division Of Water,21NYDECA_WQX-0601GOO0360_DH_20230815T124500:CEC-00419,Sample-Routine,Water,,2023-08-15,12:45:00,EDT,,,,,,,,,,,,Lake Probability 21-25,Lake Probability Sampling 2021-2025,NYSDEC,21NYDECA_WQX-5296,0601GOO0360_DH,,,,,42.5071600000,-74.9823330000,,,,,,STORET-1060252660,Not Detected,None,Perfluorooctanoic acid,Total,,,U,Accepted,,,,,,,,,,,,,,,,,,,,,,1633,USEPA,"Analysis of Per- and Polyfluoroalkyl Substances (PFAS) in Aqueous, Solid, Biosolids, and Tissue Samples by LC-MS/MS",,,CASKEL,2023-09-07,,https://www.waterqualitydata.us/data/providers/STORET/organizations/21NYDECA_WQX/activities/21NYDECA_WQX-0601GOO0360_DH_20230815T124500%3ACEC-00419/results/1060252660/resdetectqntlmts,Lower Quantitation Limit,4.3,ng/L,,2025-04-18T14:28:47,STORET
21NYDECA_WQX,New York State Dec Division Of Water,21NYDECA_WQX-17-WILT-0.7_20230927T1000:CEC-00488,Sample-Routine,Water,,2023-09-27,14:00:00,EDT,,,,,,,,,,,,RIBS Screening,Rotating Integrated Basin Studies (RIBS) Screening,NYSDEC,21NYDECA_WQX-8820,17-WILT-0.7,,,,,40.7045400000,-73.3002400000,,,,,,STORET-1060253833,,None,Perfluorooctanoic acid,Total,9.7,ng/L,CON,Accepted,,Actual,,,,,,,,,,,,,,,,,,,,1633,USEPA,"Analysis of Per- and Polyfluoroalkyl Substances (PFAS) in Aqueous, Solid, Biosolids, and Tissue Samples by LC-MS/MS",,,CASKEL,2023-10-19,,https://www.waterqualitydata.us/data/providers/STORET/organizations/21NYDECA_WQX/activities/21NYDECA_WQX-17-WILT-0.7_20230927T1000%3ACEC-00488/results/1060253833/resdetectqntlmts,Lower Quantitation Limit,4.6,ng/L,,2025-04-18T14:28:53,STORET
21NYDECA_WQX,New York State Dec Division Of Water,21NYDECA_WQX-1004CHA0274_DH_20230810T133000:CEC-00408,Sample-Routine,Water,,2023-08-10,13:30:00,EDT,,,,,,,,,,,,Lake Probability 21-25,Lake Probability Sampling 2021-2025,NYSDEC,21NYDECA_WQX-16489,1004CHA0274_DH,,,,,44.1398688900,-73.7475662000,,,,,,STORET-1060252550,Not Detected,None,Perfluorooctanoic acid,Total,,,U,Accepted,,,,,,,,,,,,,,,,,,,,,,1633,USEPA,"Analysis of Per- and Polyfluoroalkyl Substances (PFAS) in Aqueous, Solid, Biosolids, and Tissue Samples by LC-MS/MS",,,CASKEL,2023-09-11,,https://www.waterqualitydata.us/data/providers/STORET/organizations/21NYDECA_WQX/activities/21NYDECA_WQX-1004CHA0274_DH_20230810T133000%3ACEC-00408/results/1060252550/resdetectqntlmts,Lower Quantitation Limit,4.1,ng/L,,2025-04-18T14:28:47,STORET
21NYDECA_WQX,New York State Dec Division Of Water,21NYDECA_WQX-17-CONQ-1.4_20230927T1345:CEC-00492,Sample-Routine,Water,,2023-09-27,17:45:00,EDT,,,,,,,,,,,,RIBS Screening,Rotating Integrated Basin Studies (RIBS) Screening,NYSDEC,21NYDECA_WQX-8500,17-CONQ-1.4,,,,,40.7630600000,-73.1516700000,,,,,,STORET-1060253925,,None,Perfluorooctanoic acid,Total,11,ng/L,CON,Accepted,,Actual,,,,,,,,,,,,,,,,,,,,1633,USEPA,"Analysis of Per- and Polyfluoroalkyl Substances (PFAS) in Aqueous, Solid, Biosolids, and Tissue Samples by LC-MS/MS",,,CASKEL,2023-11-08,,https://www.waterqualitydata.us/data/providers/STORET/organizations/21NYDECA_WQX/activities/21NYDECA_WQX-17-CONQ-1.4_20230927T1345%3ACEC-00492/results/1060253925/resdetectqntlmts,Lower Quantitation Limit,4.5,ng/L,,2025-04-18T14:28:54,STORET
21NYDECA_WQX,New York State Dec Division Of Water,21NYDECA_WQX-1003MCK0088_DH_20230627T122600:CEC-00290,Sample-Routine,Water,,2023-06-27,12:26:00,EDT,,,,,,,,,,,,Lake Probability 21-25,Lake Probability Sampling 2021-2025,NYSDEC,21NYDECA_WQX-10295,1003MCK0088_DH,,,,,44.3306002800,-74.0808822100,,,,,,STORET-1060250630,,None,Perfluorooctanoic acid,Total,1,ng/L,CON,Accepted,,Actual,,,,,,,,,,,,,,,,,,,,1633,USEPA,"Analysis of Per- and Polyfluoroalkyl Substances (PFAS) in Aqueous, Solid, Biosolids, and Tissue Samples by LC-MS/MS",,,CASKEL,2023-07-14,,https://www.waterqualitydata.us/data/providers/STORET/organizations/21NYDECA_WQX/activities/21NYDECA_WQX-1003MCK0088_DH_20230627T122600%3ACEC-00290/results/1060250630/resdetectqntlmts,Lower Quantitation Limit,4,ng/L,,2025-04-18T14:28:37,STORET
21NYDECA_WQX,New York State Dec Division Of Water,21NYDECA_WQX-1005HIL0463_DH_20230920T111000:CEC-00453,Sample-Routine,Water,,2023-09-20,11:10:00,EDT,,,,,,,,,,,,Lake Probability 21-25,Lake Probability Sampling 2021-2025,NYSDEC,21NYDECA_WQX-17350,1005HIL0463_DH,,,,,43.5146085500,-73.2804545000,,,,,,STORET-1060253282,Not Detected,None,Perfluorooctanoic acid,Total,,,U,Accepted,,,,,,,,,,,,,,,,,,,,,,1633,USEPA,"Analysis of Per- and Polyfluoroalkyl Substances (PFAS) in Aqueous, Solid, Biosolids, and Tissue Samples by LC-MS/MS",,,CASKEL,2023-10-12,,https://www.waterqualitydata.us/data/providers/STORET/organizations/21NYDECA_WQX/activities/21NYDECA_WQX-1005HIL0463_DH_20230920T111000%3ACEC-00453/results/1060253282/resdetectqntlmts,Lower Quantitation Limit,4.1,ng/L,,2025-04-18T14:28:50,STORET
21NYDECA_WQX,New York State Dec Division Of Water,21NYDECA_WQX-1004UAU0277_DH_20230809T133000:CEC-00407,Sample-Routine,Water,,2023-08-09,13:30:00,EDT,,,,,,,,,,,,Lake Probability 21-25,Lake Probability Sampling 2021-2025,NYSDEC,21NYDECA_WQX-16915,1004UAU0277_DH,,,,,44.0773690900,-73.8729802300,,,,,,STORET-1060252510,Not Detected,None,Perfluorooctanoic acid,Total,,,U,Accepted,,,,,,,,,,,,,,,,,,,,,,1633,USEPA,"Analysis of Per- and Polyfluoroalkyl Substances (PFAS) in Aqueous, Solid, Biosolids, and Tissue Samples by LC-MS/MS",,,CASKEL,2023-09-11,,https://www.waterqualitydata.us/data/providers/STORET/organizations/21NYDECA_WQX/activities/21NYDECA_WQX-1004UAU0277_DH_20230809T133000%3ACEC-00407/results/1060252510/resdetectqntlmts,Lower Quantitation Limit,4.1,ng/L,,2025-04-18T14:28:46,STORET
21NYDECA_WQX,New York State Dec Division Of Water,21NYDECA_WQX-0603UWBSR5039_DH_20230830T112000:CEC-00427,Sample-Routine,Water,,2023-08-30,11:20:00,EDT,,,,,,,,,,,,Lake Probability 21-25,Lake Probability Sampling 2021-2025,NYSDEC,21NYDECA_WQX-13590,0603UWBSR5039_DH,,,,,42.1392649000,-76.3295754600,,,,,,STORET-1060252831,,None,Perfluorooctanoic acid,Total,1.7,ng/L,CON,Accepted,,Actual,,,,,,,,,,,,,,,,,,,,1633,USEPA,"Analysis of Per- and Polyfluoroalkyl Substances (PFAS) in Aqueous, Solid, Biosolids, and Tissue Samples by LC-MS/MS",,,CASKEL,2023-09-27,,https://www.waterqualitydata.us/data/providers/STORET/organizations/21NYDECA_WQX/activities/21NYDECA_WQX-0603UWBSR5039_DH_20230830T112000%3ACEC-00427/results/1060252831/resdetectqntlmts,Lower Quantitation Limit,3.9,ng/L,,2025-04-18T14:28:48,STORET
21NYDECA_WQX,New York State Dec Division Of Water,21NYDECA_WQX-0601UWB5808_DH_20230720T143300:CEC-00320,Sample-Routine,Water,,2023-07-20,14:33:00,EDT,,,,,,,,,,,,Lake Probability 21-25,Lake Probability Sampling 2021-2025,NYSDEC,21NYDECA_WQX-6484,0601UWB5808_DH,,,,,42.6833278800,-75.0739587700,,,,,,STORET-1060251084,,None,Perfluorooctanoic acid,Total,1.4,ng/L,CON,Accepted,,Actual,,,,,,,,,,,,,,,,,,,,1633,USEPA,"Analysis of Per- and Polyfluoroalkyl Substances (PFAS) in Aqueous, Solid, Biosolids, and Tissue Samples by LC-MS/MS",,,CASKEL,2023-08-09,,https://www.waterqualitydata.us/data/providers/STORET/organizations/21NYDECA_WQX/activities/21NYDECA_WQX-0601UWB5808_DH_20230720T143300%3ACEC-00320/results/1060251084/resdetectqntlmts,Lower Quantitation Limit,4.1,ng/L,,2025-04-18T14:28:39,STORET
21NYDECA_WQX,New York State Dec Division Of Water,21NYDECA_WQX-06-DILA-36.6_20230824T1100:CEC-00380,Sample-Routine,Water,,2023-08-24,15:00:00,EDT,,,,,,,,,,,,RIBS Screening,Rotating Integrated Basin Studies (RIBS) Screening,NYSDEC,21NYDECA_WQX-23910,06-DILA-36.6,,,,,42.6849300199,-75.3195322926,,,,,,STORET-1060252091,Not Detected,None,Perfluorooctanoic acid,Total,,,U,Accepted,,,,,,,,,,,,,,,,,,,,,,1633,USEPA,"Analysis of Per- and Polyfluoroalkyl Substances (PFAS) in Aqueous, Solid, Biosolids, and Tissue Samples by LC-MS/MS",,,CASKEL,2023-09-15,,https://www.waterqualitydata.us/data/providers/STORET/organizations/21NYDECA_WQX/activities/21NYDECA_WQX-06-DILA-36.6_20230824T1100%3ACEC-00380/results/1060252091/resdetectqntlmts,Lower Quantitation Limit,4.8,ng/L,,2025-04-18T14:28:44,STORET
21NYDECA_WQX,New York State Dec Division Of Water,21NYDECA_WQX-10-SABL_E-5.8_20230726T1345:CEC-00341,Sample-Routine,Water,,2023-07-26,17:45:00,EDT,,,,,,,,,,,,RIBS Screening,Rotating Integrated Basin Studies (RIBS) Screening,NYSDEC,21NYDECA_WQX-2559,10-SABL_E-5.8,,,,,44.3772330000,-73.7149300000,,,,,,STORET-1060251448,Not Detected,None,Perfluorooctanoic acid,Total,,,U,Accepted,,,,,,,,,,,,,,,,,,,,,,1633,USEPA,"Analysis of Per- and Polyfluoroalkyl Substances (PFAS) in Aqueous, Solid, Biosolids, and Tissue Samples by LC-MS/MS",,,CASKEL,2023-08-09,,https://www.waterqualitydata.us/data/providers/STORET/organizations/21NYDECA_WQX/activities/21NYDECA_WQX-10-SABL_E-5.8_20230726T1345%3ACEC-00341/results/1060251448/resdetectqntlmts,Lower Quantitation Limit,4.3,ng/L,,2025-04-18T14:28:41,STORET
21NYDECA_WQX,New York State Dec Division Of Water,21NYDECA_WQX-0601YOU0408_DH_20230815T100000:CEC-00420,Sample-Routine,Water,,2023-08-15,10:00:00,EDT,,,,,,,,,,,,Lake Probability 21-25,Lake Probability Sampling 2021-2025,NYSDEC,21NYDECA_WQX-6644,0601YOU0408_DH,,,,,42.8441440000,-74.9209080000,,,,,,STORET-1060252700,Not Detected,None,Perfluorooctanoic acid,Total,,,U,Accepted,,,,,,,,,,,,,,,,,,,,,,1633,USEPA,"Analysis of Per- and Polyfluoroalkyl Substances (PFAS) in Aqueous, Solid, Biosolids, and Tissue Samples by LC-MS/MS",,,CASKEL,2023-09-07,,https://www.waterqualitydata.us/data/providers/STORET/organizations/21NYDECA_WQX/activities/21NYDECA_WQX-0601YOU0408_DH_20230815T100000%3ACEC-00420/results/1060252700/resdetectqntlmts,Lower Quantitation Limit,4.3,ng/L,,2025-04-18T14:28:47,STORET
21NYDECA_WQX,New York State Dec Division Of Water,21NYDECA_WQX-10-FAYB-1.0_20230726T1400:CEC-00331,Sample-Routine,Water,,2023-07-26,18:00:00,EDT,,,,,,,,,,,,RIBS Screening,Rotating Integrated Basin Studies (RIBS) Screening,NYSDEC,21NYDECA_WQX-23932,10-FAYB-1.0,,,,,44.3804896900,-74.1918978269,,,,,,STORET-1060251267,Not Detected,None,Perfluorooctanoic acid,Total,,,U,Accepted,,,,,,,,,,,,,,,,,,,,,,1633,USEPA,"Analysis of Per- and Polyfluoroalkyl Substances (PFAS) in Aqueous, Solid, Biosolids, and Tissue Samples by LC-MS/MS",,,CASKEL,2023-08-09,,https://www.waterqualitydata.us/data/providers/STORET/organizations/21NYDECA_WQX/activities/21NYDECA_WQX-10-FAYB-1.0_20230726T1400%3ACEC-00331/results/1060251267/resdetectqntlmts,Lower Quantitation Limit,4.4,ng/L,,2025-04-18T14:28:40,STORET
21NYDECA_WQX,New York State Dec Division Of Water,21NYDECA_WQX-1002ROX5044_DH_20230808T160200:CEC-00410,Sample-Routine,Water,,2023-08-08,16:02:00,EDT,,,,,,,,,,,,Lake Probability 21-25,Lake Probability Sampling 2021-2025,NYSDEC,21NYDECA_WQX-10552,1002ROX5044_DH,,,,,44.8946400000,-73.8040810000,,,,,,STORET-1060252596,,None,Perfluorooctanoic acid,Total,0.96,ng/L,CON,Accepted,,Actual,,,,,,,,,,,,,,,,,,,,1633,USEPA,"Analysis of Per- and Polyfluoroalkyl Substances (PFAS) in Aqueous, Solid, Biosolids, and Tissue Samples by LC-MS/MS",,,CASKEL,2023-09-07,,https://www.waterqualitydata.us/data/providers/STORET/organizations/21NYDECA_WQX/activities/21NYDECA_WQX-1002ROX5044_DH_20230808T160200%3ACEC-00410/results/1060252596/resdetectqntlmts,Lower Quantitation Limit,4.4,ng/L,,2025-04-18T14:28:47,STORET
21NYDECA_WQX,New York State Dec Division Of Water,21NYDECA_WQX-06-TROW-3.7_20230823T1015:CEC-00363,Sample-Routine,Water,,2023-08-23,14:15:00,EDT,,,,,,,,,,,,RIBS Screening,Rotating Integrated Basin Studies (RIBS) Screening,NYSDEC,21NYDECA_WQX-23922,06-TROW-3.7,,,,,42.0225577527,-75.7313670891,,,,,,STORET-1060251815,Not Detected,None,Perfluorooctanoic acid,Total,,,U,Accepted,,,,,,,,,,,,,,,,,,,,,,1633,USEPA,"Analysis of Per- and Polyfluoroalkyl Substances (PFAS) in Aqueous, Solid, Biosolids, and Tissue Samples by LC-MS/MS",,,CASKEL,2023-09-15,,https://www.waterqualitydata.us/data/providers/STORET/organizations/21NYDECA_WQX/activities/21NYDECA_WQX-06-TROW-3.7_20230823T1015%3ACEC-00363/results/1060251815/resdetectqntlmts,Lower Quantitation Limit,4.6,ng/L,,2025-04-18T14:28:43,STORET
21NYDECA_WQX,New York State Dec Division Of Water,21NYDECA_WQX-17-BEVD-2.1_20230927T1300:CEC-00478,Sample-Routine,Water,,2023-09-27,17:00:00,EDT,,,,,,,,,,,,RIBS Screening,Rotating Integrated Basin Studies (RIBS) Screening,NYSDEC,21NYDECA_WQX-8352,17-BEVD-2.1,,,,,40.8276300000,-72.6586480000,,,,,,STORET-1060253655,,None,Perfluorooctanoic acid,Total,3.7,ng/L,CON,Accepted,,Actual,,,,,,,,,,,,,,,,,,,,1633,USEPA,"Analysis of Per- and Polyfluoroalkyl Substances (PFAS) in Aqueous, Solid, Biosolids, and Tissue Samples by LC-MS/MS",,,CASKEL,2023-10-19,,https://www.waterqualitydata.us/data/providers/STORET/organizations/21NYDECA_WQX/activities/21NYDECA_WQX-17-BEVD-2.1_20230927T1300%3ACEC-00478/results/1060253655/resdetectqntlmts,Lower Quantitation Limit,4.5,ng/L,,2025-04-18T14:28:52,STORET
21NYDECA_WQX,New York State Dec Division Of Water,21NYDECA_WQX-0602MAS5678_DH_20230831T112500:CEC-00434,Sample-Routine,Water,,2023-08-31,11:25:00,EDT,,,,,,,,,,,,Lake Probability 21-25,Lake Probability Sampling 2021-2025,NYSDEC,21NYDECA_WQX-4720,0602MAS5678_DH,,,,,42.7698138400,-76.0758776000,,,,,,STORET-1060252963,Not Detected,None,Perfluorooctanoic acid,Total,,,U,Accepted,,,,,,,,,,,,,,,,,,,,,,1633,USEPA,"Analysis of Per- and Polyfluoroalkyl Substances (PFAS) in Aqueous, Solid, Biosolids, and Tissue Samples by LC-MS/MS",,,CASKEL,2023-09-27,,https://www.waterqualitydata.us/data/providers/STORET/organizations/21NYDECA_WQX/activities/21NYDECA_WQX-0602MAS5678_DH_20230831T112500%3ACEC-00434/results/1060252963/resdetectqntlmts,Lower Quantitation Limit,4,ng/L,,2025-04-18T14:28:49,STORET
21NYDECA_WQX,New York State Dec Division Of Water,21NYDECA_WQX-1003COL0106_DH_20230808T133000:CEC-00406,Sample-Routine,Water,,2023-08-08,13:30:00,EDT,,,,,,,,,,,,Lake Probability 21-25,Lake Probability Sampling 2021-2025,NYSDEC,21NYDECA_WQX-11017,1003COL0106_DH,,,,,44.3458850000,-74.1481920000,,,,,,STORET-1060252470,Not Detected,None,Perfluorooctanoic acid,Total,,,U,Accepted,,,,,,,,,,,,,,,,,,,,,,1633,USEPA,"Analysis of Per- and Polyfluoroalkyl Substances (PFAS) in Aqueous, Solid, Biosolids, and Tissue Samples by LC-MS/MS",,,CASKEL,2023-09-11,,https://www.waterqualitydata.us/data/providers/STORET/organizations/21NYDECA_WQX/activities/21NYDECA_WQX-1003COL0106_DH_20230808T133000%3ACEC-00406/results/1060252470/resdetectqntlmts,Lower Quantitation Limit,4.1,ng/L,,2025-04-18T14:28:46,STORET
21NYDECA_WQX,New York State Dec Division Of Water,21NYDECA_WQX-06-CORL_T1-0.5_20230824T0845:CEC-00382,Sample-Routine,Water,,2023-08-24,12:45:00,EDT,,,,,,,,,,,,RIBS Screening,Rotating Integrated Basin Studies (RIBS) Screening,NYSDEC,21NYDECA_WQX-23907,06-CORL_T1-0.5,,,,,42.2006889701,-75.5312840088,,,,,,STORET-1060252137,Not Detected,None,Perfluorooctanoic acid,Total,,,U,Accepted,,,,,,,,,,,,,,,,,,,,,,1633,USEPA,"Analysis of Per- and Polyfluoroalkyl Substances (PFAS) in Aqueous, Solid, Biosolids, and Tissue Samples by LC-MS/MS",,,CASKEL,2023-09-15,,https://www.waterqualitydata.us/data/providers/STORET/organizations/21NYDECA_WQX/activities/21NYDECA_WQX-06-CORL_T1-0.5_20230824T0845%3ACEC-00382/results/1060252137/resdetectqntlmts,Lower Quantitation Limit,4.6,ng/L,,2025-04-18T14:28:44,STORET
21NYDECA_WQX,New York State Dec Division Of Water,21NYDECA_WQX-1003CRA0075_DH_20230919T140000:CEC-00451,Sample-Routine,Water,,2023-09-19,14:00:00,EDT,,,,,,,,,,,,Lake Probability 21-25,Lake Probability Sampling 2021-2025,NYSDEC,21NYDECA_WQX-11021,1003CRA0075_DH,,,,,44.4717041200,-73.9015444300,,,,,,STORET-1060253205,Not Detected,None,Perfluorooctanoic acid,Total,,,U,Accepted,,,,,,,,,,,,,,,,,,,,,,1633,USEPA,"Analysis of Per- and Polyfluoroalkyl Substances (PFAS) in Aqueous, Solid, Biosolids, and Tissue Samples by LC-MS/MS",,,CASKEL,2023-10-12,,https://www.waterqualitydata.us/data/providers/STORET/organizations/21NYDECA_WQX/activities/21NYDECA_WQX-1003CRA0075_DH_20230919T140000%3ACEC-00451/results/1060253205/resdetectqntlmts,Lower Quantitation Limit,4.2,ng/L,,2025-04-18T14:28:50,STORET
21NYDECA_WQX,New York State Dec Division Of Water,21NYDECA_WQX-17-PECN-8.9_20230927T0830:CEC-00479,Sample-Routine,Water,,2023-09-27,12:30:00,EDT,,,,,,,,,,,,RIBS Screening,Rotating Integrated Basin Studies (RIBS) Screening,NYSDEC,21NYDECA_WQX-8797,17-PECN-8.9,,,,,40.9036100000,-72.7647200000,,,,,,STORET-1060253695,,None,Perfluorooctanoic acid,Total,9.1,ng/L,CON,Accepted,,Actual,,,,,,,,,,,,,,,,,,,,1633,USEPA,"Analysis of Per- and Polyfluoroalkyl Substances (PFAS) in Aqueous, Solid, Biosolids, and Tissue Samples by LC-MS/MS",,,CASKEL,2023-10-19,,https://www.waterqualitydata.us/data/providers/STORET/organizations/21NYDECA_WQX/activities/21NYDECA_WQX-17-PECN-8.9_20230927T0830%3ACEC-00479/results/1060253695/resdetectqntlmts,Lower Quantitation Limit,4.6,ng/L,,2025-04-18T14:28:52,STORET
21NYDECA_WQX,New York State Dec Division Of Water,21NYDECA_WQX-0602COO5406_DH_20230816T082000:CEC-00421,Sample-Routine,Water,,2023-08-16,08:20:00,EDT,,,,,,,,,,,,Lake Probability 21-25,Lake Probability Sampling 2021-2025,NYSDEC,21NYDECA_WQX-4447,0602COO5406_DH,,,,,42.2995151900,-75.7466886000,,,,,,STORET-1060252740,Not Detected,None,Perfluorooctanoic acid,Total,,,U,Accepted,,,,,,,,,,,,,,,,,,,,,,1633,USEPA,"Analysis of Per- and Polyfluoroalkyl Substances (PFAS) in Aqueous, Solid, Biosolids, and Tissue Samples by LC-MS/MS",,,CASKEL,2023-09-07,,https://www.waterqualitydata.us/data/providers/STORET/organizations/21NYDECA_WQX/activities/21NYDECA_WQX-0602COO5406_DH_20230816T082000%3ACEC-00421/results/1060252740/resdetectqntlmts,Lower Quantitation Limit,4.3,ng/L,,2025-04-18T14:28:48,STORET
21NYDECA_WQX,New York State Dec Division Of Water,21NYDECA_WQX-1701BEL0637_DH_20230614T150000:CEC-00310,Sample-Routine,Water,,2023-06-14,15:00:00,EDT,,,,,,,,,,,,Lake Probability 21-25,Lake Probability Sampling 2021-2025,NYSDEC,21NYDECA_WQX-18825,1701BEL0637_DH,,,,,40.8802379800,-72.5590759000,,,,,,STORET-1060250906,,None,Perfluorooctanoic acid,Total,2.3,ng/L,CON,Accepted,,Actual,,,,,,,,,,,,,,,,,,,,1633,USEPA,"Analysis of Per- and Polyfluoroalkyl Substances (PFAS) in Aqueous, Solid, Biosolids, and Tissue Samples by LC-MS/MS",,,CASKEL,2023-07-06,,https://www.waterqualitydata.us/data/providers/STORET/organizations/21NYDECA_WQX/activities/21NYDECA_WQX-1701BEL0637_DH_20230614T150000%3ACEC-00310/results/1060250906/resdetectqntlmts,Lower Quantitation Limit,4,ng/L,,2025-04-18T14:28:38,STORET
21NYDECA_WQX,New York State Dec Division Of Water,21NYDECA_WQX-1701RON0304_DH_20230614T091600:CEC-00285,Sample-Routine,Water,,2023-06-14,09:16:00,EDT,,,,,,,,,,,,Lake Probability 21-25,Lake Probability Sampling 2021-2025,NYSDEC,21NYDECA_WQX-20002,1701RON0304_DH,,,,,40.8237500000,-73.1200000000,,,,,,STORET-1060250539,,None,Perfluorooctanoic acid,Total,11,ng/L,CON,Accepted,,Actual,,,,,,,,,,,,,,,,,,,,1633,USEPA,"Analysis of Per- and Polyfluoroalkyl Substances (PFAS) in Aqueous, Solid, Biosolids, and Tissue Samples by LC-MS/MS",,,CASKEL,2023-07-06,,https://www.waterqualitydata.us/data/providers/STORET/organizations/21NYDECA_WQX/activities/21NYDECA_WQX-1701RON0304_DH_20230614T091600%3ACEC-00285/results/1060250539/resdetectqntlmts,Lower Quantitation Limit,4.2,ng/L,,2025-04-18T14:28:36,STORET
21NYDECA_WQX,New York State Dec Division Of Water,21NYDECA_WQX-1004BUT0218_DH_20230629T113900:CEC-00305,Sample-Routine,Water,,2023-06-29,11:39:00,EDT,,,,,,,,,,,,Lake Probability 21-25,Lake Probability Sampling 2021-2025,NYSDEC,21NYDECA_WQX-16487,1004BUT0218_DH,,,,,44.4278319900,-73.4983818800,,,,,,STORET-1060250854,Not Detected,None,Perfluorooctanoic acid,Total,,,U,Accepted,,,,,,,,,,,,,,,,,,,,,,1633,USEPA,"Analysis of Per- and Polyfluoroalkyl Substances (PFAS) in Aqueous, Solid, Biosolids, and Tissue Samples by LC-MS/MS",,,CASKEL,2023-07-27,,https://www.waterqualitydata.us/data/providers/STORET/organizations/21NYDECA_WQX/activities/21NYDECA_WQX-1004BUT0218_DH_20230629T113900%3ACEC-00305/results/1060250854/resdetectqntlmts,Lower Quantitation Limit,4.1,ng/L,,2025-04-18T14:28:38,STORET
21NYDECA_WQX,New York State Dec Division Of Water,21NYDECA_WQX-17-BRNX-12.3_20230926T1115:CEC-00473,Sample-Routine,Water,,2023-09-26,15:15:00,EDT,,,,,,,,,,,,RIBS Screening,Rotating Integrated Basin Studies (RIBS) Screening,NYSDEC,21NYDECA_WQX-8363,17-BRNX-12.3,,,,,40.9594400000,-73.8219950000,,,,,,STORET-1060253603,,None,Perfluorooctanoic acid,Total,5.7,ng/L,CON,Accepted,,Actual,,,,,,,,,,,,,,,,,,,,1633,USEPA,"Analysis of Per- and Polyfluoroalkyl Substances (PFAS) in Aqueous, Solid, Biosolids, and Tissue Samples by LC-MS/MS",,,CASKEL,2023-11-01,,https://www.waterqualitydata.us/data/providers/STORET/organizations/21NYDECA_WQX/activities/21NYDECA_WQX-17-BRNX-12.3_20230926T1115%3ACEC-00473/results/1060253603/resdetectqntlmts,Lower Quantitation Limit,4.4,ng/L,,2025-04-18T14:28:52,STORET
21NYDECA_WQX,New York State Dec Division Of Water,21NYDECA_WQX-17-MILI_T6-1.7_20230926T1030:CEC-00464,Sample-Routine,Water,,2023-09-26,14:30:00,EDT,,,,,,,,,,,,RIBS Screening,Rotating Integrated Basin Studies (RIBS) Screening,NYSDEC,21NYDECA_WQX-24005,17-MILI_T6-1.7,,,,,41.2422300810,-73.5288473680,,,,,,STORET-1060253425,,None,Perfluorooctanoic acid,Total,4.3,ng/L,CON,Accepted,,Actual,,,,,,,,,,,,,,,,,,,,1633,USEPA,"Analysis of Per- and Polyfluoroalkyl Substances (PFAS) in Aqueous, Solid, Biosolids, and Tissue Samples by LC-MS/MS",,,CASKEL,2023-10-19,,https://www.waterqualitydata.us/data/providers/STORET/organizations/21NYDECA_WQX/activities/21NYDECA_WQX-17-MILI_T6-1.7_20230926T1030%3ACEC-00464/results/1060253425/resdetectqntlmts,Lower Quantitation Limit,4.5,ng/L,,2025-04-18T14:28:51,STORET
21NYDECA_WQX,New York State Dec Division Of Water,21NYDECA_WQX-10-DERB-2.7_20230725T1400:CEC-00339,Sample-Routine,Water,,2023-07-25,18:00:00,EDT,,,,,,,,,,,,RIBS Screening,Rotating Integrated Basin Studies (RIBS) Screening,NYSDEC,21NYDECA_WQX-23931,10-DERB-2.7,,,,,44.2993606825,-73.5952315200,,,,,,STORET-1060251402,Not Detected,None,Perfluorooctanoic acid,Total,,,U,Accepted,,,,,,,,,,,,,,,,,,,,,,1633,USEPA,"Analysis of Per- and Polyfluoroalkyl Substances (PFAS) in Aqueous, Solid, Biosolids, and Tissue Samples by LC-MS/MS",,,CASKEL,2023-08-09,,https://www.waterqualitydata.us/data/providers/STORET/organizations/21NYDECA_WQX/activities/21NYDECA_WQX-10-DERB-2.7_20230725T1400%3ACEC-00339/results/1060251402/resdetectqntlmts,Lower Quantitation Limit,4.3,ng/L,,2025-04-18T14:28:40,STORET
21NYDECA_WQX,New York State Dec Division Of Water,21NYDECA_WQX-06-OTSL-21.1_20230823T1230:CEC-00377,Sample-Routine,Water,,2023-08-23,16:30:00,EDT,,,,,,,,,,,,RIBS Screening,Rotating Integrated Basin Studies (RIBS) Screening,NYSDEC,21NYDECA_WQX-23915,06-OTSL-21.1,,,,,42.5665627118,-75.8830556173,,,,,,STORET-1060251971,Not Detected,None,Perfluorooctanoic acid,Total,,,U,Accepted,,,,,,,,,,,,,,,,,,,,,,1633,USEPA,"Analysis of Per- and Polyfluoroalkyl Substances (PFAS) in Aqueous, Solid, Biosolids, and Tissue Samples by LC-MS/MS",,,CASKEL,2023-09-15,,https://www.waterqualitydata.us/data/providers/STORET/organizations/21NYDECA_WQX/activities/21NYDECA_WQX-06-OTSL-21.1_20230823T1230%3ACEC-00377/results/1060251971/resdetectqntlmts,Lower Quantitation Limit,4.6,ng/L,,2025-04-18T14:28:43,STORET
21NYDECA_WQX,New York State Dec Division Of Water,21NYDECA_WQX-06-WHAR-26.1_20230822T1145:CEC-00356,Sample-Routine,Water,,2023-08-22,15:45:00,EDT,,,,,,,,,,,,RIBS Screening,Rotating Integrated Basin Studies (RIBS) Screening,NYSDEC,21NYDECA_WQX-23924,06-WHAR-26.1,,,,,42.8263083214,-75.1354801468,,,,,,STORET-1060251683,Not Detected,None,Perfluorooctanoic acid,Total,,,U,Accepted,,,,,,,,,,,,,,,,,,,,,,1633,USEPA,"Analysis of Per- and Polyfluoroalkyl Substances (PFAS) in Aqueous, Solid, Biosolids, and Tissue Samples by LC-MS/MS",,,CASKEL,2023-09-15,,https://www.waterqualitydata.us/data/providers/STORET/organizations/21NYDECA_WQX/activities/21NYDECA_WQX-06-WHAR-26.1_20230822T1145%3ACEC-00356/results/1060251683/resdetectqntlmts,Lower Quantitation Limit,4.6,ng/L,,2025-04-18T14:28:42,STORET
21NYDECA_WQX,New York State Dec Division Of Water,21NYDECA_WQX-10-GCHZ_N-2.5_20230725T0000:CEC-00338,Sample-Routine,Water,,2023-07-25,04:00:00,EDT,,,,,,,,,,,,RIBS Screening,Rotating Integrated Basin Studies (RIBS) Screening,NYSDEC,21NYDECA_WQX-23933,10-GCHZ_N-2.5,,,,,44.9492943673,-73.6720832059,,,,,,STORET-1060251362,,None,Perfluorooctanoic acid,Total,3.1,ng/L,CON,Accepted,,Actual,,,,,,,,,,,,,,,,,,,,1633,USEPA,"Analysis of Per- and Polyfluoroalkyl Substances (PFAS) in Aqueous, Solid, Biosolids, and Tissue Samples by LC-MS/MS",,,CASKEL,2023-08-09,,https://www.waterqualitydata.us/data/providers/STORET/organizations/21NYDECA_WQX/activities/21NYDECA_WQX-10-GCHZ_N-2.5_20230725T0000%3ACEC-00338/results/1060251362/resdetectqntlmts,Lower Quantitation Limit,4.3,ng/L,,2025-04-18T14:28:40,STORET
21NYDECA_WQX,New York State Dec Division Of Water,21NYDECA_WQX-10-BOQT-28.5_20230726T1330:CEC-00349,Sample-Routine,Water,,2023-07-26,17:30:00,EDT,,,,,,,,,,,,RIBS Screening,Rotating Integrated Basin Studies (RIBS) Screening,NYSDEC,21NYDECA_WQX-2679,10-BOQT-28.5,,,,,44.2200300000,-73.5855200000,,,,,,STORET-1060251585,Not Detected,None,Perfluorooctanoic acid,Total,,,U,Accepted,,,,,,,,,,,,,,,,,,,,,,1633,USEPA,"Analysis of Per- and Polyfluoroalkyl Substances (PFAS) in Aqueous, Solid, Biosolids, and Tissue Samples by LC-MS/MS",,,CASKEL,2023-08-10,,https://www.waterqualitydata.us/data/providers/STORET/organizations/21NYDECA_WQX/activities/21NYDECA_WQX-10-BOQT-28.5_20230726T1330%3ACEC-00349/results/1060251585/resdetectqntlmts,Lower Quantitation Limit,4.3,ng/L,,2025-04-18T14:28:41,STORET
21NYDECA_WQX,New York State Dec Division Of Water,21NYDECA_WQX-1702GRA1055_DH_20230613T103600:CEC-00283,Sample-Routine,Water,,2023-06-13,10:36:00,EDT,,,,,,,,,,,,Lake Probability 21-25,Lake Probability Sampling 2021-2025,NYSDEC,21NYDECA_WQX-23595,1702GRA1055_DH,,,,,40.9615540000,-73.8515630000,,,,,,STORET-1060250493,,None,Perfluorooctanoic acid,Total,12,ng/L,CON,Accepted,,Actual,,,,,,,,,,,,,,,,,,,,1633,USEPA,"Analysis of Per- and Polyfluoroalkyl Substances (PFAS) in Aqueous, Solid, Biosolids, and Tissue Samples by LC-MS/MS",,,CASKEL,2023-06-28,,https://www.waterqualitydata.us/data/providers/STORET/organizations/21NYDECA_WQX/activities/21NYDECA_WQX-1702GRA1055_DH_20230613T103600%3ACEC-00283/results/1060250493/resdetectqntlmts,Lower Quantitation Limit,4.1,ng/L,,2025-04-18T14:28:36,STORET
21NYDECA_WQX,New York State Dec Division Of Water,21NYDECA_WQX-17-KENC_T20-0.5_20230926T1115:CEC-00471,Sample-Routine,Water,,2023-09-26,15:15:00,EDT,,,,,,,,,,,,RIBS Screening,Rotating Integrated Basin Studies (RIBS) Screening,NYSDEC,21NYDECA_WQX-24002,17-KENC_T20-0.5,,,,,41.1299565026,-73.7369423909,,,,,,STORET-1060253557,,None,Perfluorooctanoic acid,Total,11,ng/L,CON,Accepted,,Actual,,,,,,,,,,,,,,,,,,,,1633,USEPA,"Analysis of Per- and Polyfluoroalkyl Substances (PFAS) in Aqueous, Solid, Biosolids, and Tissue Samples by LC-MS/MS",,,CASKEL,2023-10-19,,https://www.waterqualitydata.us/data/providers/STORET/organizations/21NYDECA_WQX/activities/21NYDECA_WQX-17-KENC_T20-0.5_20230926T1115%3ACEC-00471/results/1060253557/resdetectqntlmts,Lower Quantitation Limit,4.6,ng/L,,2025-04-18T14:28:52,STORET
21NYDECA_WQX,New York State Dec Division Of Water,21NYDECA_WQX-17-BLND_T2-3.6_20230926T1200:CEC-00470,Sample-Routine,Water,,2023-09-26,16:00:00,EDT,,,,,,,,,,,,RIBS Screening,Rotating Integrated Basin Studies (RIBS) Screening,NYSDEC,21NYDECA_WQX-23998,17-BLND_T2-3.6,,,,,41.0515639766,-73.7069770125,,,,,,STORET-1060253517,,None,Perfluorooctanoic acid,Total,8.8,ng/L,CON,Accepted,,Actual,,,,,,,,,,,,,,,,,,,,1633,USEPA,"Analysis of Per- and Polyfluoroalkyl Substances (PFAS) in Aqueous, Solid, Biosolids, and Tissue Samples by LC-MS/MS",,,CASKEL,2023-10-19,,https://www.waterqualitydata.us/data/providers/STORET/organizations/21NYDECA_WQX/activities/21NYDECA_WQX-17-BLND_T2-3.6_20230926T1200%3ACEC-00470/results/1060253517/resdetectqntlmts,Lower Quantitation Limit,4.5,ng/L,,2025-04-18T14:28:52,STORET
21NYDECA_WQX,New York State Dec Division Of Water,21NYDECA_WQX-06-SANG_T11-1.0_20230824T1215:CEC-00368,Sample-Routine,Water,,2023-08-24,16:15:00,EDT,,,,,,,,,,,,RIBS Screening,Rotating Integrated Basin Studies (RIBS) Screening,NYSDEC,21NYDECA_WQX-23919,06-SANG_T11-1.0,,,,,42.7926272141,-75.5096637981,,,,,,STORET-1060251907,,None,Perfluorooctanoic acid,Total,1.8,ng/L,CON,Accepted,,Actual,,,,,,,,,,,,,,,,,,,,1633,USEPA,"Analysis of Per- and Polyfluoroalkyl Substances (PFAS) in Aqueous, Solid, Biosolids, and Tissue Samples by LC-MS/MS",,,CASKEL,2023-09-15,,https://www.waterqualitydata.us/data/providers/STORET/organizations/21NYDECA_WQX/activities/21NYDECA_WQX-06-SANG_T11-1.0_20230824T1215%3ACEC-00368/results/1060251907/resdetectqntlmts,Lower Quantitation Limit,4.7,ng/L,,2025-04-18T14:28:43,STORET
21NYDECA_WQX,New York State Dec Division Of Water,21NYDECA_WQX-10-IDIA_T1-5.0_20230727T1130:CEC-00351,Sample-Routine,Water,,2023-07-27,15:30:00,EDT,,,,,,,,,,,,RIBS Screening,Rotating Integrated Basin Studies (RIBS) Screening,NYSDEC,21NYDECA_WQX-23937,10-IDIA_T1-5.0,,,,,43.3653483224,-73.2912581890,,,,,,STORET-1060251631,,None,Perfluorooctanoic acid,Total,0.9,ng/L,CON,Accepted,,Actual,,,,,,,,,,,,,,,,,,,,1633,USEPA,"Analysis of Per- and Polyfluoroalkyl Substances (PFAS) in Aqueous, Solid, Biosolids, and Tissue Samples by LC-MS/MS",,,CASKEL,2023-08-21,,https://www.waterqualitydata.us/data/providers/STORET/organizations/21NYDECA_WQX/activities/21NYDECA_WQX-10-IDIA_T1-5.0_20230727T1130%3ACEC-00351/results/1060251631/resdetectqntlmts,Lower Quantitation Limit,4.5,ng/L,,2025-04-18T14:28:42,STORET
21NYDECA_WQX,New York State Dec Division Of Water,21NYDECA_WQX-0601UWB5827_DH_20230829T114500:CEC-00388,Sample-Routine,Water,,2023-08-29,11:45:00,EDT,,,,,,,,,,,,Lake Probability 21-25,Lake Probability Sampling 2021-2025,NYSDEC,21NYDECA_WQX-6614,0601UWB5827_DH,,,,,42.6356230100,-74.6940860700,,,,,,STORET-1060252229,Not Detected,None,Perfluorooctanoic acid,Total,,,U,Accepted,,,,,,,,,,,,,,,,,,,,,,1633,USEPA,"Analysis of Per- and Polyfluoroalkyl Substances (PFAS) in Aqueous, Solid, Biosolids, and Tissue Samples by LC-MS/MS",,,CASKEL,2023-09-15,,https://www.waterqualitydata.us/data/providers/STORET/organizations/21NYDECA_WQX/activities/21NYDECA_WQX-0601UWB5827_DH_20230829T114500%3ACEC-00388/results/1060252229/resdetectqntlmts,Lower Quantitation Limit,4,ng/L,,2025-04-18T14:28:45,STORET
21NYDECA_WQX,New York State Dec Division Of Water,21NYDECA_WQX-1005BUT5350_DH_20230921T104500:CEC-00391,Sample-Routine,Water,,2023-09-21,10:45:00,EDT,,,,,,,,,,,,Lake Probability 21-25,Lake Probability Sampling 2021-2025,NYSDEC,21NYDECA_WQX-17213,1005BUT5350_DH,,,,,43.3492050200,-73.7273483300,,,,,,STORET-1060252275,Not Detected,None,Perfluorooctanoic acid,Total,,,U,Accepted,,,,,,,,,,,,,,,,,,,,,,1633,USEPA,"Analysis of Per- and Polyfluoroalkyl Substances (PFAS) in Aqueous, Solid, Biosolids, and Tissue Samples by LC-MS/MS",,,CASKEL,2023-10-18,,https://www.waterqualitydata.us/data/providers/STORET/organizations/21NYDECA_WQX/activities/21NYDECA_WQX-1005BUT5350_DH_20230921T104500%3ACEC-00391/results/1060252275/resdetectqntlmts,Lower Quantitation Limit,4.3,ng/L,,2025-04-18T14:28:45,STORET
21NYDECA_WQX,New York State Dec Division Of Water,21NYDECA_WQX-0602PET0078_DH_20230816T104500:CEC-00422,Sample-Routine,Water,,2023-08-16,10:45:00,EDT,,,,,,,,,,,,Lake Probability 21-25,Lake Probability Sampling 2021-2025,NYSDEC,21NYDECA_WQX-4744,0602PET0078_DH,,,,,42.3523400000,-75.7989400000,,,,,,STORET-1060252780,Not Detected,None,Perfluorooctanoic acid,Total,,,U,Accepted,,,,,,,,,,,,,,,,,,,,,,1633,USEPA,"Analysis of Per- and Polyfluoroalkyl Substances (PFAS) in Aqueous, Solid, Biosolids, and Tissue Samples by LC-MS/MS",,,CASKEL,2023-09-07,,https://www.waterqualitydata.us/data/providers/STORET/organizations/21NYDECA_WQX/activities/21NYDECA_WQX-0602PET0078_DH_20230816T104500%3ACEC-00422/results/1060252780/resdetectqntlmts,Lower Quantitation Limit,4.3,ng/L,,2025-04-18T14:28:48,STORET
21NYDECA_WQX,New York State Dec Division Of Water,21NYDECA_WQX-17-MIAN-13.3_20230926T1330:CEC-00462,Sample-Routine,Water,,2023-09-26,17:30:00,EDT,,,,,,,,,,,,RIBS Screening,Rotating Integrated Basin Studies (RIBS) Screening,NYSDEC,21NYDECA_WQX-8660,17-MIAN-13.3,,,,,41.1938900000,-73.6247200000,,,,,,STORET-1060253345,,None,Perfluorooctanoic acid,Total,4.9,ng/L,CON,Accepted,,Actual,,,,,,,,,,,,,,,,,,,,1633,USEPA,"Analysis of Per- and Polyfluoroalkyl Substances (PFAS) in Aqueous, Solid, Biosolids, and Tissue Samples by LC-MS/MS",,,CASKEL,2023-10-18,,https://www.waterqualitydata.us/data/providers/STORET/organizations/21NYDECA_WQX/activities/21NYDECA_WQX-17-MIAN-13.3_20230926T1330%3ACEC-00462/results/1060253345/resdetectqntlmts,Lower Quantitation Limit,4.4,ng/L,,2025-04-18T14:28:51,STORET
21NYDECA_WQX,New York State Dec Division Of Water,21NYDECA_WQX-1003CHU0056_DH_20230809T131900:CEC-00404,Sample-Routine,Water,,2023-08-09,13:19:00,EDT,,,,,,,,,,,,Lake Probability 21-25,Lake Probability Sampling 2021-2025,NYSDEC,21NYDECA_WQX-11006,1003CHU0056_DH,,,,,44.5239705800,-74.1007924000,,,,,,STORET-1060252390,Not Detected,None,Perfluorooctanoic acid,Total,,,U,Accepted,,,,,,,,,,,,,,,,,,,,,,1633,USEPA,"Analysis of Per- and Polyfluoroalkyl Substances (PFAS) in Aqueous, Solid, Biosolids, and Tissue Samples by LC-MS/MS",,,CASKEL,2023-08-21,,https://www.waterqualitydata.us/data/providers/STORET/organizations/21NYDECA_WQX/activities/21NYDECA_WQX-1003CHU0056_DH_20230809T131900%3ACEC-00404/results/1060252390/resdetectqntlmts,Lower Quantitation Limit,4.1,ng/L,,2025-04-18T14:28:46,STORET
21NYDECA_WQX,New York State Dec Division Of Water,21NYDECA_WQX-17-MILI-2.9_20230926T1130:CEC-00465,Sample-Routine,Water,,2023-09-26,15:30:00,EDT,,,,,,,,,,,,RIBS Screening,Rotating Integrated Basin Studies (RIBS) Screening,NYSDEC,21NYDECA_WQX-8666,17-MILI-2.9,,,,,41.2125000000,-73.5530500000,,,,,,STORET-1060253465,,None,Perfluorooctanoic acid,Total,2.6,ng/L,CON,Accepted,,Actual,,,,,,,,,,,,,,,,,,,,1633,USEPA,"Analysis of Per- and Polyfluoroalkyl Substances (PFAS) in Aqueous, Solid, Biosolids, and Tissue Samples by LC-MS/MS",,,CASKEL,2023-10-19,,https://www.waterqualitydata.us/data/providers/STORET/organizations/21NYDECA_WQX/activities/21NYDECA_WQX-17-MILI-2.9_20230926T1130%3ACEC-00465/results/1060253465/resdetectqntlmts,Lower Quantitation Limit,4.5,ng/L,,2025-04-18T14:28:51,STORET
21NYDECA_WQX,New York State Dec Division Of Water,21NYDECA_WQX-1702GRE0378_DH_20230614T095000:CEC-00311,Sample-Routine,Water,,2023-06-14,09:50:00,EDT,,,,,,,,,,,,Lake Probability 21-25,Lake Probability Sampling 2021-2025,NYSDEC,21NYDECA_WQX-23598,1702GRE0378_DH,,,,,41.0671220000,-72.4542760000,,,,,,STORET-1060250946,,None,Perfluorooctanoic acid,Total,2.8,ng/L,CON,Accepted,,Actual,,,,,,,,,,,,,,,,,,,,1633,USEPA,"Analysis of Per- and Polyfluoroalkyl Substances (PFAS) in Aqueous, Solid, Biosolids, and Tissue Samples by LC-MS/MS",,,CASKEL,2023-07-06,,https://www.waterqualitydata.us/data/providers/STORET/organizations/21NYDECA_WQX/activities/21NYDECA_WQX-1702GRE0378_DH_20230614T095000%3ACEC-00311/results/1060250946/resdetectqntlmts,Lower Quantitation Limit,4.1,ng/L,,2025-04-18T14:28:38,STORET
21NYDECA_WQX,New York State Dec Division Of Water,21NYDECA_WQX-1002UWB5009_DH_20230627T112500:CEC-00287,Sample-Routine,Water,,2023-06-27,11:25:00,EDT,,,,,,,,,,,,Lake Probability 21-25,Lake Probability Sampling 2021-2025,NYSDEC,21NYDECA_WQX-10563,1002UWB5009_DH,,,,,44.8781286900,-73.4227385300,,,,,,STORET-1060250585,,None,Perfluorooctanoic acid,Total,2.9,ng/L,CON,Accepted,,Actual,,,,,,,,,,,,,,,,,,,,1633,USEPA,"Analysis of Per- and Polyfluoroalkyl Substances (PFAS) in Aqueous, Solid, Biosolids, and Tissue Samples by LC-MS/MS",,,CASKEL,2023-07-14,,https://www.waterqualitydata.us/data/providers/STORET/organizations/21NYDECA_WQX/activities/21NYDECA_WQX-1002UWB5009_DH_20230627T112500%3ACEC-00287/results/1060250585/resdetectqntlmts,Lower Quantitation Limit,4.1,ng/L,,2025-04-18T14:28:36,STORET
21NYDECA_WQX,New York State Dec Division Of Water,21NYDECA_WQX-06-CHAR-24.8_20230822T0830:CEC-00360,Sample-Routine,Water,,2023-08-22,12:30:00,EDT,,,,,,,,,,,,RIBS Screening,Rotating Integrated Basin Studies (RIBS) Screening,NYSDEC,21NYDECA_WQX-23905,06-CHAR-24.8,,,,,42.5439980288,-74.6634513700,,,,,,STORET-1060251769,Not Detected,None,Perfluorooctanoic acid,Total,,,U,Accepted,,,,,,,,,,,,,,,,,,,,,,1633,USEPA,"Analysis of Per- and Polyfluoroalkyl Substances (PFAS) in Aqueous, Solid, Biosolids, and Tissue Samples by LC-MS/MS",,,CASKEL,2023-09-15,,https://www.waterqualitydata.us/data/providers/STORET/organizations/21NYDECA_WQX/activities/21NYDECA_WQX-06-CHAR-24.8_20230822T0830%3ACEC-00360/results/1060251769/resdetectqntlmts,Lower Quantitation Limit,4.6,ng/L,,2025-04-18T14:28:42,STORET
21NYDECA_WQX,New York State Dec Division Of Water,21NYDECA_WQX-1702HIG1106K_DH_20230906T115200:CEC-00440,Sample-Routine,Water,,2023-09-06,11:52:00,EDT,,,,,,,,,,,,Lake Probability 21-25,Lake Probability Sampling 2021-2025,NYSDEC,21NYDECA_WQX-23603,1702HIG1106K_DH,,,,,41.1667160400,-73.6045391600,,,,,,STORET-1060253055,,None,Perfluorooctanoic acid,Total,5.6,ng/L,CON,Accepted,,Actual,,,,,,,,,,,,,,,,,,,,1633,USEPA,"Analysis of Per- and Polyfluoroalkyl Substances (PFAS) in Aqueous, Solid, Biosolids, and Tissue Samples by LC-MS/MS",,,CASKEL,2023-10-04,,https://www.waterqualitydata.us/data/providers/STORET/organizations/21NYDECA_WQX/activities/21NYDECA_WQX-1702HIG1106K_DH_20230906T115200%3ACEC-00440/results/1060253055/resdetectqntlmts,Lower Quantitation Limit,4,ng/L,,2025-04-18T14:28:49,STORET
21NYDECA_WQX,New York State Dec Division Of Water,21NYDECA_WQX-1003STG0201_DH_20230628T153000:CEC-00301,Sample-Routine,Water,,2023-06-28,15:30:00,EDT,,,,,,,,,,,,Lake Probability 21-25,Lake Probability Sampling 2021-2025,NYSDEC,21NYDECA_WQX-16031,1003STG0201_DH,,,,,44.3782774700,-74.2637261100,,,,,,STORET-1060250698,,None,Perfluorooctanoic acid,Total,1.6,ng/L,CON,Accepted,,Actual,,,,,,,,,,,,,,,,,,,,1633,USEPA,"Analysis of Per- and Polyfluoroalkyl Substances (PFAS) in Aqueous, Solid, Biosolids, and Tissue Samples by LC-MS/MS",,,CASKEL,2023-07-27,,https://www.waterqualitydata.us/data/providers/STORET/organizations/21NYDECA_WQX/activities/21NYDECA_WQX-1003STG0201_DH_20230628T153000%3ACEC-00301/results/1060250698/resdetectqntlmts,Lower Quantitation Limit,4,ng/L,,2025-04-18T14:28:37,STORET
21NYDECA_WQX,New York State Dec Division Of Water,21NYDECA_WQX-1005NOR0340_DH_20230920T124500:CEC-00452,Sample-Routine,Water,,2023-09-20,12:45:00,EDT,,,,,,,,,,,,Lake Probability 21-25,Lake Probability Sampling 2021-2025,NYSDEC,21NYDECA_WQX-17370,1005NOR0340_DH,,,,,44.1301713000,-73.5096662500,,,,,,STORET-1060253244,Not Detected,None,Perfluorooctanoic acid,Total,,,U,Accepted,,,,,,,,,,,,,,,,,,,,,,1633,USEPA,"Analysis of Per- and Polyfluoroalkyl Substances (PFAS) in Aqueous, Solid, Biosolids, and Tissue Samples by LC-MS/MS",,,CASKEL,2023-10-12,,https://www.waterqualitydata.us/data/providers/STORET/organizations/21NYDECA_WQX/activities/21NYDECA_WQX-1005NOR0340_DH_20230920T124500%3ACEC-00452/results/1060253244/resdetectqntlmts,Lower Quantitation Limit,4.3,ng/L,,2025-04-18T14:28:50,STORET
21NYDECA_WQX,New York State Dec Division Of Water,21NYDECA_WQX-1003SUN0188_DH_20230628T100100:CEC-00302,Sample-Routine,Water,,2023-06-28,10:01:00,EDT,,,,,,,,,,,,Lake Probability 21-25,Lake Probability Sampling 2021-2025,NYSDEC,21NYDECA_WQX-16035,1003SUN0188_DH,,,,,44.3462387700,-74.3001707300,,,,,,STORET-1060250737,,None,Perfluorooctanoic acid,Total,2.2,ng/L,CON,Accepted,,Actual,,,,,,,,,,,,,,,,,,,,1633,USEPA,"Analysis of Per- and Polyfluoroalkyl Substances (PFAS) in Aqueous, Solid, Biosolids, and Tissue Samples by LC-MS/MS",,,CASKEL,2023-07-27,,https://www.waterqualitydata.us/data/providers/STORET/organizations/21NYDECA_WQX/activities/21NYDECA_WQX-1003SUN0188_DH_20230628T100100%3ACEC-00302/results/1060250737/resdetectqntlmts,Lower Quantitation Limit,4.1,ng/L,,2025-04-18T14:28:37,STORET
21NYDECA_WQX,New York State Dec Division Of Water,21NYDECA_WQX-06-CHAS-1.7_20230822T1345:CEC-00357,Sample-Routine,Water,,2023-08-22,17:45:00,EDT,,,,,,,,,,,,RIBS Screening,Rotating Integrated Basin Studies (RIBS) Screening,NYSDEC,21NYDECA_WQX-23906,06-CHAS-1.7,,,,,42.6639353870,-74.9722142768,,,,,,STORET-1060251723,,None,Perfluorooctanoic acid,Total,1,ng/L,CON,Accepted,,Actual,,,,,,,,,,,,,,,,,,,,1633,USEPA,"Analysis of Per- and Polyfluoroalkyl Substances (PFAS) in Aqueous, Solid, Biosolids, and Tissue Samples by LC-MS/MS",,,CASKEL,2023-09-15,,https://www.waterqualitydata.us/data/providers/STORET/organizations/21NYDECA_WQX/activities/21NYDECA_WQX-06-CHAS-1.7_20230822T1345%3ACEC-00357/results/1060251723/resdetectqntlmts,Lower Quantitation Limit,4.7,ng/L,,2025-04-18T14:28:42,STORET
21NYDECA_WQX,New York State Dec Division Of Water,21NYDECA_WQX-0601SWE0174A_DH_20230718T143800:CEC-00318,Sample-Routine,Water,,2023-07-18,14:38:00,EDT,,,,,,,,,,,,Lake Probability 21-25,Lake Probability Sampling 2021-2025,NYSDEC,21NYDECA_WQX-5589,0601SWE0174A_DH,,,,,42.0985361300,-75.7377755700,,,,,,STORET-1060251004,,None,Perfluorooctanoic acid,Total,1.6,ng/L,CON,Accepted,,Actual,,,,,,,,,,,,,,,,,,,,1633,USEPA,"Analysis of Per- and Polyfluoroalkyl Substances (PFAS) in Aqueous, Solid, Biosolids, and Tissue Samples by LC-MS/MS",,,CASKEL,2023-08-09,,https://www.waterqualitydata.us/data/providers/STORET/organizations/21NYDECA_WQX/activities/21NYDECA_WQX-0601SWE0174A_DH_20230718T143800%3ACEC-00318/results/1060251004/resdetectqntlmts,Lower Quantitation Limit,4.2,ng/L,,2025-04-18T14:28:38,STORET
21NYDECA_WQX,New York State Dec Division Of Water,21NYDECA_WQX-10-GRAV-7.8_20230725T1200:CEC-00322,Sample-Routine,Water,,2023-07-25,16:00:00,EDT,,,,,,,,,,,,RIBS Screening,Rotating Integrated Basin Studies (RIBS) Screening,NYSDEC,21NYDECA_WQX-23934,10-GRAV-7.8,,,,,44.8654337469,-73.7851535329,,,,,,STORET-1060251129,,None,Perfluorooctanoic acid,Total,2.1,ng/L,CON,Accepted,,Actual,,,,,,,,,,,,,,,,,,,,1633,USEPA,"Analysis of Per- and Polyfluoroalkyl Substances (PFAS) in Aqueous, Solid, Biosolids, and Tissue Samples by LC-MS/MS",,,CASKEL,2023-08-21,,https://www.waterqualitydata.us/data/providers/STORET/organizations/21NYDECA_WQX/activities/21NYDECA_WQX-10-GRAV-7.8_20230725T1200%3ACEC-00322/results/1060251129/resdetectqntlmts,Lower Quantitation Limit,4.4,ng/L,,2025-04-18T14:28:39,STORET
21NYDECA_WQX,New York State Dec Division Of Water,21NYDECA_WQX-10-CBRK-4.1_20230726T0900:CEC-00329,Sample-Routine,Water,,2023-07-26,13:00:00,EDT,,,,,,,,,,,,RIBS Screening,Rotating Integrated Basin Studies (RIBS) Screening,NYSDEC,21NYDECA_WQX-23929,10-CBRK-4.1,,,,,44.6206477969,-73.9043557274,,,,,,STORET-1060251187,Not Detected,None,Perfluorooctanoic acid,Total,,,U,Accepted,,,,,,,,,,,,,,,,,,,,,,1633,USEPA,"Analysis of Per- and Polyfluoroalkyl Substances (PFAS) in Aqueous, Solid, Biosolids, and Tissue Samples by LC-MS/MS",,,CASKEL,2023-08-09,,https://www.waterqualitydata.us/data/providers/STORET/organizations/21NYDECA_WQX/activities/21NYDECA_WQX-10-CBRK-4.1_20230726T0900%3ACEC-00329/results/1060251187/resdetectqntlmts,Lower Quantitation Limit,4.4,ng/L,,2025-04-18T14:28:39,STORET
21NYDECA_WQX,New York State Dec Division Of Water,21NYDECA_WQX-06-SUSQ_T16-0.1_20230823T1252:CEC-00366,Sample-Routine,Water,,2023-08-23,16:52:00,EDT,,,,,,,,,,,,RIBS Screening,Rotating Integrated Basin Studies (RIBS) Screening,NYSDEC,21NYDECA_WQX-23920,06-SUSQ_T16-0.1,,,,,42.0867420457,-76.3112886944,,,,,,STORET-1060251861,Not Detected,None,Perfluorooctanoic acid,Total,,,U,Accepted,,,,,,,,,,,,,,,,,,,,,,1633,USEPA,"Analysis of Per- and Polyfluoroalkyl Substances (PFAS) in Aqueous, Solid, Biosolids, and Tissue Samples by LC-MS/MS",,,CASKEL,2023-09-15,,https://www.waterqualitydata.us/data/providers/STORET/organizations/21NYDECA_WQX/activities/21NYDECA_WQX-06-SUSQ_T16-0.1_20230823T1252%3ACEC-00366/results/1060251861/resdetectqntlmts,Lower Quantitation Limit,4.6,ng/L,,2025-04-18T14:28:43,STORET
21NYDECA_WQX,New York State Dec Division Of Water,21NYDECA_WQX-1004DAV0210C_DH_20230628T072300:CEC-00304,Sample-Routine,Water,,2023-06-28,07:23:00,EDT,,,,,,,,,,,,Lake Probability 21-25,Lake Probability Sampling 2021-2025,NYSDEC,21NYDECA_WQX-16613,1004DAV0210C_DH,,,,,44.6176516000,-73.6086520900,,,,,,STORET-1060250815,,None,Perfluorooctanoic acid,Total,2.4,ng/L,CON,Accepted,,Actual,,,,,,,,,,,,,,,,,,,,1633,USEPA,"Analysis of Per- and Polyfluoroalkyl Substances (PFAS) in Aqueous, Solid, Biosolids, and Tissue Samples by LC-MS/MS",,,CASKEL,2023-07-27,,https://www.waterqualitydata.us/data/providers/STORET/organizations/21NYDECA_WQX/activities/21NYDECA_WQX-1004DAV0210C_DH_20230628T072300%3ACEC-00304/results/1060250815/resdetectqntlmts,Lower Quantitation Limit,4,ng/L,,2025-04-18T14:28:38,STORET
21NYDECA_WQX,New York State Dec Division Of Water,21NYDECA_WQX-10-TWOB-1.3_20230726T1315:CEC-00330,Sample-Routine,Water,,2023-07-26,17:15:00,EDT,,,,,,,,,,,,RIBS Screening,Rotating Integrated Basin Studies (RIBS) Screening,NYSDEC,21NYDECA_WQX-2732,10-TWOB-1.3,,,,,44.4085500000,-74.0842600000,,,,,,STORET-1060251227,,None,Perfluorooctanoic acid,Total,2.6,ng/L,CON,Accepted,,Actual,,,,,,,,,,,,,,,,,,,,1633,USEPA,"Analysis of Per- and Polyfluoroalkyl Substances (PFAS) in Aqueous, Solid, Biosolids, and Tissue Samples by LC-MS/MS",,,CASKEL,2023-08-09,,https://www.waterqualitydata.us/data/providers/STORET/organizations/21NYDECA_WQX/activities/21NYDECA_WQX-10-TWOB-1.3_20230726T1315%3ACEC-00330/results/1060251227/resdetectqntlmts,Lower Quantitation Limit,4.3,ng/L,,2025-04-18T14:28:40,STORET
21NYDECA_WQX,New York State Dec Division Of Water,21NYDECA_WQX-10-SABL_W-19.0_20230726T1015:CEC-00393,Sample-Routine,Water,,2023-07-26,14:15:00,EDT,,,,,,,,,,,,RIBS Screening,Rotating Integrated Basin Studies (RIBS) Screening,NYSDEC,21NYDECA_WQX-23949,10-SABL_W-19.0,,,,,44.3041525730,-73.9214766555,,,,,,STORET-1060252320,Not Detected,None,Perfluorooctanoic acid,Total,,,U,Accepted,,,,,,,,,,,,,,,,,,,,,,1633,USEPA,"Analysis of Per- and Polyfluoroalkyl Substances (PFAS) in Aqueous, Solid, Biosolids, and Tissue Samples by LC-MS/MS",,,CASKEL,2023-08-21,,https://www.waterqualitydata.us/data/providers/STORET/organizations/21NYDECA_WQX/activities/21NYDECA_WQX-10-SABL_W-19.0_20230726T1015%3ACEC-00393/results/1060252320/resdetectqntlmts,Lower Quantitation Limit,4.4,ng/L,,2025-04-18T14:28:45,STORET
21NYDECA_WQX,New York State Dec Division Of Water,21NYDECA_WQX-17-CARM-9.0_20230927T0800:CEC-00490,Sample-Routine,Water,,2023-09-27,12:00:00,EDT,,,,,,,,,,,,RIBS Screening,Rotating Integrated Basin Studies (RIBS) Screening,NYSDEC,21NYDECA_WQX-8498,17-CARM-9.0,,,,,40.8300000000,-72.9069400000,,,,,,STORET-1060253879,,None,Perfluorooctanoic acid,Total,2.3,ng/L,CON,Accepted,,Actual,,,,,,,,,,,,,,,,,,,,1633,USEPA,"Analysis of Per- and Polyfluoroalkyl Substances (PFAS) in Aqueous, Solid, Biosolids, and Tissue Samples by LC-MS/MS",,,CASKEL,2023-11-02,,https://www.waterqualitydata.us/data/providers/STORET/organizations/21NYDECA_WQX/activities/21NYDECA_WQX-17-CARM-9.0_20230927T0800%3ACEC-00490/results/1060253879/resdetectqntlmts,Lower Quantitation Limit,4.4,ng/L,,2025-04-18T14:28:53,STORET
21NYDECA_WQX,New York State Dec Division Of Water,21NYDECA_WQX-10-BOQT-11.9_20230726T1230:CEC-00348,Sample-Routine,Water,,2023-07-26,16:30:00,EDT,,,,,,,,,,,,RIBS Screening,Rotating Integrated Basin Studies (RIBS) Screening,NYSDEC,21NYDECA_WQX-23926,10-BOQT-11.9,,,,,44.2525537786,-73.4058367767,,,,,,STORET-1060251545,Not Detected,None,Perfluorooctanoic acid,Total,,,U,Accepted,,,,,,,,,,,,,,,,,,,,,,1633,USEPA,"Analysis of Per- and Polyfluoroalkyl Substances (PFAS) in Aqueous, Solid, Biosolids, and Tissue Samples by LC-MS/MS",,,CASKEL,2023-08-10,,https://www.waterqualitydata.us/data/providers/STORET/organizations/21NYDECA_WQX/activities/21NYDECA_WQX-10-BOQT-11.9_20230726T1230%3ACEC-00348/results/1060251545/resdetectqntlmts,Lower Quantitation Limit,4.3,ng/L,,2025-04-18T14:28:41,STORET
21NYDECA_WQX,New York State Dec Division Of Water,21NYDECA_WQX-1005RAT5336_DH_20230919T113500:CEC-00444,Sample-Routine,Water,,2023-09-19,11:35:00,EDT,,,,,,,,,,,,Lake Probability 21-25,Lake Probability Sampling 2021-2025,NYSDEC,21NYDECA_WQX-17490,1005RAT5336_DH,,,,,43.4237642100,-73.2566368600,,,,,,STORET-1060253147,,None,Perfluorooctanoic acid,Total,2.8,ng/L,CON,Accepted,,Actual,,,,,,,,,,,,,,,,,,,,1633,USEPA,"Analysis of Per- and Polyfluoroalkyl Substances (PFAS) in Aqueous, Solid, Biosolids, and Tissue Samples by LC-MS/MS",,,CASKEL,2023-10-13,,https://www.waterqualitydata.us/data/providers/STORET/organizations/21NYDECA_WQX/activities/21NYDECA_WQX-1005RAT5336_DH_20230919T113500%3ACEC-00444/results/1060253147/resdetectqntlmts,Lower Quantitation Limit,4.3,ng/L,,2025-04-18T14:28:50,STORET
21NYDECA_WQX,New York State Dec Division Of Water,21NYDECA_WQX-1003BLA0130_DH_20230810T102900:CEC-00405,Sample-Routine,Water,,2023-08-10,10:29:00,EDT,,,,,,,,,,,,Lake Probability 21-25,Lake Probability Sampling 2021-2025,NYSDEC,21NYDECA_WQX-10996,1003BLA0130_DH,,,,,44.3080572400,-74.3810488100,,,,,,STORET-1060252430,,None,Perfluorooctanoic acid,Total,2.1,ng/L,ISAC,Accepted,,Actual,,,,,,,,,,,,,,,,,,,,1633,USEPA,"Analysis of Per- and Polyfluoroalkyl Substances (PFAS) in Aqueous, Solid, Biosolids, and Tissue Samples by LC-MS/MS",,,CASKEL,2023-09-11,,https://www.waterqualitydata.us/data/providers/STORET/organizations/21NYDECA_WQX/activities/21NYDECA_WQX-1003BLA0130_DH_20230810T102900%3ACEC-00405/results/1060252430/resdetectqntlmts,Lower Quantitation Limit,4.2,ng/L,,2025-04-18T14:28:46,STORET
21NYDECA_WQX,New York State Dec Division Of Water,21NYDECA_WQX-06-CSPR-3.5_20230824T0930:CEC-00379,Sample-Routine,Water,,2023-08-24,13:30:00,EDT,,,,,,,,,,,,RIBS Screening,Rotating Integrated Basin Studies (RIBS) Screening,NYSDEC,21NYDECA_WQX-23908,06-CSPR-3.5,,,,,42.7200391820,-75.5749001407,,,,,,STORET-1060252051,,None,Perfluorooctanoic acid,Total,1.1,ng/L,CON,Accepted,,Actual,,,,,,,,,,,,,,,,,,,,1633,USEPA,"Analysis of Per- and Polyfluoroalkyl Substances (PFAS) in Aqueous, Solid, Biosolids, and Tissue Samples by LC-MS/MS",,,CASKEL,2023-09-15,,https://www.waterqualitydata.us/data/providers/STORET/organizations/21NYDECA_WQX/activities/21NYDECA_WQX-06-CSPR-3.5_20230824T0930%3ACEC-00379/results/1060252051/resdetectqntlmts,Lower Quantitation Limit,4.6,ng/L,,2025-04-18T14:28:44,STORET
21NYDECA_WQX,New York State Dec Division Of Water,21NYDECA_WQX-10-LCHZ-8.9_20230725T1230:CEC-00333,Sample-Routine,Water,,2023-07-25,16:30:00,EDT,,,,,,,,,,,,RIBS Screening,Rotating Integrated Basin Studies (RIBS) Screening,NYSDEC,21NYDECA_WQX-23940,10-LCHZ-8.9,,,,,44.8448142720,-73.4706739708,,,,,,STORET-1060251312,,None,Perfluorooctanoic acid,Total,11,ng/L,CON,Accepted,,Actual,,,,,,,,,,,,,,,,,,,,1633,USEPA,"Analysis of Per- and Polyfluoroalkyl Substances (PFAS) in Aqueous, Solid, Biosolids, and Tissue Samples by LC-MS/MS",,,CASKEL,2023-08-09,,https://www.waterqualitydata.us/data/providers/STORET/organizations/21NYDECA_WQX/activities/21NYDECA_WQX-10-LCHZ-8.9_20230725T1230%3ACEC-00333/results/1060251312/resdetectqntlmts,Lower Quantitation Limit,4.4,ng/L,,2025-04-18T14:28:40,STORET
21NYDECA_WQX,New York State Dec Division Of Water,21NYDECA_WQX-17-MILI_T5-0.6_20230926T1230:CEC-00463,Sample-Routine,Water,,2023-09-26,16:30:00,EDT,,,,,,,,,,,,RIBS Screening,Rotating Integrated Basin Studies (RIBS) Screening,NYSDEC,21NYDECA_WQX-24004,17-MILI_T5-0.6,,,,,41.2122533381,-73.5672581909,,,,,,STORET-1060253385,,None,Perfluorooctanoic acid,Total,5.6,ng/L,CON,Accepted,,Actual,,,,,,,,,,,,,,,,,,,,1633,USEPA,"Analysis of Per- and Polyfluoroalkyl Substances (PFAS) in Aqueous, Solid, Biosolids, and Tissue Samples by LC-MS/MS",,,CASKEL,2023-10-18,,https://www.waterqualitydata.us/data/providers/STORET/organizations/21NYDECA_WQX/activities/21NYDECA_WQX-17-MILI_T5-0.6_20230926T1230%3ACEC-00463/results/1060253385/resdetectqntlmts,Lower Quantitation Limit,4.5,ng/L,,2025-04-18T14:28:51,STORET
21NYDECA_WQX,New York State Dec Division Of Water,21NYDECA_WQX-1702BRY1106_DH_20230905T143200:CEC-00439,Sample-Routine,Water,,2023-09-05,14:32:00,EDT,,,,,,,,,,,,Lake Probability 21-25,Lake Probability Sampling 2021-2025,NYSDEC,21NYDECA_WQX-23567,1702BRY1106_DH,,,,,41.1728000000,-73.6932900000,,,,,,STORET-1060253015,,None,Perfluorooctanoic acid,Total,3.5,ng/L,CON,Accepted,,Actual,,,,,,,,,,,,,,,,,,,,1633,USEPA,"Analysis of Per- and Polyfluoroalkyl Substances (PFAS) in Aqueous, Solid, Biosolids, and Tissue Samples by LC-MS/MS",,,CASKEL,2023-10-04,,https://www.waterqualitydata.us/data/providers/STORET/organizations/21NYDECA_WQX/activities/21NYDECA_WQX-1702BRY1106_DH_20230905T143200%3ACEC-00439/results/1060253015/resdetectqntlmts,Lower Quantitation Limit,4,ng/L,,2025-04-18T14:28:49,STORET
21NYDECA_WQX,New York State Dec Division Of Water,21NYDECA_WQX-0602TOR0049_DH_20230830T112500:CEC-00428,Sample-Routine,Water,,2023-08-30,11:25:00,EDT,,,,,,,,,,,,Lake Probability 21-25,Lake Probability Sampling 2021-2025,NYSDEC,21NYDECA_WQX-4890,0602TOR0049_DH,,,,,42.8235027600,-75.7154408400,,,,,,STORET-1060252871,Not Detected,None,Perfluorooctanoic acid,Total,,,U,Accepted,,,,,,,,,,,,,,,,,,,,,,1633,USEPA,"Analysis of Per- and Polyfluoroalkyl Substances (PFAS) in Aqueous, Solid, Biosolids, and Tissue Samples by LC-MS/MS",,,CASKEL,2023-09-27,,https://www.waterqualitydata.us/data/providers/STORET/organizations/21NYDECA_WQX/activities/21NYDECA_WQX-0602TOR0049_DH_20230830T112500%3ACEC-00428/results/1060252871/resdetectqntlmts,Lower Quantitation Limit,3.9,ng/L,,2025-04-18T14:28:48,STORET
21NYDECA_WQX,New York State Dec Division Of Water,21NYDECA_WQX-1701UWB0986B_DH_20230912T132500:CEC-00442,Sample-Routine,Water,,2023-09-12,13:25:00,EDT,,,,,,,,,,,,Lake Probability 21-25,Lake Probability Sampling 2021-2025,NYSDEC,21NYDECA_WQX-22989,1701UWB0986B_DH,,,,,40.7092669000,-73.5499124500,,,,,,STORET-1060253101,,None,Perfluorooctanoic acid,Total,7.4,ng/L,CON,Accepted,,Actual,,,,,,,,,,,,,,,,,,,,1633,USEPA,"Analysis of Per- and Polyfluoroalkyl Substances (PFAS) in Aqueous, Solid, Biosolids, and Tissue Samples by LC-MS/MS",,,CASKEL,2023-10-13,,https://www.waterqualitydata.us/data/providers/STORET/organizations/21NYDECA_WQX/activities/21NYDECA_WQX-1701UWB0986B_DH_20230912T132500%3ACEC-00442/results/1060253101/resdetectqntlmts,Lower Quantitation Limit,4.3,ng/L,,2025-04-18T14:28:50,STORET
21NYDECA_WQX,New York State Dec Division Of Water,21NYDECA_WQX-1702CRA1063D_DH_20230613T134500:CEC-00282,Sample-Routine,Water,,2023-06-13,13:45:00,EDT,,,,,,,,,,,,Lake Probability 21-25,Lake Probability Sampling 2021-2025,NYSDEC,21NYDECA_WQX-23578,1702CRA1063D_DH,,,,,41.0760272700,-73.7550956900,,,,,,STORET-1060250453,,None,Perfluorooctanoic acid,Total,6.2,ng/L,CON,Accepted,,Actual,,,,,,,,,,,,,,,,,,,,1633,USEPA,"Analysis of Per- and Polyfluoroalkyl Substances (PFAS) in Aqueous, Solid, Biosolids, and Tissue Samples by LC-MS/MS",,,CASKEL,2023-06-28,,https://www.waterqualitydata.us/data/providers/STORET/organizations/21NYDECA_WQX/activities/21NYDECA_WQX-1702CRA1063D_DH_20230613T134500%3ACEC-00282/results/1060250453/resdetectqntlmts,Lower Quantitation Limit,4,ng/L,,2025-04-18T14:28:36,STORET
21NYDECA_WQX,New York State Dec Division Of Water,21NYDECA_WQX-0601UWBXX1_DH_20230829T120500:CEC-00387,Sample-Routine,Water,,2023-08-29,12:05:00,EDT,,,,,,,,,,,,Lake Probability 21-25,Lake Probability Sampling 2021-2025,NYSDEC,21NYDECA_WQX-6631,0601UWBXX1_DH,,,,,42.7875856800,-75.2869126900,,,,,,STORET-1060252189,,None,Perfluorooctanoic acid,Total,1.1,ng/L,CON,Accepted,,Actual,,,,,,,,,,,,,,,,,,,,1633,USEPA,"Analysis of Per- and Polyfluoroalkyl Substances (PFAS) in Aqueous, Solid, Biosolids, and Tissue Samples by LC-MS/MS",,,CASKEL,2023-09-15,,https://www.waterqualitydata.us/data/providers/STORET/organizations/21NYDECA_WQX/activities/21NYDECA_WQX-0601UWBXX1_DH_20230829T120500%3ACEC-00387/results/1060252189/resdetectqntlmts,Lower Quantitation Limit,4.2,ng/L,,2025-04-18T14:28:45,STORETEPA_GLNPO,EPA Great Lakes National Program,EPA_GLNPO-P607:WAT2018:LOFO_2018_w:4036284,Sample-Routine,Water,Surface Water,2018-06-13,00:00:00,EDT,2018-06-13,00:00:00,EDT,Other,,,,,,,,FMP-CSMISSP2018,Fish Monitoring Program CSMI Special Studies Program - 2018,Clarkson University,EPA_GLNPO-P607,Grid0713-North Hamlin,,,,,43.4166670000,-77.9166670000,DipPole,EPA_GLNPO,Dip Pole,Pole used for water sample collection,Dip Pole,STORET-792889956,,,Perfluorooctane sulfonic acid,,3.5267742761978,ng/L,,Accepted,,Actual,,,,,3,,,,,- LOFO_2018_watp_2-RFS0-PFOS,,,,,,,,,,Clarkson-PFC,EPA_GLNPO,PFCs by UPLC-QToF,,,,2018-07-09,,https://www.waterqualitydata.us/data/providers/STORET/organizations/EPA_GLNPO/activities/EPA_GLNPO-P607%3AWAT2018%3ALOFO_2018_w%3A4036284/results/792889956/resdetectqntlmts,Method Detection Level,0.0368,ng/L,,2019-07-23T15:03:14,STORET
EPA_GLNPO,EPA Great Lakes National Program,EPA_GLNPO-P607:WAT2018:LOFO_2018_w:4036285,Sample-Routine,Water,Surface Water,2018-06-13,00:00:00,EDT,2018-06-13,00:00:00,EDT,Other,,,,,,,,FMP-CSMISSP2018,Fish Monitoring Program CSMI Special Studies Program - 2018,Clarkson University,EPA_GLNPO-P607,Grid0713-North Hamlin,,,,,43.4166670000,-77.9166670000,DipPole,EPA_GLNPO,Dip Pole,Pole used for water sample collection,Dip Pole,STORET-792889994,,,Perfluorooctane sulfonic acid,,2.67596241285238,ng/L,,Accepted,,Actual,,,,,3,,,,,- LOFO_2018_watp_3-RFS0-PFOS,,,,,,,,,,Clarkson-PFC,EPA_GLNPO,PFCs by UPLC-QToF,,,,2018-07-10,,https://www.waterqualitydata.us/data/providers/STORET/organizations/EPA_GLNPO/activities/EPA_GLNPO-P607%3AWAT2018%3ALOFO_2018_w%3A4036285/results/792889994/resdetectqntlmts,Method Detection Level,0.0368,ng/L,,2019-07-23T15:03:14,STORET
EPA_GLNPO,EPA Great Lakes National Program,EPA_GLNPO-P607:WAT2018:LOFO_2018_w:4036283,Sample-Routine,Water,Surface Water,2018-06-13,00:00:00,EDT,2018-06-13,00:00:00,EDT,Other,,,,,,,,FMP-CSMISSP2018,Fish Monitoring Program CSMI Special Studies Program - 2018,Clarkson University,EPA_GLNPO-P607,Grid0713-North Hamlin,,,,,43.4166670000,-77.9166670000,DipPole,EPA_GLNPO,Dip Pole,Pole used for water sample collection,Dip Pole,STORET-792889945,,,Perfluorooctane sulfonic acid,,2.46359345184292,ng/L,,Accepted,,Actual,,,,,3,,,,,- LOFO_2018_watp_1-RFS0-PFOS,,,,,,,,,,Clarkson-PFC,EPA_GLNPO,PFCs by UPLC-QToF,,,,2018-07-09,,https://www.waterqualitydata.us/data/providers/STORET/organizations/EPA_GLNPO/activities/EPA_GLNPO-P607%3AWAT2018%3ALOFO_2018_w%3A4036283/results/792889945/resdetectqntlmts,Method Detection Level,0.0368,ng/L,,2019-07-23T15:03:14,STORET
EPA_GLNPO,EPA Great Lakes National Program,EPA_GLNPO-P607:WAT2018:LOFO_2018_w:4036280,Sample-Routine,Water,Surface Water,2018-06-12,00:00:00,EDT,2018-06-12,00:00:00,EDT,Other,,,,,,,,FMP-CSMISSP2018,Fish Monitoring Program CSMI Special Studies Program - 2018,Clarkson University,EPA_GLNPO-P607,Grid0713-North Hamlin,,,,,43.4166670000,-77.9166670000,SubPump,EPA_GLNPO,SubPump,Submersible Pump,Pump/Submersible,STORET-792889835,,,Perfluorooctane sulfonic acid,,2.36757528865611,ng/L,,Accepted,,Actual,,,,,3,,,,,- LOFO_2018_wat_1-RFS0-PFOS,,,,,,,,,,Clarkson-PFC,EPA_GLNPO,PFCs by UPLC-QToF,,,,2018-07-09,,https://www.waterqualitydata.us/data/providers/STORET/organizations/EPA_GLNPO/activities/EPA_GLNPO-P607%3AWAT2018%3ALOFO_2018_w%3A4036280/results/792889835/resdetectqntlmts,Method Detection Level,0.0368,ng/L,,2019-07-23T15:03:13,STORET
21NYDECA_WQX,New York State Dec Division Of Water,21NYDECA_WQX-11-HOOS-20.8_20191024T1100:CEC-00094,Sample-Routine,Water,,2019-10-24,11:00:00,EDT,,,,,,,,,,,,Routine,Routine River Network,NYSDEC,21NYDECA_WQX-2923,11-HOOS-20.8,,,,,42.9513900000,-73.3911100000,,,,,,STORET-1060245339,Not Detected,None,Perfluorooctane sulfonic acid,Total,,,U,Accepted,,,,,,,,,,,,,,,,,,,,,,537M,USEPA,"MODIFIED, Determination of Selected Perfluorinated Alkyl Acids in Drinking Water by Solid Phase Extraction and Liquid Chromatography/Tandem Mass Spectrometry (LC/MS/MS)",,,TALBURL,2019-11-07,,https://www.waterqualitydata.us/data/providers/STORET/organizations/21NYDECA_WQX/activities/21NYDECA_WQX-11-HOOS-20.8_20191024T1100%3ACEC-00094/results/1060245339/resdetectqntlmts,Lower Quantitation Limit,1.7,ng/L,,2025-04-18T14:28:09,STORET
21NYDECA_WQX,New York State Dec Division Of Water,21NYDECA_WQX-17-BRNX-5.6_20191023T1300:CEC-00090,Sample-Routine,Water,,2019-10-23,13:00:00,EDT,,,,,,,,,,,,Routine,Routine River Network,NYSDEC,21NYDECA_WQX-8366,17-BRNX-5.6,,,,,40.8800000000,-73.8686000000,,,,,,STORET-1060245255,,None,Perfluorooctane sulfonic acid,Total,7.3,ng/L,CON,Accepted,,Actual,,,,,,,,,,,,,,,,,,,,537M,USEPA,"MODIFIED, Determination of Selected Perfluorinated Alkyl Acids in Drinking Water by Solid Phase Extraction and Liquid Chromatography/Tandem Mass Spectrometry (LC/MS/MS)",,,TALBURL,2019-11-06,,https://www.waterqualitydata.us/data/providers/STORET/organizations/21NYDECA_WQX/activities/21NYDECA_WQX-17-BRNX-5.6_20191023T1300%3ACEC-00090/results/1060245255/resdetectqntlmts,Lower Quantitation Limit,1.7,ng/L,,2025-04-18T14:28:08,STORET
21NYDECA_WQX,New York State Dec Division Of Water,21NYDECA_WQX-17-CARM-9.0_20191024T1030:CEC-00093,Sample-Routine,Water,,2019-10-24,10:30:00,EDT,,,,,,,,,,,,Routine,Routine River Network,NYSDEC,21NYDECA_WQX-8498,17-CARM-9.0,,,,,40.8300000000,-72.9069400000,,,,,,STORET-1060245318,,None,Perfluorooctane sulfonic acid,Total,4.4,ng/L,CON,Accepted,,Actual,,,,,,,,,,,,,,,,,,,,537M,USEPA,"MODIFIED, Determination of Selected Perfluorinated Alkyl Acids in Drinking Water by Solid Phase Extraction and Liquid Chromatography/Tandem Mass Spectrometry (LC/MS/MS)",,,TALBURL,2019-11-07,,https://www.waterqualitydata.us/data/providers/STORET/organizations/21NYDECA_WQX/activities/21NYDECA_WQX-17-CARM-9.0_20191024T1030%3ACEC-00093/results/1060245318/resdetectqntlmts,Lower Quantitation Limit,1.7,ng/L,,2025-04-18T14:28:08,STORET
21NYDECA_WQX,New York State Dec Division Of Water,21NYDECA_WQX-06-DILA-5.4_20191023T1300:CEC-00091,Sample-Routine,Water,,2019-10-23,13:00:00,EDT,,,,,,,,,,,,Routine,Routine River Network,NYSDEC,21NYDECA_WQX-1143,06-DILA-5.4,,,,,42.3772200000,-75.4050000000,,,,,,STORET-1060245276,Not Detected,None,Perfluorooctane sulfonic acid,Total,,,U,Accepted,,,,,,,,,,,,,,,,,,,,,,537M,USEPA,"MODIFIED, Determination of Selected Perfluorinated Alkyl Acids in Drinking Water by Solid Phase Extraction and Liquid Chromatography/Tandem Mass Spectrometry (LC/MS/MS)",,,TALBURL,2019-11-06,,https://www.waterqualitydata.us/data/providers/STORET/organizations/21NYDECA_WQX/activities/21NYDECA_WQX-06-DILA-5.4_20191023T1300%3ACEC-00091/results/1060245276/resdetectqntlmts,Lower Quantitation Limit,1.7,ng/L,,2025-04-18T14:28:08,STORET
21NYDECA_WQX,New York State Dec Division Of Water,21NYDECA_WQX-13-LHUD-130.6_20191022T0000:CEC-00089,Sample-Routine,Water,,2019-10-22,00:00:00,EDT,,,,,,,,,,,,Routine,Routine River Network,NYSDEC,21NYDECA_WQX-3664,13-LHUD-130.6,,,,,42.6194950000,-73.7587960000,,,,,,STORET-1060245234,,None,Perfluorooctane sulfonic acid,Total,1.8,ng/L,CON,Accepted,,Actual,,,,,,,,,,,,,,,,,,,,537M,USEPA,"MODIFIED, Determination of Selected Perfluorinated Alkyl Acids in Drinking Water by Solid Phase Extraction and Liquid Chromatography/Tandem Mass Spectrometry (LC/MS/MS)",,,TALBURL,2019-10-31,,https://www.waterqualitydata.us/data/providers/STORET/organizations/21NYDECA_WQX/activities/21NYDECA_WQX-13-LHUD-130.6_20191022T0000%3ACEC-00089/results/1060245234/resdetectqntlmts,Lower Quantitation Limit,1.7,ng/L,,2025-04-18T14:28:08,STORET
21NYDECA_WQX,New York State Dec Division Of Water,21NYDECA_WQX-14-WDEL-16.2_20191023T1300:CEC-00092,Sample-Routine,Water,,2019-10-23,13:00:00,EDT,,,,,,,,,,,,Routine,Routine River Network,NYSDEC,21NYDECA_WQX-7774,14-WDEL-16.2,,,,,42.0800000000,-75.4013800000,,,,,,STORET-1060245297,Not Detected,None,Perfluorooctane sulfonic acid,Total,,,U,Accepted,,,,,,,,,,,,,,,,,,,,,,537M,USEPA,"MODIFIED, Determination of Selected Perfluorinated Alkyl Acids in Drinking Water by Solid Phase Extraction and Liquid Chromatography/Tandem Mass Spectrometry (LC/MS/MS)",,,TALBURL,2019-11-06,,https://www.waterqualitydata.us/data/providers/STORET/organizations/21NYDECA_WQX/activities/21NYDECA_WQX-14-WDEL-16.2_20191023T1300%3ACEC-00092/results/1060245297/resdetectqntlmts,Lower Quantitation Limit,1.7,ng/L,,2025-04-18T14:28:08,STORET
21NYDECA_WQX,New York State Dec Division Of Water,21NYDECA_WQX-12-SCHO-14.6_20191021T0900:CEC-00088,Sample-Routine,Water,,2019-10-21,09:00:00,EDT,,,,,,,,,,,,Routine,Routine River Network,NYSDEC,21NYDECA_WQX-3489,12-SCHO-14.6,,,,,42.8000000000,-74.2633400000,,,,,,STORET-1060245213,Not Detected,None,Perfluorooctane sulfonic acid,Total,,,U,Accepted,,,,,,,,,,,,,,,,,,,,,,537M,USEPA,"MODIFIED, Determination of Selected Perfluorinated Alkyl Acids in Drinking Water by Solid Phase Extraction and Liquid Chromatography/Tandem Mass Spectrometry (LC/MS/MS)",,,TALBURL,2019-11-01,,https://www.waterqualitydata.us/data/providers/STORET/organizations/21NYDECA_WQX/activities/21NYDECA_WQX-12-SCHO-14.6_20191021T0900%3ACEC-00088/results/1060245213/resdetectqntlmts,Lower Quantitation Limit,1.8,ng/L,,2025-04-18T14:28:08,STORET
21NYDECA_WQX,New York State Dec Division Of Water,21NYDECA_WQX-12-MOHK-1.5_20210818T1100:CEC-00155,Sample-Routine,Water,,2021-08-18,11:00:00,EDT,,,,,,,,,,,,Routine,Routine River Network,NYSDEC,21NYDECA_WQX-3301,12-MOHK-1.5,,,,,42.7783300000,-73.6966700000,,,,,,STORET-1060246620,,None,Perfluorooctane sulfonic acid,Total,3,ng/L,CON,Accepted,,Actual,,,,,,,,,,,,,,,,,,,,537M,USEPA,"MODIFIED, Determination of Selected Perfluorinated Alkyl Acids in Drinking Water by Solid Phase Extraction and Liquid Chromatography/Tandem Mass Spectrometry (LC/MS/MS)",,,TALBURL,2021-08-20,,https://www.waterqualitydata.us/data/providers/STORET/organizations/21NYDECA_WQX/activities/21NYDECA_WQX-12-MOHK-1.5_20210818T1100%3ACEC-00155/results/1060246620/resdetectqntlmts,Lower Quantitation Limit,1.6,ng/L,,2025-04-18T14:28:15,STORET
21NYDECA_WQX,New York State Dec Division Of Water,21NYDECA_WQX-04-RAGA-1.4_20210816T0915:CEC-00141,Sample-Routine,Water,,2021-08-16,09:15:00,EDT,,,,,,,,,,,,Routine,Routine River Network,NYSDEC,21NYDECA_WQX-776,04-RAGA-1.4,,,,,42.7359800000,-77.8418300000,,,,,,STORET-1060246326,Not Detected,None,Perfluorooctane sulfonic acid,Total,,,U,Accepted,,,,,,,,,,,,,,,,,,,,,,537M,USEPA,"MODIFIED, Determination of Selected Perfluorinated Alkyl Acids in Drinking Water by Solid Phase Extraction and Liquid Chromatography/Tandem Mass Spectrometry (LC/MS/MS)",,,TALBURL,2021-08-18,,https://www.waterqualitydata.us/data/providers/STORET/organizations/21NYDECA_WQX/activities/21NYDECA_WQX-04-RAGA-1.4_20210816T0915%3ACEC-00141/results/1060246326/resdetectqntlmts,Lower Quantitation Limit,1.9,ng/L,,2025-04-18T14:28:14,STORET
21NYDECA_WQX,New York State Dec Division Of Water,21NYDECA_WQX-11-UHUD-267.8_20210817T0930:CEC-00153,Sample-Routine,Water,,2021-08-17,13:30:00,EDT,,,,,,,,,,,,Routine,Routine River Network,NYSDEC,21NYDECA_WQX-16216,11-UHUD-267.8,,,,,43.7008300000,-73.9825000000,,,,,,STORET-1060246578,Not Detected,None,Perfluorooctane sulfonic acid,Total,,,U,Accepted,,,,,,,,,,,,,,,,,,,,,,537M,USEPA,"MODIFIED, Determination of Selected Perfluorinated Alkyl Acids in Drinking Water by Solid Phase Extraction and Liquid Chromatography/Tandem Mass Spectrometry (LC/MS/MS)",,,TALBURL,2021-08-19,,https://www.waterqualitydata.us/data/providers/STORET/organizations/21NYDECA_WQX/activities/21NYDECA_WQX-11-UHUD-267.8_20210817T0930%3ACEC-00153/results/1060246578/resdetectqntlmts,Lower Quantitation Limit,1.7,ng/L,,2025-04-18T14:28:15,STORET
21NYDECA_WQX,New York State Dec Division Of Water,21NYDECA_WQX-17-KENE-0.3_20210421T1030:CEC-00182,Sample-Routine,Water,,2021-04-21,10:30:00,EDT,,,,,,,,,,,,PFAS Monitoring,PFAS Monitoring,NYSDEC,21NYDECA_WQX-8521,17-KENE-0.3,,,,,41.0804960000,-73.7137590000,,,,,,STORET-1060247190,,None,Perfluorooctane sulfonic acid,Total,2000,ng/L,CON,Accepted,,Actual,,,,,,,,,,,,,,,,,,,,537M,USEPA,"MODIFIED, Determination of Selected Perfluorinated Alkyl Acids in Drinking Water by Solid Phase Extraction and Liquid Chromatography/Tandem Mass Spectrometry (LC/MS/MS)",,,TALBURL,2021-05-05,,https://www.waterqualitydata.us/data/providers/STORET/organizations/21NYDECA_WQX/activities/21NYDECA_WQX-17-KENE-0.3_20210421T1030%3ACEC-00182/results/1060247190/resdetectqntlmts,Lower Quantitation Limit,16,ng/L,,2025-04-18T14:28:19,STORET
21NYDECA_WQX,New York State Dec Division Of Water,21NYDECA_WQX-03-SALM-12.0_20210412T0930:CEC-00095,Sample-Routine,Water,,2021-04-12,09:30:00,EDT,,,,,,,,,,,,Routine,Routine River Network,NYSDEC,21NYDECA_WQX-666,03-SALM-12.0,,,,,43.5311100000,-76.0380600000,,,,,,STORET-1060245360,Not Detected,None,Perfluorooctane sulfonic acid,Total,,,U,Accepted,,,,,,,,,,,,,,,,,,,,,,537M,USEPA,"MODIFIED, Determination of Selected Perfluorinated Alkyl Acids in Drinking Water by Solid Phase Extraction and Liquid Chromatography/Tandem Mass Spectrometry (LC/MS/MS)",,,TALBURL,2021-04-19,,https://www.waterqualitydata.us/data/providers/STORET/organizations/21NYDECA_WQX/activities/21NYDECA_WQX-03-SALM-12.0_20210412T0930%3ACEC-00095/results/1060245360/resdetectqntlmts,Lower Quantitation Limit,1.6,ng/L,,2025-04-18T14:28:09,STORET
21NYDECA_WQX,New York State Dec Division Of Water,21NYDECA_WQX-09-LSAL-7.6_20210817T1130:CEC-00156,Sample-Routine,Water,,2021-08-17,11:30:00,EDT,,,,,,,,,,,,Routine,Routine River Network,NYSDEC,21NYDECA_WQX-2202,09-LSAL-7.6,,,,,44.9398510000,-74.5569440000,,,,,,STORET-1060246641,Not Detected,None,Perfluorooctane sulfonic acid,Total,,,U,Accepted,,,,,,,,,,,,,,,,,,,,,,537M,USEPA,"MODIFIED, Determination of Selected Perfluorinated Alkyl Acids in Drinking Water by Solid Phase Extraction and Liquid Chromatography/Tandem Mass Spectrometry (LC/MS/MS)",,,TALBURL,2021-08-19,,https://www.waterqualitydata.us/data/providers/STORET/organizations/21NYDECA_WQX/activities/21NYDECA_WQX-09-LSAL-7.6_20210817T1130%3ACEC-00156/results/1060246641/resdetectqntlmts,Lower Quantitation Limit,1.6,ng/L,,2025-04-18T14:28:15,STORET
21NYDECA_WQX,New York State Dec Division Of Water,21NYDECA_WQX-13-LHUD-130.6_20210816T1030:CEC-00137,Sample-Routine,Water,,2021-08-16,10:30:00,EDT,,,,,,,,,,,,Routine,Routine River Network,NYSDEC,21NYDECA_WQX-3664,13-LHUD-130.6,,,,,42.6194950000,-73.7587960000,,,,,,STORET-1060246242,Not Detected,None,Perfluorooctane sulfonic acid,Total,,,U,Accepted,,,,,,,,,,,,,,,,,,,,,,537M,USEPA,"MODIFIED, Determination of Selected Perfluorinated Alkyl Acids in Drinking Water by Solid Phase Extraction and Liquid Chromatography/Tandem Mass Spectrometry (LC/MS/MS)",,,TALBURL,2021-08-18,,https://www.waterqualitydata.us/data/providers/STORET/organizations/21NYDECA_WQX/activities/21NYDECA_WQX-13-LHUD-130.6_20210816T1030%3ACEC-00137/results/1060246242/resdetectqntlmts,Lower Quantitation Limit,1.7,ng/L,,2025-04-18T14:28:13,STORET
21NYDECA_WQX,New York State Dec Division Of Water,21NYDECA_WQX-04-UGNS-137.8_20210817T1130:CEC-00152,Sample-Routine,Water,,2021-08-17,11:30:00,EDT,,,,,,,,,,,,Routine,Routine River Network,NYSDEC,21NYDECA_WQX-823,04-UGNS-137.8,,,,,42.1186600000,-77.9465400000,,,,,,STORET-1060246557,,None,Perfluorooctane sulfonic acid,Total,2.1,ng/L,CON,Accepted,,Actual,,,,,,,,,,,,,,,,,,,,537M,USEPA,"MODIFIED, Determination of Selected Perfluorinated Alkyl Acids in Drinking Water by Solid Phase Extraction and Liquid Chromatography/Tandem Mass Spectrometry (LC/MS/MS)",,,TALBURL,2021-08-19,,https://www.waterqualitydata.us/data/providers/STORET/organizations/21NYDECA_WQX/activities/21NYDECA_WQX-04-UGNS-137.8_20210817T1130%3ACEC-00152/results/1060246557/resdetectqntlmts,Lower Quantitation Limit,1.6,ng/L,,2025-04-18T14:28:15,STORET
21NYDECA_WQX,New York State Dec Division Of Water,21NYDECA_WQX-14-DELA-1.3_20210817T1000:CEC-00160,Sample-Routine,Water,,2021-08-17,10:00:00,EDT,,,,,,,,,,,,Routine,Routine River Network,NYSDEC,21NYDECA_WQX-6902,14-DELA-1.3,,,,,41.3719400000,-74.6969500000,,,,,,STORET-1060246725,Not Detected,None,Perfluorooctane sulfonic acid,Total,,,U,Accepted,,,,,,,,,,,,,,,,,,,,,,537M,USEPA,"MODIFIED, Determination of Selected Perfluorinated Alkyl Acids in Drinking Water by Solid Phase Extraction and Liquid Chromatography/Tandem Mass Spectrometry (LC/MS/MS)",,,TALBURL,2021-08-19,,https://www.waterqualitydata.us/data/providers/STORET/organizations/21NYDECA_WQX/activities/21NYDECA_WQX-14-DELA-1.3_20210817T1000%3ACEC-00160/results/1060246725/resdetectqntlmts,Lower Quantitation Limit,1.6,ng/L,,2025-04-18T14:28:16,STORET
21NYDECA_WQX,New York State Dec Division Of Water,21NYDECA_WQX-01-NIAG-18.4_20210427T1400:CEC-00185,Sample-Routine,Water,,2021-04-27,14:00:00,EDT,,,,,,,,,,,,PFAS Monitoring,PFAS Monitoring,NYSDEC,21NYDECA_WQX-78,01-NIAG-18.4,,,,,43.0647780000,-78.9880480000,,,,,,STORET-1060247250,,None,Perfluorooctane sulfonic acid,Total,1.6,ng/L,CON,Accepted,,Actual,,,,,,,,,,,,,,,,,,,,537M,USEPA,"MODIFIED, Determination of Selected Perfluorinated Alkyl Acids in Drinking Water by Solid Phase Extraction and Liquid Chromatography/Tandem Mass Spectrometry (LC/MS/MS)",,,TALBURL,2021-05-12,,https://www.waterqualitydata.us/data/providers/STORET/organizations/21NYDECA_WQX/activities/21NYDECA_WQX-01-NIAG-18.4_20210427T1400%3ACEC-00185/results/1060247250/resdetectqntlmts,Lower Quantitation Limit,1.6,ng/L,,2025-04-18T14:28:19,STORET
21NYDECA_WQX,New York State Dec Division Of Water,21NYDECA_WQX-06-SUSQ-31.4_20210818T1330:CEC-00145,Sample-Routine,Water,,2021-08-18,13:30:00,EDT,,,,,,,,,,,,Routine,Routine River Network,NYSDEC,21NYDECA_WQX-1363,06-SUSQ-31.4,,,,,42.0909700000,-76.0557870000,,,,,,STORET-1060246410,Not Detected,None,Perfluorooctane sulfonic acid,Total,,,U,Accepted,,,,,,,,,,,,,,,,,,,,,,537M,USEPA,"MODIFIED, Determination of Selected Perfluorinated Alkyl Acids in Drinking Water by Solid Phase Extraction and Liquid Chromatography/Tandem Mass Spectrometry (LC/MS/MS)",,,TALBURL,2021-08-20,,https://www.waterqualitydata.us/data/providers/STORET/organizations/21NYDECA_WQX/activities/21NYDECA_WQX-06-SUSQ-31.4_20210818T1330%3ACEC-00145/results/1060246410/resdetectqntlmts,Lower Quantitation Limit,1.6,ng/L,,2025-04-18T14:28:14,STORET
21NYDECA_WQX,New York State Dec Division Of Water,21NYDECA_WQX-03-SALM-7.8_20210825T1300:CEC-00195,Sample-Routine,Water,,2021-08-25,13:00:00,EDT,,,,,,,,,,,,PFAS Monitoring,PFAS Monitoring,NYSDEC,21NYDECA_WQX-672,03-SALM-7.8,,,,,43.5500000000,-76.0944400000,,,,,,STORET-1060247460,Not Detected,None,Perfluorooctane sulfonic acid,Total,,,U,Accepted,,,,,,,,,,,,,,,,,,,,,,537M,USEPA,"MODIFIED, Determination of Selected Perfluorinated Alkyl Acids in Drinking Water by Solid Phase Extraction and Liquid Chromatography/Tandem Mass Spectrometry (LC/MS/MS)",,,TALBURL,2021-08-27,,https://www.waterqualitydata.us/data/providers/STORET/organizations/21NYDECA_WQX/activities/21NYDECA_WQX-03-SALM-7.8_20210825T1300%3ACEC-00195/results/1060247460/resdetectqntlmts,Lower Quantitation Limit,1.7,ng/L,,2025-04-18T14:28:20,STORET
21NYDECA_WQX,New York State Dec Division Of Water,21NYDECA_WQX-10-SABL-14.6_20210818T0830:CEC-00158,Sample-Routine,Water,,2021-08-18,08:30:00,EDT,,,,,,,,,,,,Routine,Routine River Network,NYSDEC,21NYDECA_WQX-2546,10-SABL-14.6,,,,,44.4643750000,-73.5752550000,,,,,,STORET-1060246683,Not Detected,None,Perfluorooctane sulfonic acid,Total,,,U,Accepted,,,,,,,,,,,,,,,,,,,,,,537M,USEPA,"MODIFIED, Determination of Selected Perfluorinated Alkyl Acids in Drinking Water by Solid Phase Extraction and Liquid Chromatography/Tandem Mass Spectrometry (LC/MS/MS)",,,TALBURL,2021-08-20,,https://www.waterqualitydata.us/data/providers/STORET/organizations/21NYDECA_WQX/activities/21NYDECA_WQX-10-SABL-14.6_20210818T0830%3ACEC-00158/results/1060246683/resdetectqntlmts,Lower Quantitation Limit,1.6,ng/L,,2025-04-18T14:28:15,STORET
21NYDECA_WQX,New York State Dec Division Of Water,21NYDECA_WQX-01-NIAG-17.8_20210824T1615:CEC-00197,Sample-Routine,Water,,2021-08-24,16:15:00,EDT,,,,,,,,,,,,PFAS Monitoring,PFAS Monitoring,NYSDEC,21NYDECA_WQX-77,01-NIAG-17.8,,,,,43.0657450000,-78.9999900000,,,,,,STORET-1060247502,,None,Perfluorooctane sulfonic acid,Total,1.7,ng/L,CON,Accepted,,Actual,,,,,,,,,,,,,,,,,,,,537M,USEPA,"MODIFIED, Determination of Selected Perfluorinated Alkyl Acids in Drinking Water by Solid Phase Extraction and Liquid Chromatography/Tandem Mass Spectrometry (LC/MS/MS)",,,TALBURL,2021-08-27,,https://www.waterqualitydata.us/data/providers/STORET/organizations/21NYDECA_WQX/activities/21NYDECA_WQX-01-NIAG-17.8_20210824T1615%3ACEC-00197/results/1060247502/resdetectqntlmts,Lower Quantitation Limit,1.6,ng/L,,2025-04-18T14:28:21,STORET
21NYDECA_WQX,New York State Dec Division Of Water,21NYDECA_WQX-01-BUFF-1.7_20210817T0830:CEC-00151,Sample-Routine,Water,,2021-08-17,08:30:00,EDT,,,,,,,,,,,,Routine,Routine River Network,NYSDEC,21NYDECA_WQX-139,01-BUFF-1.7,,,,,42.8619400000,-78.8678700000,,,,,,STORET-1060246536,,None,Perfluorooctane sulfonic acid,Total,2.6,ng/L,CON,Accepted,,Actual,,,,,,,,,,,,,,,,,,,,537M,USEPA,"MODIFIED, Determination of Selected Perfluorinated Alkyl Acids in Drinking Water by Solid Phase Extraction and Liquid Chromatography/Tandem Mass Spectrometry (LC/MS/MS)",,,TALBURL,2021-08-19,,https://www.waterqualitydata.us/data/providers/STORET/organizations/21NYDECA_WQX/activities/21NYDECA_WQX-01-BUFF-1.7_20210817T0830%3ACEC-00151/results/1060246536/resdetectqntlmts,Lower Quantitation Limit,1.6,ng/L,,2025-04-18T14:28:15,STORET
21NYDECA_WQX,New York State Dec Division Of Water,21NYDECA_WQX-12-MOHK-79.5_20210816T1130:CEC-00139,Sample-Routine,Water,,2021-08-16,11:30:00,EDT,,,,,,,,,,,,Routine,Routine River Network,NYSDEC,21NYDECA_WQX-3399,12-MOHK-79.5,,,,,43.0377800000,-74.8405500000,,,,,,STORET-1060246284,,None,Perfluorooctane sulfonic acid,Total,2,ng/L,CON,Accepted,,Actual,,,,,,,,,,,,,,,,,,,,537M,USEPA,"MODIFIED, Determination of Selected Perfluorinated Alkyl Acids in Drinking Water by Solid Phase Extraction and Liquid Chromatography/Tandem Mass Spectrometry (LC/MS/MS)",,,TALBURL,2021-08-18,,https://www.waterqualitydata.us/data/providers/STORET/organizations/21NYDECA_WQX/activities/21NYDECA_WQX-12-MOHK-79.5_20210816T1130%3ACEC-00139/results/1060246284/resdetectqntlmts,Lower Quantitation Limit,1.6,ng/L,,2025-04-18T14:28:13,STORET
21NYDECA_WQX,New York State Dec Division Of Water,21NYDECA_WQX-03-LONT_T63-1.3_20210420T1130:CEC-00174,Sample-Routine,Water,,2021-04-20,11:30:00,EDT,,,,,,,,,,,,PFAS Monitoring,PFAS Monitoring,NYSDEC,21NYDECA_WQX-602,03-LONT_T63-1.3,,,,,43.4865610000,-76.4490000000,,,,,,STORET-1060247019,,None,Perfluorooctane sulfonic acid,Total,3.7,ng/L,CON,Accepted,,Actual,,,,,,,,,,,,,,,,,,,,537M,USEPA,"MODIFIED, Determination of Selected Perfluorinated Alkyl Acids in Drinking Water by Solid Phase Extraction and Liquid Chromatography/Tandem Mass Spectrometry (LC/MS/MS)",,,TALBURL,2021-04-29,,https://www.waterqualitydata.us/data/providers/STORET/organizations/21NYDECA_WQX/activities/21NYDECA_WQX-03-LONT_T63-1.3_20210420T1130%3ACEC-00174/results/1060247019/resdetectqntlmts,Lower Quantitation Limit,1.7,ng/L,,2025-04-18T14:28:17,STORET
21NYDECA_WQX,New York State Dec Division Of Water,21NYDECA_WQX-03-SALM-7.8_20210420T1415:CEC-00175,Sample-Routine,Water,,2021-04-20,14:15:00,EDT,,,,,,,,,,,,PFAS Monitoring,PFAS Monitoring,NYSDEC,21NYDECA_WQX-672,03-SALM-7.8,,,,,43.5500000000,-76.0944400000,,,,,,STORET-1060247040,Not Detected,None,Perfluorooctane sulfonic acid,Total,,,U,Accepted,,,,,,,,,,,,,,,,,,,,,,537M,USEPA,"MODIFIED, Determination of Selected Perfluorinated Alkyl Acids in Drinking Water by Solid Phase Extraction and Liquid Chromatography/Tandem Mass Spectrometry (LC/MS/MS)",,,TALBURL,2021-04-29,,https://www.waterqualitydata.us/data/providers/STORET/organizations/21NYDECA_WQX/activities/21NYDECA_WQX-03-SALM-7.8_20210420T1415%3ACEC-00175/results/1060247040/resdetectqntlmts,Lower Quantitation Limit,1.7,ng/L,,2025-04-18T14:28:18,STORET
21NYDECA_WQX,New York State Dec Division Of Water,21NYDECA_WQX-12-MOHK-1.5_20210415T1115:CEC-00133,Sample-Routine,Water,,2021-04-15,11:15:00,EDT,,,,,,,,,,,,Routine,Routine River Network,NYSDEC,21NYDECA_WQX-3301,12-MOHK-1.5,,,,,42.7783300000,-73.6966700000,,,,,,STORET-1060246158,Not Detected,None,Perfluorooctane sulfonic acid,Total,,,U,Accepted,,,,,,,,,,,,,,,,,,,,,,537M,USEPA,"MODIFIED, Determination of Selected Perfluorinated Alkyl Acids in Drinking Water by Solid Phase Extraction and Liquid Chromatography/Tandem Mass Spectrometry (LC/MS/MS)",,,TALBURL,2021-04-28,,https://www.waterqualitydata.us/data/providers/STORET/organizations/21NYDECA_WQX/activities/21NYDECA_WQX-12-MOHK-1.5_20210415T1115%3ACEC-00133/results/1060246158/resdetectqntlmts,Lower Quantitation Limit,1.7,ng/L,,2025-04-18T14:28:13,STORET
21NYDECA_WQX,New York State Dec Division Of Water,21NYDECA_WQX-17-KENF_Ta-0.2_20210824T0945:CEC-00192,Sample-Routine,Water,,2021-08-24,09:45:00,EDT,,,,,,,,,,,,PFAS Monitoring,PFAS Monitoring,NYSDEC,21NYDECA_WQX-8523,17-KENF_Ta-0.2,,,,,41.0674790000,-73.7175830000,,,,,,STORET-1060247397,,None,Perfluorooctane sulfonic acid,Total,15,ng/L,CON,Accepted,,Actual,,,,,,,,,,,,,,,,,,,,537M,USEPA,"MODIFIED, Determination of Selected Perfluorinated Alkyl Acids in Drinking Water by Solid Phase Extraction and Liquid Chromatography/Tandem Mass Spectrometry (LC/MS/MS)",,,TALBURL,2021-08-26,,https://www.waterqualitydata.us/data/providers/STORET/organizations/21NYDECA_WQX/activities/21NYDECA_WQX-17-KENF_Ta-0.2_20210824T0945%3ACEC-00192/results/1060247397/resdetectqntlmts,Lower Quantitation Limit,1.6,ng/L,,2025-04-18T14:28:20,STORET
21NYDECA_WQX,New York State Dec Division Of Water,21NYDECA_WQX-01-BUFF-1.7_20210413T1430:CEC-00119,Sample-Routine,Water,,2021-04-13,14:30:00,EDT,,,,,,,,,,,,Routine,Routine River Network,NYSDEC,21NYDECA_WQX-139,01-BUFF-1.7,,,,,42.8619400000,-78.8678700000,,,,,,STORET-1060245864,,None,Perfluorooctane sulfonic acid,Total,2.9,ng/L,CON,Accepted,,Actual,,,,,,,,,,,,,,,,,,,,537M,USEPA,"MODIFIED, Determination of Selected Perfluorinated Alkyl Acids in Drinking Water by Solid Phase Extraction and Liquid Chromatography/Tandem Mass Spectrometry (LC/MS/MS)",,,TALBURL,2021-04-16,,https://www.waterqualitydata.us/data/providers/STORET/organizations/21NYDECA_WQX/activities/21NYDECA_WQX-01-BUFF-1.7_20210413T1430%3ACEC-00119/results/1060245864/resdetectqntlmts,Lower Quantitation Limit,1.6,ng/L,,2025-04-18T14:28:11,STORET
21NYDECA_WQX,New York State Dec Division Of Water,21NYDECA_WQX-08-BLCK-8.0_20210412T0915:CEC-00097,Sample-Routine,Water,,2021-04-12,09:15:00,EDT,,,,,,,,,,,,Routine,Routine River Network,NYSDEC,21NYDECA_WQX-1887,08-BLCK-8.0,,,,,43.9847200000,-75.9250000000,,,,,,STORET-1060245402,Not Detected,None,Perfluorooctane sulfonic acid,Total,,,U,Accepted,,,,,,,,,,,,,,,,,,,,,,537M,USEPA,"MODIFIED, Determination of Selected Perfluorinated Alkyl Acids in Drinking Water by Solid Phase Extraction and Liquid Chromatography/Tandem Mass Spectrometry (LC/MS/MS)",,,TALBURL,2021-04-15,,https://www.waterqualitydata.us/data/providers/STORET/organizations/21NYDECA_WQX/activities/21NYDECA_WQX-08-BLCK-8.0_20210412T0915%3ACEC-00097/results/1060245402/resdetectqntlmts,Lower Quantitation Limit,1.7,ng/L,,2025-04-18T14:28:09,STORET
21NYDECA_WQX,New York State Dec Division Of Water,21NYDECA_WQX-02-CHAD-2.2_20210412T0000:CEC-00106,Sample-Routine,Water,,2021-04-12,00:00:00,EDT,,,,,,,,,,,,Routine,Routine River Network,NYSDEC,21NYDECA_WQX-458,02-CHAD-2.2,,,,,42.1124500000,-79.2030300000,,,,,,STORET-1060245591,,None,Perfluorooctane sulfonic acid,Total,1.7,ng/L,CON,Accepted,,Actual,,,,,,,,,,,,,,,,,,,,537M,USEPA,"MODIFIED, Determination of Selected Perfluorinated Alkyl Acids in Drinking Water by Solid Phase Extraction and Liquid Chromatography/Tandem Mass Spectrometry (LC/MS/MS)",,,TALBURL,2021-04-16,,https://www.waterqualitydata.us/data/providers/STORET/organizations/21NYDECA_WQX/activities/21NYDECA_WQX-02-CHAD-2.2_20210412T0000%3ACEC-00106/results/1060245591/resdetectqntlmts,Lower Quantitation Limit,1.7,ng/L,,2025-04-18T14:28:10,STORET
21NYDECA_WQX,New York State Dec Division Of Water,21NYDECA_WQX-03-LONT_T63-1.0_20210825T1115:CEC-00193,Sample-Routine,Water,,2021-08-25,11:15:00,EDT,,,,,,,,,,,,PFAS Monitoring,PFAS Monitoring,NYSDEC,21NYDECA_WQX-601,03-LONT_T63-1.0,,,,,43.4858760000,-76.4566710000,,,,,,STORET-1060247418,,None,Perfluorooctane sulfonic acid,Total,4.5,ng/L,CON,Accepted,,Actual,,,,,,,,,,,,,,,,,,,,537M,USEPA,"MODIFIED, Determination of Selected Perfluorinated Alkyl Acids in Drinking Water by Solid Phase Extraction and Liquid Chromatography/Tandem Mass Spectrometry (LC/MS/MS)",,,TALBURL,2021-08-27,,https://www.waterqualitydata.us/data/providers/STORET/organizations/21NYDECA_WQX/activities/21NYDECA_WQX-03-LONT_T63-1.0_20210825T1115%3ACEC-00193/results/1060247418/resdetectqntlmts,Lower Quantitation Limit,1.7,ng/L,,2025-04-18T14:28:20,STORET
21NYDECA_WQX,New York State Dec Division Of Water,21NYDECA_WQX-11-HOOS-20.8_20210413T1000:CEC-00115,Sample-Routine,Water,,2021-04-13,10:00:00,EDT,,,,,,,,,,,,Routine,Routine River Network,NYSDEC,21NYDECA_WQX-2923,11-HOOS-20.8,,,,,42.9513900000,-73.3911100000,,,,,,STORET-1060245780,Not Detected,None,Perfluorooctane sulfonic acid,Total,,,U,Accepted,,,,,,,,,,,,,,,,,,,,,,537M,USEPA,"MODIFIED, Determination of Selected Perfluorinated Alkyl Acids in Drinking Water by Solid Phase Extraction and Liquid Chromatography/Tandem Mass Spectrometry (LC/MS/MS)",,,TALBURL,2021-04-20,,https://www.waterqualitydata.us/data/providers/STORET/organizations/21NYDECA_WQX/activities/21NYDECA_WQX-11-HOOS-20.8_20210413T1000%3ACEC-00115/results/1060245780/resdetectqntlmts,Lower Quantitation Limit,1.7,ng/L,,2025-04-18T14:28:11,STORET
21NYDECA_WQX,New York State Dec Division Of Water,21NYDECA_WQX-09-GTCH-17.7_20210413T1000:CEC-00109,Sample-Routine,Water,,2021-04-13,10:00:00,EDT,,,,,,,,,,,,Routine,Routine River Network,NYSDEC,21NYDECA_WQX-2323,09-GTCH-17.7,,,,,44.5891700000,-75.3213900000,,,,,,STORET-1060245654,Not Detected,None,Perfluorooctane sulfonic acid,Total,,,U,Accepted,,,,,,,,,,,,,,,,,,,,,,537M,USEPA,"MODIFIED, Determination of Selected Perfluorinated Alkyl Acids in Drinking Water by Solid Phase Extraction and Liquid Chromatography/Tandem Mass Spectrometry (LC/MS/MS)",,,TALBURL,2021-04-16,,https://www.waterqualitydata.us/data/providers/STORET/organizations/21NYDECA_WQX/activities/21NYDECA_WQX-09-GTCH-17.7_20210413T1000%3ACEC-00109/results/1060245654/resdetectqntlmts,Lower Quantitation Limit,1.6,ng/L,,2025-04-18T14:28:10,STORET
21NYDECA_WQX,New York State Dec Division Of Water,21NYDECA_WQX-12-MOHK-15.5_20210422T1043:CEC-00179,Sample-Routine,Water,,2021-04-22,10:43:00,EDT,,,,,,,,,,,,PFAS Monitoring,PFAS Monitoring,NYSDEC,21NYDECA_WQX-3387,12-MOHK-15.5,,,,,42.8206240000,-73.8586170000,,,,,,STORET-1060247124,Not Detected,None,Perfluorooctane sulfonic acid,Total,,,U,Accepted,,,,,,,,,,,,,,,,,,,,,,537M,USEPA,"MODIFIED, Determination of Selected Perfluorinated Alkyl Acids in Drinking Water by Solid Phase Extraction and Liquid Chromatography/Tandem Mass Spectrometry (LC/MS/MS)",,,TALBURL,2021-05-06,,https://www.waterqualitydata.us/data/providers/STORET/organizations/21NYDECA_WQX/activities/21NYDECA_WQX-12-MOHK-15.5_20210422T1043%3ACEC-00179/results/1060247124/resdetectqntlmts,Lower Quantitation Limit,1.7,ng/L,,2025-04-18T14:28:18,STORET
21NYDECA_WQX,New York State Dec Division Of Water,21NYDECA_WQX-05-CHEM-5.4_20210816T0930:CEC-00136,Sample-Routine,Water,,2021-08-16,09:30:00,EDT,,,,,,,,,,,,Routine,Routine River Network,NYSDEC,21NYDECA_WQX-1295,05-CHEM-5.4,,,,,42.0027800000,-76.6349900000,,,,,,STORET-1060246221,,None,Perfluorooctane sulfonic acid,Total,1.8,ng/L,CON,Accepted,,Actual,,,,,,,,,,,,,,,,,,,,537M,USEPA,"MODIFIED, Determination of Selected Perfluorinated Alkyl Acids in Drinking Water by Solid Phase Extraction and Liquid Chromatography/Tandem Mass Spectrometry (LC/MS/MS)",,,TALBURL,2021-08-18,,https://www.waterqualitydata.us/data/providers/STORET/organizations/21NYDECA_WQX/activities/21NYDECA_WQX-05-CHEM-5.4_20210816T0930%3ACEC-00136/results/1060246221/resdetectqntlmts,Lower Quantitation Limit,1.6,ng/L,,2025-04-18T14:28:13,STORET
21NYDECA_WQX,New York State Dec Division Of Water,21NYDECA_WQX-11-HOOS-20.8_20210818T1000:CEC-00165,Sample-Routine,Water,,2021-08-18,10:00:00,EDT,,,,,,,,,,,,Routine,Routine River Network,NYSDEC,21NYDECA_WQX-2923,11-HOOS-20.8,,,,,42.9513900000,-73.3911100000,,,,,,STORET-1060246830,,None,Perfluorooctane sulfonic acid,Total,2,ng/L,CON,Accepted,,Actual,,,,,,,,,,,,,,,,,,,,537M,USEPA,"MODIFIED, Determination of Selected Perfluorinated Alkyl Acids in Drinking Water by Solid Phase Extraction and Liquid Chromatography/Tandem Mass Spectrometry (LC/MS/MS)",,,TALBURL,2021-08-20,,https://www.waterqualitydata.us/data/providers/STORET/organizations/21NYDECA_WQX/activities/21NYDECA_WQX-11-HOOS-20.8_20210818T1000%3ACEC-00165/results/1060246830/resdetectqntlmts,Lower Quantitation Limit,1.7,ng/L,,2025-04-18T14:28:16,STORET
21NYDECA_WQX,New York State Dec Division Of Water,21NYDECA_WQX-10-BOQT-2.6_20210414T1000:CEC-00130,Sample-Routine,Water,,2021-04-14,10:00:00,EDT,,,,,,,,,,,,Routine,Routine River Network,NYSDEC,21NYDECA_WQX-2676,10-BOQT-2.6,,,,,44.3638900000,-73.3908810000,,,,,,STORET-1060246095,Not Detected,None,Perfluorooctane sulfonic acid,Total,,,U,Accepted,,,,,,,,,,,,,,,,,,,,,,537M,USEPA,"MODIFIED, Determination of Selected Perfluorinated Alkyl Acids in Drinking Water by Solid Phase Extraction and Liquid Chromatography/Tandem Mass Spectrometry (LC/MS/MS)",,,TALBURL,2021-04-21,,https://www.waterqualitydata.us/data/providers/STORET/organizations/21NYDECA_WQX/activities/21NYDECA_WQX-10-BOQT-2.6_20210414T1000%3ACEC-00130/results/1060246095/resdetectqntlmts,Lower Quantitation Limit,1.6,ng/L,,2025-04-18T14:28:13,STORET
21NYDECA_WQX,New York State Dec Division Of Water,21NYDECA_WQX-03-LONT_T63-1.0_20210420T1215:CEC-00173,Sample-Routine,Water,,2021-04-20,12:15:00,EDT,,,,,,,,,,,,PFAS Monitoring,PFAS Monitoring,NYSDEC,21NYDECA_WQX-601,03-LONT_T63-1.0,,,,,43.4858760000,-76.4566710000,,,,,,STORET-1060246998,,None,Perfluorooctane sulfonic acid,Total,3.2,ng/L,CON,Accepted,,Actual,,,,,,,,,,,,,,,,,,,,537M,USEPA,"MODIFIED, Determination of Selected Perfluorinated Alkyl Acids in Drinking Water by Solid Phase Extraction and Liquid Chromatography/Tandem Mass Spectrometry (LC/MS/MS)",,,TALBURL,2021-05-03,,https://www.waterqualitydata.us/data/providers/STORET/organizations/21NYDECA_WQX/activities/21NYDECA_WQX-03-LONT_T63-1.0_20210420T1215%3ACEC-00173/results/1060246998/resdetectqntlmts,Lower Quantitation Limit,1.7,ng/L,,2025-04-18T14:28:17,STORET
21NYDECA_WQX,New York State Dec Division Of Water,21NYDECA_WQX-03-EMIL-5.1_20210414T1000:CEC-00129,Sample-Routine,Water,,2021-04-14,10:00:00,EDT,,,,,,,,,,,,Routine,Routine River Network,NYSDEC,21NYDECA_WQX-728,03-EMIL-5.1,,,,,43.2778500000,-78.7118500000,,,,,,STORET-1060246074,,None,Perfluorooctane sulfonic acid,Total,3,ng/L,CON,Accepted,,Actual,,,,,,,,,,,,,,,,,,,,537M,USEPA,"MODIFIED, Determination of Selected Perfluorinated Alkyl Acids in Drinking Water by Solid Phase Extraction and Liquid Chromatography/Tandem Mass Spectrometry (LC/MS/MS)",,,TALBURL,2021-04-21,,https://www.waterqualitydata.us/data/providers/STORET/organizations/21NYDECA_WQX/activities/21NYDECA_WQX-03-EMIL-5.1_20210414T1000%3ACEC-00129/results/1060246074/resdetectqntlmts,Lower Quantitation Limit,1.7,ng/L,,2025-04-18T14:28:12,STORET
21NYDECA_WQX,New York State Dec Division Of Water,21NYDECA_WQX-17-BRNX-5.6_20210413T1030:CEC-00116,Sample-Routine,Water,,2021-04-13,10:30:00,EDT,,,,,,,,,,,,Routine,Routine River Network,NYSDEC,21NYDECA_WQX-8366,17-BRNX-5.6,,,,,40.8800000000,-73.8686000000,,,,,,STORET-1060245801,,None,Perfluorooctane sulfonic acid,Total,9.7,ng/L,CON,Accepted,,Actual,,,,,,,,,,,,,,,,,,,,537M,USEPA,"MODIFIED, Determination of Selected Perfluorinated Alkyl Acids in Drinking Water by Solid Phase Extraction and Liquid Chromatography/Tandem Mass Spectrometry (LC/MS/MS)",,,TALBURL,2021-04-16,,https://www.waterqualitydata.us/data/providers/STORET/organizations/21NYDECA_WQX/activities/21NYDECA_WQX-17-BRNX-5.6_20210413T1030%3ACEC-00116/results/1060245801/resdetectqntlmts,Lower Quantitation Limit,1.6,ng/L,,2025-04-18T14:28:11,STORET
21NYDECA_WQX,New York State Dec Division Of Water,21NYDECA_WQX-08-BLCK-8.0_20210817T1100:CEC-00150,Sample-Routine,Water,,2021-08-17,11:00:00,EDT,,,,,,,,,,,,Routine,Routine River Network,NYSDEC,21NYDECA_WQX-1887,08-BLCK-8.0,,,,,43.9847200000,-75.9250000000,,,,,,STORET-1060246515,Not Detected,None,Perfluorooctane sulfonic acid,Total,,,U,Accepted,,,,,,,,,,,,,,,,,,,,,,537M,USEPA,"MODIFIED, Determination of Selected Perfluorinated Alkyl Acids in Drinking Water by Solid Phase Extraction and Liquid Chromatography/Tandem Mass Spectrometry (LC/MS/MS)",,,TALBURL,2021-08-19,,https://www.waterqualitydata.us/data/providers/STORET/organizations/21NYDECA_WQX/activities/21NYDECA_WQX-08-BLCK-8.0_20210817T1100%3ACEC-00150/results/1060246515/resdetectqntlmts,Lower Quantitation Limit,1.6,ng/L,,2025-04-18T14:28:15,STORET
21NYDECA_WQX,New York State Dec Division Of Water,21NYDECA_WQX-07-ONON-1.0_20210816T0830:CEC-00147,Sample-Routine,Water,,2021-08-16,08:30:00,EDT,,,,,,,,,,,,Routine,Routine River Network,NYSDEC,21NYDECA_WQX-1672,07-ONON-1.0,,,,,43.0577800000,-76.1634500000,,,,,,STORET-1060246452,Not Detected,None,Perfluorooctane sulfonic acid,Total,,,U,Accepted,,,,,,,,,,,,,,,,,,,,,,537M,USEPA,"MODIFIED, Determination of Selected Perfluorinated Alkyl Acids in Drinking Water by Solid Phase Extraction and Liquid Chromatography/Tandem Mass Spectrometry (LC/MS/MS)",,,TALBURL,2021-08-19,,https://www.waterqualitydata.us/data/providers/STORET/organizations/21NYDECA_WQX/activities/21NYDECA_WQX-07-ONON-1.0_20210816T0830%3ACEC-00147/results/1060246452/resdetectqntlmts,Lower Quantitation Limit,1.6,ng/L,,2025-04-18T14:28:14,STORET
21NYDECA_WQX,New York State Dec Division Of Water,21NYDECA_WQX-07-ONON-1.0_20210421T0900:CEC-00134,Sample-Routine,Water,,2021-04-21,09:00:00,EDT,,,,,,,,,,,,Routine,Routine River Network,NYSDEC,21NYDECA_WQX-1672,07-ONON-1.0,,,,,43.0577800000,-76.1634500000,,,,,,STORET-1060246179,Not Detected,None,Perfluorooctane sulfonic acid,Total,,,U,Accepted,,,,,,,,,,,,,,,,,,,,,,537M,USEPA,"MODIFIED, Determination of Selected Perfluorinated Alkyl Acids in Drinking Water by Solid Phase Extraction and Liquid Chromatography/Tandem Mass Spectrometry (LC/MS/MS)",,,TALBURL,2021-05-04,,https://www.waterqualitydata.us/data/providers/STORET/organizations/21NYDECA_WQX/activities/21NYDECA_WQX-07-ONON-1.0_20210421T0900%3ACEC-00134/results/1060246179/resdetectqntlmts,Lower Quantitation Limit,1.6,ng/L,,2025-04-18T14:28:13,STORET
21NYDECA_WQX,New York State Dec Division Of Water,21NYDECA_WQX-01-NIAG-18.4_20210824T1600:CEC-00198,Sample-Routine,Water,,2021-08-24,16:00:00,EDT,,,,,,,,,,,,PFAS Monitoring,PFAS Monitoring,NYSDEC,21NYDECA_WQX-78,01-NIAG-18.4,,,,,43.0647780000,-78.9880480000,,,,,,STORET-1060247523,,None,Perfluorooctane sulfonic acid,Total,1.7,ng/L,CON,Accepted,,Actual,,,,,,,,,,,,,,,,,,,,537M,USEPA,"MODIFIED, Determination of Selected Perfluorinated Alkyl Acids in Drinking Water by Solid Phase Extraction and Liquid Chromatography/Tandem Mass Spectrometry (LC/MS/MS)",,,TALBURL,2021-08-27,,https://www.waterqualitydata.us/data/providers/STORET/organizations/21NYDECA_WQX/activities/21NYDECA_WQX-01-NIAG-18.4_20210824T1600%3ACEC-00198/results/1060247523/resdetectqntlmts,Lower Quantitation Limit,1.6,ng/L,,2025-04-18T14:28:21,STORET
21NYDECA_WQX,New York State Dec Division Of Water,21NYDECA_WQX-17-CARM-9.0_20210412T1100:CEC-00107,Sample-Routine,Water,,2021-04-12,11:00:00,EDT,,,,,,,,,,,,Routine,Routine River Network,NYSDEC,21NYDECA_WQX-8498,17-CARM-9.0,,,,,40.8300000000,-72.9069400000,,,,,,STORET-1060245612,,None,Perfluorooctane sulfonic acid,Total,3.8,ng/L,CON,Accepted,,Actual,,,,,,,,,,,,,,,,,,,,537M,USEPA,"MODIFIED, Determination of Selected Perfluorinated Alkyl Acids in Drinking Water by Solid Phase Extraction and Liquid Chromatography/Tandem Mass Spectrometry (LC/MS/MS)",,,TALBURL,2021-04-16,,https://www.waterqualitydata.us/data/providers/STORET/organizations/21NYDECA_WQX/activities/21NYDECA_WQX-17-CARM-9.0_20210412T1100%3ACEC-00107/results/1060245612/resdetectqntlmts,Lower Quantitation Limit,1.6,ng/L,,2025-04-18T14:28:10,STORET
21NYDECA_WQX,New York State Dec Division Of Water,21NYDECA_WQX-13-LHUD-130.6_20210412T1000:CEC-00104,Sample-Routine,Water,,2021-04-12,10:00:00,EDT,,,,,,,,,,,,Routine,Routine River Network,NYSDEC,21NYDECA_WQX-3664,13-LHUD-130.6,,,,,42.6194950000,-73.7587960000,,,,,,STORET-1060245549,Not Detected,None,Perfluorooctane sulfonic acid,Total,,,U,Accepted,,,,,,,,,,,,,,,,,,,,,,537M,USEPA,"MODIFIED, Determination of Selected Perfluorinated Alkyl Acids in Drinking Water by Solid Phase Extraction and Liquid Chromatography/Tandem Mass Spectrometry (LC/MS/MS)",,,TALBURL,2021-04-19,,https://www.waterqualitydata.us/data/providers/STORET/organizations/21NYDECA_WQX/activities/21NYDECA_WQX-13-LHUD-130.6_20210412T1000%3ACEC-00104/results/1060245549/resdetectqntlmts,Lower Quantitation Limit,1.7,ng/L,,2025-04-18T14:28:10,STORET
21NYDECA_WQX,New York State Dec Division Of Water,21NYDECA_WQX-10-SARA-0.3_20210817T1130:CEC-00159,Sample-Routine,Water,,2021-08-17,11:30:00,EDT,,,,,,,,,,,,Routine,Routine River Network,NYSDEC,21NYDECA_WQX-2957,10-SARA-0.3,,,,,44.6975380000,-73.4508500000,,,,,,STORET-1060246704,Not Detected,None,Perfluorooctane sulfonic acid,Total,,,U,Accepted,,,,,,,,,,,,,,,,,,,,,,537M,USEPA,"MODIFIED, Determination of Selected Perfluorinated Alkyl Acids in Drinking Water by Solid Phase Extraction and Liquid Chromatography/Tandem Mass Spectrometry (LC/MS/MS)",,,TALBURL,2021-08-19,,https://www.waterqualitydata.us/data/providers/STORET/organizations/21NYDECA_WQX/activities/21NYDECA_WQX-10-SARA-0.3_20210817T1130%3ACEC-00159/results/1060246704/resdetectqntlmts,Lower Quantitation Limit,1.7,ng/L,,2025-04-18T14:28:16,STORET
21NYDECA_WQX,New York State Dec Division Of Water,21NYDECA_WQX-02-ALGY-20.3_20210412T1145:CEC-00105,Sample-Routine,Water,,2021-04-12,11:45:00,EDT,,,,,,,,,,,,Routine,Routine River Network,NYSDEC,21NYDECA_WQX-427,02-ALGY-20.3,,,,,42.1571600000,-78.7179300000,,,,,,STORET-1060245570,Not Detected,None,Perfluorooctane sulfonic acid,Total,,,U,Accepted,,,,,,,,,,,,,,,,,,,,,,537M,USEPA,"MODIFIED, Determination of Selected Perfluorinated Alkyl Acids in Drinking Water by Solid Phase Extraction and Liquid Chromatography/Tandem Mass Spectrometry (LC/MS/MS)",,,TALBURL,2021-04-16,,https://www.waterqualitydata.us/data/providers/STORET/organizations/21NYDECA_WQX/activities/21NYDECA_WQX-02-ALGY-20.3_20210412T1145%3ACEC-00105/results/1060245570/resdetectqntlmts,Lower Quantitation Limit,1.7,ng/L,,2025-04-18T14:28:10,STORET
21NYDECA_WQX,New York State Dec Division Of Water,21NYDECA_WQX-10-SABL-14.6_20210414T0830:CEC-00131,Sample-Routine,Water,,2021-04-14,08:30:00,EDT,,,,,,,,,,,,Routine,Routine River Network,NYSDEC,21NYDECA_WQX-2546,10-SABL-14.6,,,,,44.4643750000,-73.5752550000,,,,,,STORET-1060246116,Not Detected,None,Perfluorooctane sulfonic acid,Total,,,U,Accepted,,,,,,,,,,,,,,,,,,,,,,537M,USEPA,"MODIFIED, Determination of Selected Perfluorinated Alkyl Acids in Drinking Water by Solid Phase Extraction and Liquid Chromatography/Tandem Mass Spectrometry (LC/MS/MS)",,,TALBURL,2021-04-21,,https://www.waterqualitydata.us/data/providers/STORET/organizations/21NYDECA_WQX/activities/21NYDECA_WQX-10-SABL-14.6_20210414T0830%3ACEC-00131/results/1060246116/resdetectqntlmts,Lower Quantitation Limit,1.8,ng/L,,2025-04-18T14:28:13,STORET
21NYDECA_WQX,New York State Dec Division Of Water,21NYDECA_WQX-04-GENS-4.2_20210428T0945:CEC-00189,Sample-Routine,Water,,2021-04-28,09:45:00,EDT,,,,,,,,,,,,PFAS Monitoring,PFAS Monitoring,NYSDEC,21NYDECA_WQX-978,04-GENS-4.2,,,,,43.1983890000,-77.6207460000,,,,,,STORET-1060247334,Not Detected,None,Perfluorooctane sulfonic acid,Total,,,U,Accepted,,,,,,,,,,,,,,,,,,,,,,537M,USEPA,"MODIFIED, Determination of Selected Perfluorinated Alkyl Acids in Drinking Water by Solid Phase Extraction and Liquid Chromatography/Tandem Mass Spectrometry (LC/MS/MS)",,,TALBURL,2021-05-10,,https://www.waterqualitydata.us/data/providers/STORET/organizations/21NYDECA_WQX/activities/21NYDECA_WQX-04-GENS-4.2_20210428T0945%3ACEC-00189/results/1060247334/resdetectqntlmts,Lower Quantitation Limit,1.7,ng/L,,2025-04-18T14:28:20,STORET
21NYDECA_WQX,New York State Dec Division Of Water,21NYDECA_WQX-11-UHUD-4.5_20210825T1130:CEC-00203,Sample-Routine,Water,,2021-08-25,11:30:00,EDT,,,,,,,,,,,,PFAS Monitoring,PFAS Monitoring,NYSDEC,21NYDECA_WQX-3191,11-UHUD-4.5,,,,,42.8091220000,-73.6583080000,,,,,,STORET-1060247628,Not Detected,None,Perfluorooctane sulfonic acid,Total,,,U,Accepted,,,,,,,,,,,,,,,,,,,,,,537M,USEPA,"MODIFIED, Determination of Selected Perfluorinated Alkyl Acids in Drinking Water by Solid Phase Extraction and Liquid Chromatography/Tandem Mass Spectrometry (LC/MS/MS)",,,TALBURL,2021-08-27,,https://www.waterqualitydata.us/data/providers/STORET/organizations/21NYDECA_WQX/activities/21NYDECA_WQX-11-UHUD-4.5_20210825T1130%3ACEC-00203/results/1060247628/resdetectqntlmts,Lower Quantitation Limit,1.6,ng/L,,2025-04-18T14:28:21,STORET
21NYDECA_WQX,New York State Dec Division Of Water,21NYDECA_WQX-13-WALK-18.6_20210412T1100:CEC-00099,Sample-Routine,Water,,2021-04-12,11:00:00,EDT,,,,,,,,,,,,Routine,Routine River Network,NYSDEC,21NYDECA_WQX-4087,13-WALK-18.6,,,,,41.6878310000,-74.1657000000,,,,,,STORET-1060245444,Not Detected,None,Perfluorooctane sulfonic acid,Total,,,U,Accepted,,,,,,,,,,,,,,,,,,,,,,537M,USEPA,"MODIFIED, Determination of Selected Perfluorinated Alkyl Acids in Drinking Water by Solid Phase Extraction and Liquid Chromatography/Tandem Mass Spectrometry (LC/MS/MS)",,,TALBURL,2021-04-15,,https://www.waterqualitydata.us/data/providers/STORET/organizations/21NYDECA_WQX/activities/21NYDECA_WQX-13-WALK-18.6_20210412T1100%3ACEC-00099/results/1060245444/resdetectqntlmts,Lower Quantitation Limit,1.8,ng/L,,2025-04-18T14:28:09,STORET
21NYDECA_WQX,New York State Dec Division Of Water,21NYDECA_WQX-06-SUSQ-31.4_20210414T1100:CEC-00124,Sample-Routine,Water,,2021-04-14,11:00:00,EDT,,,,,,,,,,,,Routine,Routine River Network,NYSDEC,21NYDECA_WQX-1363,06-SUSQ-31.4,,,,,42.0909700000,-76.0557870000,,,,,,STORET-1060245969,Not Detected,None,Perfluorooctane sulfonic acid,Total,,,U,Accepted,,,,,,,,,,,,,,,,,,,,,,537M,USEPA,"MODIFIED, Determination of Selected Perfluorinated Alkyl Acids in Drinking Water by Solid Phase Extraction and Liquid Chromatography/Tandem Mass Spectrometry (LC/MS/MS)",,,TALBURL,2021-04-21,,https://www.waterqualitydata.us/data/providers/STORET/organizations/21NYDECA_WQX/activities/21NYDECA_WQX-06-SUSQ-31.4_20210414T1100%3ACEC-00124/results/1060245969/resdetectqntlmts,Lower Quantitation Limit,1.6,ng/L,,2025-04-18T14:28:12,STORET
21NYDECA_WQX,New York State Dec Division Of Water,21NYDECA_WQX-05-CHEM-5.4_20210413T0945:CEC-00110,Sample-Routine,Water,,2021-04-13,09:45:00,EDT,,,,,,,,,,,,Routine,Routine River Network,NYSDEC,21NYDECA_WQX-1295,05-CHEM-5.4,,,,,42.0027800000,-76.6349900000,,,,,,STORET-1060245675,Not Detected,None,Perfluorooctane sulfonic acid,Total,,,U,Accepted,,,,,,,,,,,,,,,,,,,,,,537M,USEPA,"MODIFIED, Determination of Selected Perfluorinated Alkyl Acids in Drinking Water by Solid Phase Extraction and Liquid Chromatography/Tandem Mass Spectrometry (LC/MS/MS)",,,TALBURL,2021-04-20,,https://www.waterqualitydata.us/data/providers/STORET/organizations/21NYDECA_WQX/activities/21NYDECA_WQX-05-CHEM-5.4_20210413T0945%3ACEC-00110/results/1060245675/resdetectqntlmts,Lower Quantitation Limit,1.7,ng/L,,2025-04-18T14:28:10,STORET
21NYDECA_WQX,New York State Dec Division Of Water,21NYDECA_WQX-11-UHUD-43.1_20210817T1330:CEC-00154,Sample-Routine,Water,,2021-08-17,13:30:00,EDT,,,,,,,,,,,,Routine,Routine River Network,NYSDEC,21NYDECA_WQX-3192,11-UHUD-43.1,,,,,43.2965500000,-73.5904900000,,,,,,STORET-1060246599,Not Detected,None,Perfluorooctane sulfonic acid,Total,,,U,Accepted,,,,,,,,,,,,,,,,,,,,,,537M,USEPA,"MODIFIED, Determination of Selected Perfluorinated Alkyl Acids in Drinking Water by Solid Phase Extraction and Liquid Chromatography/Tandem Mass Spectrometry (LC/MS/MS)",,,TALBURL,2021-08-19,,https://www.waterqualitydata.us/data/providers/STORET/organizations/21NYDECA_WQX/activities/21NYDECA_WQX-11-UHUD-43.1_20210817T1330%3ACEC-00154/results/1060246599/resdetectqntlmts,Lower Quantitation Limit,1.7,ng/L,,2025-04-18T14:28:15,STORET
21NYDECA_WQX,New York State Dec Division Of Water,21NYDECA_WQX-08-BLCK-84.5_20210412T0830:CEC-00100,Sample-Routine,Water,,2021-04-12,08:30:00,EDT,,,,,,,,,,,,Routine,Routine River Network,NYSDEC,21NYDECA_WQX-1888,08-BLCK-84.5,,,,,43.5116700000,-75.3066600000,,,,,,STORET-1060245465,Not Detected,None,Perfluorooctane sulfonic acid,Total,,,U,Accepted,,,,,,,,,,,,,,,,,,,,,,537M,USEPA,"MODIFIED, Determination of Selected Perfluorinated Alkyl Acids in Drinking Water by Solid Phase Extraction and Liquid Chromatography/Tandem Mass Spectrometry (LC/MS/MS)",,,TALBURL,2021-04-19,,https://www.waterqualitydata.us/data/providers/STORET/organizations/21NYDECA_WQX/activities/21NYDECA_WQX-08-BLCK-84.5_20210412T0830%3ACEC-00100/results/1060245465/resdetectqntlmts,Lower Quantitation Limit,1.6,ng/L,,2025-04-18T14:28:09,STORET
21NYDECA_WQX,New York State Dec Division Of Water,21NYDECA_WQX-04-RAGA-1.4_20210413T0915:CEC-00114,Sample-Routine,Water,,2021-04-13,09:15:00,EDT,,,,,,,,,,,,Routine,Routine River Network,NYSDEC,21NYDECA_WQX-776,04-RAGA-1.4,,,,,42.7359800000,-77.8418300000,,,,,,STORET-1060245759,Not Detected,None,Perfluorooctane sulfonic acid,Total,,,U,Accepted,,,,,,,,,,,,,,,,,,,,,,537M,USEPA,"MODIFIED, Determination of Selected Perfluorinated Alkyl Acids in Drinking Water by Solid Phase Extraction and Liquid Chromatography/Tandem Mass Spectrometry (LC/MS/MS)",,,TALBURL,2021-04-20,,https://www.waterqualitydata.us/data/providers/STORET/organizations/21NYDECA_WQX/activities/21NYDECA_WQX-04-RAGA-1.4_20210413T0915%3ACEC-00114/results/1060245759/resdetectqntlmts,Lower Quantitation Limit,1.7,ng/L,,2025-04-18T14:28:11,STORET
21NYDECA_WQX,New York State Dec Division Of Water,21NYDECA_WQX-06-DILA-5.4_20210414T1145:CEC-00121,Sample-Routine,Water,,2021-04-14,11:45:00,EDT,,,,,,,,,,,,Routine,Routine River Network,NYSDEC,21NYDECA_WQX-1143,06-DILA-5.4,,,,,42.3772200000,-75.4050000000,,,,,,STORET-1060245906,Not Detected,None,Perfluorooctane sulfonic acid,Total,,,U,Accepted,,,,,,,,,,,,,,,,,,,,,,537M,USEPA,"MODIFIED, Determination of Selected Perfluorinated Alkyl Acids in Drinking Water by Solid Phase Extraction and Liquid Chromatography/Tandem Mass Spectrometry (LC/MS/MS)",,,TALBURL,2021-04-21,,https://www.waterqualitydata.us/data/providers/STORET/organizations/21NYDECA_WQX/activities/21NYDECA_WQX-06-DILA-5.4_20210414T1145%3ACEC-00121/results/1060245906/resdetectqntlmts,Lower Quantitation Limit,1.6,ng/L,,2025-04-18T14:28:12,STORET
21NYDECA_WQX,New York State Dec Division Of Water,21NYDECA_WQX-05-CDEA-1.8_20210816T1300:CEC-00135,Sample-Routine,Water,,2021-08-16,13:00:00,EDT,,,,,,,,,,,,Routine,Routine River Network,NYSDEC,21NYDECA_WQX-1282,05-CDEA-1.8,,,,,42.3356700000,-77.6826700000,,,,,,STORET-1060246200,Not Detected,None,Perfluorooctane sulfonic acid,Total,,,U,Accepted,,,,,,,,,,,,,,,,,,,,,,537M,USEPA,"MODIFIED, Determination of Selected Perfluorinated Alkyl Acids in Drinking Water by Solid Phase Extraction and Liquid Chromatography/Tandem Mass Spectrometry (LC/MS/MS)",,,TALBURL,2021-08-18,,https://www.waterqualitydata.us/data/providers/STORET/organizations/21NYDECA_WQX/activities/21NYDECA_WQX-05-CDEA-1.8_20210816T1300%3ACEC-00135/results/1060246200/resdetectqntlmts,Lower Quantitation Limit,1.6,ng/L,,2025-04-18T14:28:13,STORET
21NYDECA_WQX,New York State Dec Division Of Water,21NYDECA_WQX-03-SALM-6.0_20210825T1330:CEC-00196,Sample-Routine,Water,,2021-08-25,13:30:00,EDT,,,,,,,,,,,,PFAS Monitoring,PFAS Monitoring,NYSDEC,21NYDECA_WQX-671,03-SALM-6.0,,,,,43.5612220000,-76.1181390000,,,,,,STORET-1060247481,Not Detected,None,Perfluorooctane sulfonic acid,Total,,,U,Accepted,,,,,,,,,,,,,,,,,,,,,,537M,USEPA,"MODIFIED, Determination of Selected Perfluorinated Alkyl Acids in Drinking Water by Solid Phase Extraction and Liquid Chromatography/Tandem Mass Spectrometry (LC/MS/MS)",,,TALBURL,2021-08-27,,https://www.waterqualitydata.us/data/providers/STORET/organizations/21NYDECA_WQX/activities/21NYDECA_WQX-03-SALM-6.0_20210825T1330%3ACEC-00196/results/1060247481/resdetectqntlmts,Lower Quantitation Limit,1.9,ng/L,,2025-04-18T14:28:20,STORET
21NYDECA_WQX,New York State Dec Division Of Water,21NYDECA_WQX-17-BLND_Tb-2.0_20210824T1015:CEC-00190,Sample-Routine,Water,,2021-08-24,10:15:00,EDT,,,,,,,,,,,,PFAS Monitoring,PFAS Monitoring,NYSDEC,21NYDECA_WQX-8359,17-BLND_Tb-2.0,,,,,41.0457200000,-73.7099010000,,,,,,STORET-1060247355,,None,Perfluorooctane sulfonic acid,Total,2.9,ng/L,CON,Accepted,,Actual,,,,,,,,,,,,,,,,,,,,537M,USEPA,"MODIFIED, Determination of Selected Perfluorinated Alkyl Acids in Drinking Water by Solid Phase Extraction and Liquid Chromatography/Tandem Mass Spectrometry (LC/MS/MS)",,,TALBURL,2021-08-26,,https://www.waterqualitydata.us/data/providers/STORET/organizations/21NYDECA_WQX/activities/21NYDECA_WQX-17-BLND_Tb-2.0_20210824T1015%3ACEC-00190/results/1060247355/resdetectqntlmts,Lower Quantitation Limit,1.7,ng/L,,2025-04-18T14:28:20,STORET
21NYDECA_WQX,New York State Dec Division Of Water,21NYDECA_WQX-01-NIAG-2.6_20210824T1415:CEC-00199,Sample-Routine,Water,,2021-08-24,14:15:00,EDT,,,,,,,,,,,,PFAS Monitoring,PFAS Monitoring,NYSDEC,21NYDECA_WQX-79,01-NIAG-2.6,,,,,43.2282330000,-79.0517930000,,,,,,STORET-1060247544,,None,Perfluorooctane sulfonic acid,Total,1.6,ng/L,CON,Accepted,,Actual,,,,,,,,,,,,,,,,,,,,537M,USEPA,"MODIFIED, Determination of Selected Perfluorinated Alkyl Acids in Drinking Water by Solid Phase Extraction and Liquid Chromatography/Tandem Mass Spectrometry (LC/MS/MS)",,,TALBURL,2021-08-27,,https://www.waterqualitydata.us/data/providers/STORET/organizations/21NYDECA_WQX/activities/21NYDECA_WQX-01-NIAG-2.6_20210824T1415%3ACEC-00199/results/1060247544/resdetectqntlmts,Lower Quantitation Limit,1.6,ng/L,,2025-04-18T14:28:21,STORET
21NYDECA_WQX,New York State Dec Division Of Water,21NYDECA_WQX-12-MOHK-17.1_20210422T1015:CEC-00180,Sample-Routine,Water,,2021-04-22,10:15:00,EDT,,,,,,,,,,,,PFAS Monitoring,PFAS Monitoring,NYSDEC,21NYDECA_WQX-3388,12-MOHK-17.1,,,,,42.8382480000,-73.8773130000,,,,,,STORET-1060247145,Not Detected,None,Perfluorooctane sulfonic acid,Total,,,U,Accepted,,,,,,,,,,,,,,,,,,,,,,537M,USEPA,"MODIFIED, Determination of Selected Perfluorinated Alkyl Acids in Drinking Water by Solid Phase Extraction and Liquid Chromatography/Tandem Mass Spectrometry (LC/MS/MS)",,,TALBURL,2021-05-06,,https://www.waterqualitydata.us/data/providers/STORET/organizations/21NYDECA_WQX/activities/21NYDECA_WQX-12-MOHK-17.1_20210422T1015%3ACEC-00180/results/1060247145/resdetectqntlmts,Lower Quantitation Limit,1.6,ng/L,,2025-04-18T14:28:18,STORET
21NYDECA_WQX,New York State Dec Division Of Water,21NYDECA_WQX-09-LSAL-7.6_20210413T1200:CEC-00111,Sample-Routine,Water,,2021-04-13,12:00:00,EDT,,,,,,,,,,,,Routine,Routine River Network,NYSDEC,21NYDECA_WQX-2202,09-LSAL-7.6,,,,,44.9398510000,-74.5569440000,,,,,,STORET-1060245696,Not Detected,None,Perfluorooctane sulfonic acid,Total,,,U,Accepted,,,,,,,,,,,,,,,,,,,,,,537M,USEPA,"MODIFIED, Determination of Selected Perfluorinated Alkyl Acids in Drinking Water by Solid Phase Extraction and Liquid Chromatography/Tandem Mass Spectrometry (LC/MS/MS)",,,TALBURL,2021-04-20,,https://www.waterqualitydata.us/data/providers/STORET/organizations/21NYDECA_WQX/activities/21NYDECA_WQX-09-LSAL-7.6_20210413T1200%3ACEC-00111/results/1060245696/resdetectqntlmts,Lower Quantitation Limit,1.7,ng/L,,2025-04-18T14:28:10,STORET
21NYDECA_WQX,New York State Dec Division Of Water,21NYDECA_WQX-04-GENS-3.8_20210428T1015:CEC-00188,Sample-Routine,Water,,2021-04-28,10:15:00,EDT,,,,,,,,,,,,PFAS Monitoring,PFAS Monitoring,NYSDEC,21NYDECA_WQX-976,04-GENS-3.8,,,,,43.2036090000,-77.6257360000,,,,,,STORET-1060247313,,None,Perfluorooctane sulfonic acid,Total,12,ng/L,CON,Accepted,,Actual,,,,,,,,,,,,,,,,,,,,537M,USEPA,"MODIFIED, Determination of Selected Perfluorinated Alkyl Acids in Drinking Water by Solid Phase Extraction and Liquid Chromatography/Tandem Mass Spectrometry (LC/MS/MS)",,,TALBURL,2021-05-10,,https://www.waterqualitydata.us/data/providers/STORET/organizations/21NYDECA_WQX/activities/21NYDECA_WQX-04-GENS-3.8_20210428T1015%3ACEC-00188/results/1060247313/resdetectqntlmts,Lower Quantitation Limit,1.6,ng/L,,2025-04-18T14:28:20,STORET
21NYDECA_WQX,New York State Dec Division Of Water,21NYDECA_WQX-07-KEUK-0.3_20210830T1200:CEC-00171,Sample-Routine,Water,,2021-08-30,12:00:00,EDT,,,,,,,,,,,,Routine,Routine River Network,NYSDEC,21NYDECA_WQX-1772,07-KEUK-0.3,,,,,42.6803700000,-76.9539500000,,,,,,STORET-1060246956,Not Detected,None,Perfluorooctane sulfonic acid,Total,,,U,Accepted,,,,,,,,,,,,,,,,,,,,,,537M,USEPA,"MODIFIED, Determination of Selected Perfluorinated Alkyl Acids in Drinking Water by Solid Phase Extraction and Liquid Chromatography/Tandem Mass Spectrometry (LC/MS/MS)",,,TALBURL,2021-09-01,,https://www.waterqualitydata.us/data/providers/STORET/organizations/21NYDECA_WQX/activities/21NYDECA_WQX-07-KEUK-0.3_20210830T1200%3ACEC-00171/results/1060246956/resdetectqntlmts,Lower Quantitation Limit,1.6,ng/L,,2025-04-18T14:28:17,STORET
21NYDECA_WQX,New York State Dec Division Of Water,21NYDECA_WQX-17-KENF_Ta-0.2_20210421T1100:CEC-00183,Sample-Routine,Water,,2021-04-21,11:00:00,EDT,,,,,,,,,,,,PFAS Monitoring,PFAS Monitoring,NYSDEC,21NYDECA_WQX-8523,17-KENF_Ta-0.2,,,,,41.0674790000,-73.7175830000,,,,,,STORET-1060247208,,None,Perfluorooctane sulfonic acid,Total,12,ng/L,CON,Accepted,,Actual,,,,,,,,,,,,,,,,,,,,537M,USEPA,"MODIFIED, Determination of Selected Perfluorinated Alkyl Acids in Drinking Water by Solid Phase Extraction and Liquid Chromatography/Tandem Mass Spectrometry (LC/MS/MS)",,,TALBURL,2021-05-04,,https://www.waterqualitydata.us/data/providers/STORET/organizations/21NYDECA_WQX/activities/21NYDECA_WQX-17-KENF_Ta-0.2_20210421T1100%3ACEC-00183/results/1060247208/resdetectqntlmts,Lower Quantitation Limit,1.6,ng/L,,2025-04-18T14:28:19,STORET
21NYDECA_WQX,New York State Dec Division Of Water,21NYDECA_WQX-03-NRUP-3.1_20210816T1130:CEC-00140,Sample-Routine,Water,,2021-08-16,11:30:00,EDT,,,,,,,,,,,,Routine,Routine River Network,NYSDEC,21NYDECA_WQX-634,03-NRUP-3.1,,,,,43.2540000000,-77.7420000000,,,,,,STORET-1060246305,,None,Perfluorooctane sulfonic acid,Total,1.8,ng/L,CON,Accepted,,Actual,,,,,,,,,,,,,,,,,,,,537M,USEPA,"MODIFIED, Determination of Selected Perfluorinated Alkyl Acids in Drinking Water by Solid Phase Extraction and Liquid Chromatography/Tandem Mass Spectrometry (LC/MS/MS)",,,TALBURL,2021-08-18,,https://www.waterqualitydata.us/data/providers/STORET/organizations/21NYDECA_WQX/activities/21NYDECA_WQX-03-NRUP-3.1_20210816T1130%3ACEC-00140/results/1060246305/resdetectqntlmts,Lower Quantitation Limit,1.7,ng/L,,2025-04-18T14:28:14,STORET
21NYDECA_WQX,New York State Dec Division Of Water,21NYDECA_WQX-01-NIAG-2.6_20210427T1200:CEC-00186,Sample-Routine,Water,,2021-04-27,12:00:00,EDT,,,,,,,,,,,,PFAS Monitoring,PFAS Monitoring,NYSDEC,21NYDECA_WQX-79,01-NIAG-2.6,,,,,43.2282330000,-79.0517930000,,,,,,STORET-1060247271,,None,Perfluorooctane sulfonic acid,Total,1.7,ng/L,CON,Accepted,,Actual,,,,,,,,,,,,,,,,,,,,537M,USEPA,"MODIFIED, Determination of Selected Perfluorinated Alkyl Acids in Drinking Water by Solid Phase Extraction and Liquid Chromatography/Tandem Mass Spectrometry (LC/MS/MS)",,,TALBURL,2021-05-12,,https://www.waterqualitydata.us/data/providers/STORET/organizations/21NYDECA_WQX/activities/21NYDECA_WQX-01-NIAG-2.6_20210427T1200%3ACEC-00186/results/1060247271/resdetectqntlmts,Lower Quantitation Limit,1.7,ng/L,,2025-04-18T14:28:19,STORET
21NYDECA_WQX,New York State Dec Division Of Water,21NYDECA_WQX-06-TOGH-32.8_20210818T1100:CEC-00146,Sample-Routine,Water,,2021-08-18,11:00:00,EDT,,,,,,,,,,,,Routine,Routine River Network,NYSDEC,21NYDECA_WQX-1382,06-TOGH-32.8,,,,,42.5986100000,-76.1586100000,,,,,,STORET-1060246431,Not Detected,None,Perfluorooctane sulfonic acid,Total,,,U,Accepted,,,,,,,,,,,,,,,,,,,,,,537M,USEPA,"MODIFIED, Determination of Selected Perfluorinated Alkyl Acids in Drinking Water by Solid Phase Extraction and Liquid Chromatography/Tandem Mass Spectrometry (LC/MS/MS)",,,TALBURL,2021-08-20,,https://www.waterqualitydata.us/data/providers/STORET/organizations/21NYDECA_WQX/activities/21NYDECA_WQX-06-TOGH-32.8_20210818T1100%3ACEC-00146/results/1060246431/resdetectqntlmts,Lower Quantitation Limit,1.6,ng/L,,2025-04-18T14:28:14,STORET
21NYDECA_WQX,New York State Dec Division Of Water,21NYDECA_WQX-12-SCHO-14.6_20210415T0945:CEC-00132,Sample-Routine,Water,,2021-04-15,09:45:00,EDT,,,,,,,,,,,,Routine,Routine River Network,NYSDEC,21NYDECA_WQX-3489,12-SCHO-14.6,,,,,42.8000000000,-74.2633400000,,,,,,STORET-1060246137,Not Detected,None,Perfluorooctane sulfonic acid,Total,,,U,Accepted,,,,,,,,,,,,,,,,,,,,,,537M,USEPA,"MODIFIED, Determination of Selected Perfluorinated Alkyl Acids in Drinking Water by Solid Phase Extraction and Liquid Chromatography/Tandem Mass Spectrometry (LC/MS/MS)",,,TALBURL,2021-04-26,,https://www.waterqualitydata.us/data/providers/STORET/organizations/21NYDECA_WQX/activities/21NYDECA_WQX-12-SCHO-14.6_20210415T0945%3ACEC-00132/results/1060246137/resdetectqntlmts,Lower Quantitation Limit,1.6,ng/L,,2025-04-18T14:28:13,STORET
21NYDECA_WQX,New York State Dec Division Of Water,21NYDECA_WQX-14-NEVR-8.9_20210414T1315:CEC-00127,Sample-Routine,Water,,2021-04-14,13:15:00,EDT,,,,,,,,,,,,Routine,Routine River Network,NYSDEC,21NYDECA_WQX-7476,14-NEVR-8.9,,,,,41.4422000000,-74.6002000000,,,,,,STORET-1060246032,Not Detected,None,Perfluorooctane sulfonic acid,Total,,,U,Accepted,,,,,,,,,,,,,,,,,,,,,,537M,USEPA,"MODIFIED, Determination of Selected Perfluorinated Alkyl Acids in Drinking Water by Solid Phase Extraction and Liquid Chromatography/Tandem Mass Spectrometry (LC/MS/MS)",,,TALBURL,2021-04-21,,https://www.waterqualitydata.us/data/providers/STORET/organizations/21NYDECA_WQX/activities/21NYDECA_WQX-14-NEVR-8.9_20210414T1315%3ACEC-00127/results/1060246032/resdetectqntlmts,Lower Quantitation Limit,1.7,ng/L,,2025-04-18T14:28:12,STORET
21NYDECA_WQX,New York State Dec Division Of Water,21NYDECA_WQX-04-UGNS-137.8_20210413T1130:CEC-00120,Sample-Routine,Water,,2021-04-13,11:30:00,EDT,,,,,,,,,,,,Routine,Routine River Network,NYSDEC,21NYDECA_WQX-823,04-UGNS-137.8,,,,,42.1186600000,-77.9465400000,,,,,,STORET-1060245885,Not Detected,None,Perfluorooctane sulfonic acid,Total,,,U,Accepted,,,,,,,,,,,,,,,,,,,,,,537M,USEPA,"MODIFIED, Determination of Selected Perfluorinated Alkyl Acids in Drinking Water by Solid Phase Extraction and Liquid Chromatography/Tandem Mass Spectrometry (LC/MS/MS)",,,TALBURL,2021-04-16,,https://www.waterqualitydata.us/data/providers/STORET/organizations/21NYDECA_WQX/activities/21NYDECA_WQX-04-UGNS-137.8_20210413T1130%3ACEC-00120/results/1060245885/resdetectqntlmts,Lower Quantitation Limit,1.6,ng/L,,2025-04-18T14:28:11,STORET
21NYDECA_WQX,New York State Dec Division Of Water,21NYDECA_WQX-04-GENS-4.2_20210825T0900:CEC-00202,Sample-Routine,Water,,2021-08-25,09:00:00,EDT,,,,,,,,,,,,PFAS Monitoring,PFAS Monitoring,NYSDEC,21NYDECA_WQX-978,04-GENS-4.2,,,,,43.1983890000,-77.6207460000,,,,,,STORET-1060247607,Not Detected,None,Perfluorooctane sulfonic acid,Total,,,U,Accepted,,,,,,,,,,,,,,,,,,,,,,537M,USEPA,"MODIFIED, Determination of Selected Perfluorinated Alkyl Acids in Drinking Water by Solid Phase Extraction and Liquid Chromatography/Tandem Mass Spectrometry (LC/MS/MS)",,,TALBURL,2021-08-27,,https://www.waterqualitydata.us/data/providers/STORET/organizations/21NYDECA_WQX/activities/21NYDECA_WQX-04-GENS-4.2_20210825T0900%3ACEC-00202/results/1060247607/resdetectqntlmts,Lower Quantitation Limit,1.6,ng/L,,2025-04-18T14:28:21,STORET
21NYDECA_WQX,New York State Dec Division Of Water,21NYDECA_WQX-14-WDEL-16.2_20210414T0945:CEC-00122,Sample-Routine,Water,,2021-04-14,09:45:00,EDT,,,,,,,,,,,,Routine,Routine River Network,NYSDEC,21NYDECA_WQX-7774,14-WDEL-16.2,,,,,42.0800000000,-75.4013800000,,,,,,STORET-1060245927,Not Detected,None,Perfluorooctane sulfonic acid,Total,,,U,Accepted,,,,,,,,,,,,,,,,,,,,,,537M,USEPA,"MODIFIED, Determination of Selected Perfluorinated Alkyl Acids in Drinking Water by Solid Phase Extraction and Liquid Chromatography/Tandem Mass Spectrometry (LC/MS/MS)",,,TALBURL,2021-04-21,,https://www.waterqualitydata.us/data/providers/STORET/organizations/21NYDECA_WQX/activities/21NYDECA_WQX-14-WDEL-16.2_20210414T0945%3ACEC-00122/results/1060245927/resdetectqntlmts,Lower Quantitation Limit,1.7,ng/L,,2025-04-18T14:28:12,STORET
21NYDECA_WQX,New York State Dec Division Of Water,21NYDECA_WQX-03-EMIL-5.1_20210826T1000:CEC-00170,Sample-Routine,Water,,2021-08-26,10:00:00,EDT,,,,,,,,,,,,Routine,Routine River Network,NYSDEC,21NYDECA_WQX-728,03-EMIL-5.1,,,,,43.2778500000,-78.7118500000,,,,,,STORET-1060246935,,None,Perfluorooctane sulfonic acid,Total,2.7,ng/L,CON,Accepted,,Actual,,,,,,,,,,,,,,,,,,,,537M,USEPA,"MODIFIED, Determination of Selected Perfluorinated Alkyl Acids in Drinking Water by Solid Phase Extraction and Liquid Chromatography/Tandem Mass Spectrometry (LC/MS/MS)",,,TALBURL,2021-09-01,,https://www.waterqualitydata.us/data/providers/STORET/organizations/21NYDECA_WQX/activities/21NYDECA_WQX-03-EMIL-5.1_20210826T1000%3ACEC-00170/results/1060246935/resdetectqntlmts,Lower Quantitation Limit,1.6,ng/L,,2025-04-18T14:28:17,STORET
21NYDECA_WQX,New York State Dec Division Of Water,21NYDECA_WQX-10-BOQT-2.6_20210818T0945:CEC-00157,Sample-Routine,Water,,2021-08-18,09:45:00,EDT,,,,,,,,,,,,Routine,Routine River Network,NYSDEC,21NYDECA_WQX-2676,10-BOQT-2.6,,,,,44.3638900000,-73.3908810000,,,,,,STORET-1060246662,Not Detected,None,Perfluorooctane sulfonic acid,Total,,,U,Accepted,,,,,,,,,,,,,,,,,,,,,,537M,USEPA,"MODIFIED, Determination of Selected Perfluorinated Alkyl Acids in Drinking Water by Solid Phase Extraction and Liquid Chromatography/Tandem Mass Spectrometry (LC/MS/MS)",,,TALBURL,2021-08-20,,https://www.waterqualitydata.us/data/providers/STORET/organizations/21NYDECA_WQX/activities/21NYDECA_WQX-10-BOQT-2.6_20210818T0945%3ACEC-00157/results/1060246662/resdetectqntlmts,Lower Quantitation Limit,1.6,ng/L,,2025-04-18T14:28:15,STORET
21NYDECA_WQX,New York State Dec Division Of Water,21NYDECA_WQX-02-CHAD-2.2_20210816T0000:CEC-00143,Sample-Routine,Water,,2021-08-16,00:00:00,EDT,,,,,,,,,,,,Routine,Routine River Network,NYSDEC,21NYDECA_WQX-458,02-CHAD-2.2,,,,,42.1124500000,-79.2030300000,,,,,,STORET-1060246368,Not Detected,None,Perfluorooctane sulfonic acid,Total,,,U,Accepted,,,,,,,,,,,,,,,,,,,,,,537M,USEPA,"MODIFIED, Determination of Selected Perfluorinated Alkyl Acids in Drinking Water by Solid Phase Extraction and Liquid Chromatography/Tandem Mass Spectrometry (LC/MS/MS)",,,TALBURL,2021-08-18,,https://www.waterqualitydata.us/data/providers/STORET/organizations/21NYDECA_WQX/activities/21NYDECA_WQX-02-CHAD-2.2_20210816T0000%3ACEC-00143/results/1060246368/resdetectqntlmts,Lower Quantitation Limit,1.6,ng/L,,2025-04-18T14:28:14,STORET
21NYDECA_WQX,New York State Dec Division Of Water,21NYDECA_WQX-11-UHUD-4.5_20210426T1100:CEC-00177,Sample-Routine,Water,,2021-04-26,11:00:00,EDT,,,,,,,,,,,,PFAS Monitoring,PFAS Monitoring,NYSDEC,21NYDECA_WQX-3191,11-UHUD-4.5,,,,,42.8091220000,-73.6583080000,,,,,,STORET-1060247082,Not Detected,None,Perfluorooctane sulfonic acid,Total,,,U,Accepted,,,,,,,,,,,,,,,,,,,,,,537M,USEPA,"MODIFIED, Determination of Selected Perfluorinated Alkyl Acids in Drinking Water by Solid Phase Extraction and Liquid Chromatography/Tandem Mass Spectrometry (LC/MS/MS)",,,TALBURL,2021-05-06,,https://www.waterqualitydata.us/data/providers/STORET/organizations/21NYDECA_WQX/activities/21NYDECA_WQX-11-UHUD-4.5_20210426T1100%3ACEC-00177/results/1060247082/resdetectqntlmts,Lower Quantitation Limit,1.7,ng/L,,2025-04-18T14:28:18,STORET
21NYDECA_WQX,New York State Dec Division Of Water,21NYDECA_WQX-12-MOHK-15.5_20210825T0915:CEC-00205,Sample-Routine,Water,,2021-08-25,09:15:00,EDT,,,,,,,,,,,,PFAS Monitoring,PFAS Monitoring,NYSDEC,21NYDECA_WQX-3387,12-MOHK-15.5,,,,,42.8206240000,-73.8586170000,,,,,,STORET-1060247670,,None,Perfluorooctane sulfonic acid,Total,1.9,ng/L,CON,Accepted,,Actual,,,,,,,,,,,,,,,,,,,,537M,USEPA,"MODIFIED, Determination of Selected Perfluorinated Alkyl Acids in Drinking Water by Solid Phase Extraction and Liquid Chromatography/Tandem Mass Spectrometry (LC/MS/MS)",,,TALBURL,2021-08-27,,https://www.waterqualitydata.us/data/providers/STORET/organizations/21NYDECA_WQX/activities/21NYDECA_WQX-12-MOHK-15.5_20210825T0915%3ACEC-00205/results/1060247670/resdetectqntlmts,Lower Quantitation Limit,1.6,ng/L,,2025-04-18T14:28:21,STORET
21NYDECA_WQX,New York State Dec Division Of Water,21NYDECA_WQX-14-WDEL-16.2_20210817T1000:CEC-00167,Sample-Routine,Water,,2021-08-17,10:00:00,EDT,,,,,,,,,,,,Routine,Routine River Network,NYSDEC,21NYDECA_WQX-7774,14-WDEL-16.2,,,,,42.0800000000,-75.4013800000,,,,,,STORET-1060246872,Not Detected,None,Perfluorooctane sulfonic acid,Total,,,U,Accepted,,,,,,,,,,,,,,,,,,,,,,537M,USEPA,"MODIFIED, Determination of Selected Perfluorinated Alkyl Acids in Drinking Water by Solid Phase Extraction and Liquid Chromatography/Tandem Mass Spectrometry (LC/MS/MS)",,,TALBURL,2021-08-20,,https://www.waterqualitydata.us/data/providers/STORET/organizations/21NYDECA_WQX/activities/21NYDECA_WQX-14-WDEL-16.2_20210817T1000%3ACEC-00167/results/1060246872/resdetectqntlmts,Lower Quantitation Limit,1.6,ng/L,,2025-04-18T14:28:17,STORET
21NYDECA_WQX,New York State Dec Division Of Water,21NYDECA_WQX-03-LONT_T63-1.3_20210825T1145:CEC-00194,Sample-Routine,Water,,2021-08-25,11:45:00,EDT,,,,,,,,,,,,PFAS Monitoring,PFAS Monitoring,NYSDEC,21NYDECA_WQX-602,03-LONT_T63-1.3,,,,,43.4865610000,-76.4490000000,,,,,,STORET-1060247439,,None,Perfluorooctane sulfonic acid,Total,3,ng/L,CON,Accepted,,Actual,,,,,,,,,,,,,,,,,,,,537M,USEPA,"MODIFIED, Determination of Selected Perfluorinated Alkyl Acids in Drinking Water by Solid Phase Extraction and Liquid Chromatography/Tandem Mass Spectrometry (LC/MS/MS)",,,TALBURL,2021-08-27,,https://www.waterqualitydata.us/data/providers/STORET/organizations/21NYDECA_WQX/activities/21NYDECA_WQX-03-LONT_T63-1.3_20210825T1145%3ACEC-00194/results/1060247439/resdetectqntlmts,Lower Quantitation Limit,1.9,ng/L,,2025-04-18T14:28:20,STORET
21NYDECA_WQX,New York State Dec Division Of Water,21NYDECA_WQX-02-ALGY-20.3_20210816T1045:CEC-00142,Sample-Routine,Water,,2021-08-16,10:45:00,EDT,,,,,,,,,,,,Routine,Routine River Network,NYSDEC,21NYDECA_WQX-427,02-ALGY-20.3,,,,,42.1571600000,-78.7179300000,,,,,,STORET-1060246347,Not Detected,None,Perfluorooctane sulfonic acid,Total,,,U,Accepted,,,,,,,,,,,,,,,,,,,,,,537M,USEPA,"MODIFIED, Determination of Selected Perfluorinated Alkyl Acids in Drinking Water by Solid Phase Extraction and Liquid Chromatography/Tandem Mass Spectrometry (LC/MS/MS)",,,TALBURL,2021-08-18,,https://www.waterqualitydata.us/data/providers/STORET/organizations/21NYDECA_WQX/activities/21NYDECA_WQX-02-ALGY-20.3_20210816T1045%3ACEC-00142/results/1060246347/resdetectqntlmts,Lower Quantitation Limit,1.6,ng/L,,2025-04-18T14:28:14,STORET
21NYDECA_WQX,New York State Dec Division Of Water,21NYDECA_WQX-11-UHUD-5.5_20210426T1030:CEC-00178,Sample-Routine,Water,,2021-04-26,10:30:00,EDT,,,,,,,,,,,,PFAS Monitoring,PFAS Monitoring,NYSDEC,21NYDECA_WQX-3194,11-UHUD-5.5,,,,,42.8227400000,-73.6613700000,,,,,,STORET-1060247103,Not Detected,None,Perfluorooctane sulfonic acid,Total,,,U,Accepted,,,,,,,,,,,,,,,,,,,,,,537M,USEPA,"MODIFIED, Determination of Selected Perfluorinated Alkyl Acids in Drinking Water by Solid Phase Extraction and Liquid Chromatography/Tandem Mass Spectrometry (LC/MS/MS)",,,TALBURL,2021-05-06,,https://www.waterqualitydata.us/data/providers/STORET/organizations/21NYDECA_WQX/activities/21NYDECA_WQX-11-UHUD-5.5_20210426T1030%3ACEC-00178/results/1060247103/resdetectqntlmts,Lower Quantitation Limit,1.6,ng/L,,2025-04-18T14:28:18,STORET
21NYDECA_WQX,New York State Dec Division Of Water,21NYDECA_WQX-07-KEUK-0.3_20210412T0930:CEC-00103,Sample-Routine,Water,,2021-04-12,09:30:00,EDT,,,,,,,,,,,,Routine,Routine River Network,NYSDEC,21NYDECA_WQX-1772,07-KEUK-0.3,,,,,42.6803700000,-76.9539500000,,,,,,STORET-1060245528,Not Detected,None,Perfluorooctane sulfonic acid,Total,,,U,Accepted,,,,,,,,,,,,,,,,,,,,,,537M,USEPA,"MODIFIED, Determination of Selected Perfluorinated Alkyl Acids in Drinking Water by Solid Phase Extraction and Liquid Chromatography/Tandem Mass Spectrometry (LC/MS/MS)",,,TALBURL,2021-04-19,,https://www.waterqualitydata.us/data/providers/STORET/organizations/21NYDECA_WQX/activities/21NYDECA_WQX-07-KEUK-0.3_20210412T0930%3ACEC-00103/results/1060245528/resdetectqntlmts,Lower Quantitation Limit,1.7,ng/L,,2025-04-18T14:28:10,STORET
21NYDECA_WQX,New York State Dec Division Of Water,21NYDECA_WQX-13-ROND-9.2_20210412T1330:CEC-00098,Sample-Routine,Water,,2021-04-12,13:30:00,EDT,,,,,,,,,,,,Routine,Routine River Network,NYSDEC,21NYDECA_WQX-4259,13-ROND-9.2,,,,,41.8461780000,-74.0742820000,,,,,,STORET-1060245423,Not Detected,None,Perfluorooctane sulfonic acid,Total,,,U,Accepted,,,,,,,,,,,,,,,,,,,,,,537M,USEPA,"MODIFIED, Determination of Selected Perfluorinated Alkyl Acids in Drinking Water by Solid Phase Extraction and Liquid Chromatography/Tandem Mass Spectrometry (LC/MS/MS)",,,TALBURL,2021-04-15,,https://www.waterqualitydata.us/data/providers/STORET/organizations/21NYDECA_WQX/activities/21NYDECA_WQX-13-ROND-9.2_20210412T1330%3ACEC-00098/results/1060245423/resdetectqntlmts,Lower Quantitation Limit,1.7,ng/L,,2025-04-18T14:28:09,STORET
21NYDECA_WQX,New York State Dec Division Of Water,21NYDECA_WQX-17-CARM-9.0_20210817T0930:CEC-00168,Sample-Routine,Water,,2021-08-17,09:30:00,EDT,,,,,,,,,,,,Routine,Routine River Network,NYSDEC,21NYDECA_WQX-8498,17-CARM-9.0,,,,,40.8300000000,-72.9069400000,,,,,,STORET-1060246893,,None,Perfluorooctane sulfonic acid,Total,4.1,ng/L,CON,Accepted,,Actual,,,,,,,,,,,,,,,,,,,,537M,USEPA,"MODIFIED, Determination of Selected Perfluorinated Alkyl Acids in Drinking Water by Solid Phase Extraction and Liquid Chromatography/Tandem Mass Spectrometry (LC/MS/MS)",,,TALBURL,2021-08-20,,https://www.waterqualitydata.us/data/providers/STORET/organizations/21NYDECA_WQX/activities/21NYDECA_WQX-17-CARM-9.0_20210817T0930%3ACEC-00168/results/1060246893/resdetectqntlmts,Lower Quantitation Limit,2,ng/L,,2025-04-18T14:28:17,STORET
21NYDECA_WQX,New York State Dec Division Of Water,21NYDECA_WQX-06-DILA-5.4_20210817T1300:CEC-00164,Sample-Routine,Water,,2021-08-17,13:00:00,EDT,,,,,,,,,,,,Routine,Routine River Network,NYSDEC,21NYDECA_WQX-1143,06-DILA-5.4,,,,,42.3772200000,-75.4050000000,,,,,,STORET-1060246809,Not Detected,None,Perfluorooctane sulfonic acid,Total,,,U,Accepted,,,,,,,,,,,,,,,,,,,,,,537M,USEPA,"MODIFIED, Determination of Selected Perfluorinated Alkyl Acids in Drinking Water by Solid Phase Extraction and Liquid Chromatography/Tandem Mass Spectrometry (LC/MS/MS)",,,TALBURL,2021-08-20,,https://www.waterqualitydata.us/data/providers/STORET/organizations/21NYDECA_WQX/activities/21NYDECA_WQX-06-DILA-5.4_20210817T1300%3ACEC-00164/results/1060246809/resdetectqntlmts,Lower Quantitation Limit,1.6,ng/L,,2025-04-18T14:28:16,STORET
21NYDECA_WQX,New York State Dec Division Of Water,21NYDECA_WQX-03-NRUP-3.1_20210413T1245:CEC-00113,Sample-Routine,Water,,2021-04-13,12:45:00,EDT,,,,,,,,,,,,Routine,Routine River Network,NYSDEC,21NYDECA_WQX-634,03-NRUP-3.1,,,,,43.2540000000,-77.7420000000,,,,,,STORET-1060245738,,None,Perfluorooctane sulfonic acid,Total,2.4,ng/L,CON,Accepted,,Actual,,,,,,,,,,,,,,,,,,,,537M,USEPA,"MODIFIED, Determination of Selected Perfluorinated Alkyl Acids in Drinking Water by Solid Phase Extraction and Liquid Chromatography/Tandem Mass Spectrometry (LC/MS/MS)",,,TALBURL,2021-04-20,,https://www.waterqualitydata.us/data/providers/STORET/organizations/21NYDECA_WQX/activities/21NYDECA_WQX-03-NRUP-3.1_20210413T1245%3ACEC-00113/results/1060245738/resdetectqntlmts,Lower Quantitation Limit,2,ng/L,,2025-04-18T14:28:11,STORET
21NYDECA_WQX,New York State Dec Division Of Water,21NYDECA_WQX-13-WALK-18.6_20210817T0915:CEC-00163,Sample-Routine,Water,,2021-08-17,09:15:00,EDT,,,,,,,,,,,,Routine,Routine River Network,NYSDEC,21NYDECA_WQX-4087,13-WALK-18.6,,,,,41.6878310000,-74.1657000000,,,,,,STORET-1060246788,,None,Perfluorooctane sulfonic acid,Total,2.3,ng/L,CON,Accepted,,Actual,,,,,,,,,,,,,,,,,,,,537M,USEPA,"MODIFIED, Determination of Selected Perfluorinated Alkyl Acids in Drinking Water by Solid Phase Extraction and Liquid Chromatography/Tandem Mass Spectrometry (LC/MS/MS)",,,TALBURL,2021-08-20,,https://www.waterqualitydata.us/data/providers/STORET/organizations/21NYDECA_WQX/activities/21NYDECA_WQX-13-WALK-18.6_20210817T0915%3ACEC-00163/results/1060246788/resdetectqntlmts,Lower Quantitation Limit,1.6,ng/L,,2025-04-18T14:28:16,STORET
21NYDECA_WQX,New York State Dec Division Of Water,21NYDECA_WQX-04-GENS-2.6_20210414T1000:CEC-00123,Sample-Routine,Water,,2021-04-14,10:00:00,EDT,,,,,,,,,,,,Routine,Routine River Network,NYSDEC,21NYDECA_WQX-974,04-GENS-2.6,,,,,43.2272200000,-77.6163900000,,,,,,STORET-1060245948,,None,Perfluorooctane sulfonic acid,Total,15,ng/L,CON,Accepted,,Actual,,,,,,,,,,,,,,,,,,,,537M,USEPA,"MODIFIED, Determination of Selected Perfluorinated Alkyl Acids in Drinking Water by Solid Phase Extraction and Liquid Chromatography/Tandem Mass Spectrometry (LC/MS/MS)",,,TALBURL,2021-04-21,,https://www.waterqualitydata.us/data/providers/STORET/organizations/21NYDECA_WQX/activities/21NYDECA_WQX-04-GENS-2.6_20210414T1000%3ACEC-00123/results/1060245948/resdetectqntlmts,Lower Quantitation Limit,1.6,ng/L,,2025-04-18T14:28:12,STORET
21NYDECA_WQX,New York State Dec Division Of Water,21NYDECA_WQX-01-NIAG-17.8_20210427T1400:CEC-00184,Sample-Routine,Water,,2021-04-27,14:00:00,EDT,,,,,,,,,,,,PFAS Monitoring,PFAS Monitoring,NYSDEC,21NYDECA_WQX-77,01-NIAG-17.8,,,,,43.0657450000,-78.9999900000,,,,,,STORET-1060247229,Not Detected,None,Perfluorooctane sulfonic acid,Total,,,U,Accepted,,,,,,,,,,,,,,,,,,,,,,537M,USEPA,"MODIFIED, Determination of Selected Perfluorinated Alkyl Acids in Drinking Water by Solid Phase Extraction and Liquid Chromatography/Tandem Mass Spectrometry (LC/MS/MS)",,,TALBURL,2021-05-12,,https://www.waterqualitydata.us/data/providers/STORET/organizations/21NYDECA_WQX/activities/21NYDECA_WQX-01-NIAG-17.8_20210427T1400%3ACEC-00184/results/1060247229/resdetectqntlmts,Lower Quantitation Limit,1.6,ng/L,,2025-04-18T14:28:19,STORET
21NYDECA_WQX,New York State Dec Division Of Water,21NYDECA_WQX-04-GENS-2.6_20210817T0915:CEC-00149,Sample-Routine,Water,,2021-08-17,09:15:00,EDT,,,,,,,,,,,,Routine,Routine River Network,NYSDEC,21NYDECA_WQX-974,04-GENS-2.6,,,,,43.2272200000,-77.6163900000,,,,,,STORET-1060246494,,None,Perfluorooctane sulfonic acid,Total,6.3,ng/L,CON,Accepted,,Actual,,,,,,,,,,,,,,,,,,,,537M,USEPA,"MODIFIED, Determination of Selected Perfluorinated Alkyl Acids in Drinking Water by Solid Phase Extraction and Liquid Chromatography/Tandem Mass Spectrometry (LC/MS/MS)",,,TALBURL,2021-08-19,,https://www.waterqualitydata.us/data/providers/STORET/organizations/21NYDECA_WQX/activities/21NYDECA_WQX-04-GENS-2.6_20210817T0915%3ACEC-00149/results/1060246494/resdetectqntlmts,Lower Quantitation Limit,1.8,ng/L,,2025-04-18T14:28:14,STORET
21NYDECA_WQX,New York State Dec Division Of Water,21NYDECA_WQX-11-UHUD-43.1_20210413T1230:CEC-00118,Sample-Routine,Water,,2021-04-13,12:30:00,EDT,,,,,,,,,,,,Routine,Routine River Network,NYSDEC,21NYDECA_WQX-3192,11-UHUD-43.1,,,,,43.2965500000,-73.5904900000,,,,,,STORET-1060245843,Not Detected,None,Perfluorooctane sulfonic acid,Total,,,U,Accepted,,,,,,,,,,,,,,,,,,,,,,537M,USEPA,"MODIFIED, Determination of Selected Perfluorinated Alkyl Acids in Drinking Water by Solid Phase Extraction and Liquid Chromatography/Tandem Mass Spectrometry (LC/MS/MS)",,,TALBURL,2021-04-16,,https://www.waterqualitydata.us/data/providers/STORET/organizations/21NYDECA_WQX/activities/21NYDECA_WQX-11-UHUD-43.1_20210413T1230%3ACEC-00118/results/1060245843/resdetectqntlmts,Lower Quantitation Limit,1.6,ng/L,,2025-04-18T14:28:11,STORET
21NYDECA_WQX,New York State Dec Division Of Water,21NYDECA_WQX-14-DELA-1.3_20210414T1030:CEC-00126,Sample-Routine,Water,,2021-04-14,10:30:00,EDT,,,,,,,,,,,,Routine,Routine River Network,NYSDEC,21NYDECA_WQX-6902,14-DELA-1.3,,,,,41.3719400000,-74.6969500000,,,,,,STORET-1060246011,Not Detected,None,Perfluorooctane sulfonic acid,Total,,,U,Accepted,,,,,,,,,,,,,,,,,,,,,,537M,USEPA,"MODIFIED, Determination of Selected Perfluorinated Alkyl Acids in Drinking Water by Solid Phase Extraction and Liquid Chromatography/Tandem Mass Spectrometry (LC/MS/MS)",,,TALBURL,2021-04-21,,https://www.waterqualitydata.us/data/providers/STORET/organizations/21NYDECA_WQX/activities/21NYDECA_WQX-14-DELA-1.3_20210414T1030%3ACEC-00126/results/1060246011/resdetectqntlmts,Lower Quantitation Limit,1.8,ng/L,,2025-04-18T14:28:12,STORET
21NYDECA_WQX,New York State Dec Division Of Water,21NYDECA_WQX-17-BRNX-5.6_20210826T0930:CEC-00172,Sample-Routine,Water,,2021-08-26,13:30:00,EDT,,,,,,,,,,,,Routine,Routine River Network,NYSDEC,21NYDECA_WQX-8366,17-BRNX-5.6,,,,,40.8800000000,-73.8686000000,,,,,,STORET-1060246977,,None,Perfluorooctane sulfonic acid,Total,12,ng/L,CON,Accepted,,Actual,,,,,,,,,,,,,,,,,,,,537M,USEPA,"MODIFIED, Determination of Selected Perfluorinated Alkyl Acids in Drinking Water by Solid Phase Extraction and Liquid Chromatography/Tandem Mass Spectrometry (LC/MS/MS)",,,TALBURL,2021-09-01,,https://www.waterqualitydata.us/data/providers/STORET/organizations/21NYDECA_WQX/activities/21NYDECA_WQX-17-BRNX-5.6_20210826T0930%3ACEC-00172/results/1060246977/resdetectqntlmts,Lower Quantitation Limit,1.6,ng/L,,2025-04-18T14:28:17,STORET
21NYDECA_WQX,New York State Dec Division Of Water,21NYDECA_WQX-01-NIAG-3.4_20210824T1400:CEC-00200,Sample-Routine,Water,,2021-08-24,14:00:00,EDT,,,,,,,,,,,,PFAS Monitoring,PFAS Monitoring,NYSDEC,21NYDECA_WQX-84,01-NIAG-3.4,,,,,43.2143370000,-79.0532060000,,,,,,STORET-1060247565,,None,Perfluorooctane sulfonic acid,Total,1.6,ng/L,CON,Accepted,,Actual,,,,,,,,,,,,,,,,,,,,537M,USEPA,"MODIFIED, Determination of Selected Perfluorinated Alkyl Acids in Drinking Water by Solid Phase Extraction and Liquid Chromatography/Tandem Mass Spectrometry (LC/MS/MS)",,,TALBURL,2021-08-27,,https://www.waterqualitydata.us/data/providers/STORET/organizations/21NYDECA_WQX/activities/21NYDECA_WQX-01-NIAG-3.4_20210824T1400%3ACEC-00200/results/1060247565/resdetectqntlmts,Lower Quantitation Limit,1.6,ng/L,,2025-04-18T14:28:21,STORET
21NYDECA_WQX,New York State Dec Division Of Water,21NYDECA_WQX-03-SALM-6.0_20210420T1500:CEC-00176,Sample-Routine,Water,,2021-04-20,15:00:00,EDT,,,,,,,,,,,,PFAS Monitoring,PFAS Monitoring,NYSDEC,21NYDECA_WQX-671,03-SALM-6.0,,,,,43.5612220000,-76.1181390000,,,,,,STORET-1060247061,Not Detected,None,Perfluorooctane sulfonic acid,Total,,,U,Accepted,,,,,,,,,,,,,,,,,,,,,,537M,USEPA,"MODIFIED, Determination of Selected Perfluorinated Alkyl Acids in Drinking Water by Solid Phase Extraction and Liquid Chromatography/Tandem Mass Spectrometry (LC/MS/MS)",,,TALBURL,2021-04-29,,https://www.waterqualitydata.us/data/providers/STORET/organizations/21NYDECA_WQX/activities/21NYDECA_WQX-03-SALM-6.0_20210420T1500%3ACEC-00176/results/1060247061/resdetectqntlmts,Lower Quantitation Limit,1.7,ng/L,,2025-04-18T14:28:18,STORET
21NYDECA_WQX,New York State Dec Division Of Water,21NYDECA_WQX-12-MOHK-17.1_20210825T0900:CEC-00206,Sample-Routine,Water,,2021-08-25,09:00:00,EDT,,,,,,,,,,,,PFAS Monitoring,PFAS Monitoring,NYSDEC,21NYDECA_WQX-3388,12-MOHK-17.1,,,,,42.8382480000,-73.8773130000,,,,,,STORET-1060247691,,None,Perfluorooctane sulfonic acid,Total,1.7,ng/L,CON,Accepted,,Actual,,,,,,,,,,,,,,,,,,,,537M,USEPA,"MODIFIED, Determination of Selected Perfluorinated Alkyl Acids in Drinking Water by Solid Phase Extraction and Liquid Chromatography/Tandem Mass Spectrometry (LC/MS/MS)",,,TALBURL,2021-08-27,,https://www.waterqualitydata.us/data/providers/STORET/organizations/21NYDECA_WQX/activities/21NYDECA_WQX-12-MOHK-17.1_20210825T0900%3ACEC-00206/results/1060247691/resdetectqntlmts,Lower Quantitation Limit,1.6,ng/L,,2025-04-18T14:28:22,STORET
21NYDECA_WQX,New York State Dec Division Of Water,21NYDECA_WQX-06-TOGH-32.8_20210414T0900:CEC-00125,Sample-Routine,Water,,2021-04-14,09:00:00,EDT,,,,,,,,,,,,Routine,Routine River Network,NYSDEC,21NYDECA_WQX-1382,06-TOGH-32.8,,,,,42.5986100000,-76.1586100000,,,,,,STORET-1060245990,Not Detected,None,Perfluorooctane sulfonic acid,Total,,,U,Accepted,,,,,,,,,,,,,,,,,,,,,,537M,USEPA,"MODIFIED, Determination of Selected Perfluorinated Alkyl Acids in Drinking Water by Solid Phase Extraction and Liquid Chromatography/Tandem Mass Spectrometry (LC/MS/MS)",,,TALBURL,2021-04-21,,https://www.waterqualitydata.us/data/providers/STORET/organizations/21NYDECA_WQX/activities/21NYDECA_WQX-06-TOGH-32.8_20210414T0900%3ACEC-00125/results/1060245990/resdetectqntlmts,Lower Quantitation Limit,1.7,ng/L,,2025-04-18T14:28:12,STORET
21NYDECA_WQX,New York State Dec Division Of Water,21NYDECA_WQX-14-NEVR-8.9_20210817T1200:CEC-00161,Sample-Routine,Water,,2021-08-17,12:00:00,EDT,,,,,,,,,,,,Routine,Routine River Network,NYSDEC,21NYDECA_WQX-7476,14-NEVR-8.9,,,,,41.4422000000,-74.6002000000,,,,,,STORET-1060246746,Not Detected,None,Perfluorooctane sulfonic acid,Total,,,U,Accepted,,,,,,,,,,,,,,,,,,,,,,537M,USEPA,"MODIFIED, Determination of Selected Perfluorinated Alkyl Acids in Drinking Water by Solid Phase Extraction and Liquid Chromatography/Tandem Mass Spectrometry (LC/MS/MS)",,,TALBURL,2021-08-19,,https://www.waterqualitydata.us/data/providers/STORET/organizations/21NYDECA_WQX/activities/21NYDECA_WQX-14-NEVR-8.9_20210817T1200%3ACEC-00161/results/1060246746/resdetectqntlmts,Lower Quantitation Limit,1.7,ng/L,,2025-04-18T14:28:16,STORET
21NYDECA_WQX,New York State Dec Division Of Water,21NYDECA_WQX-09-GRAS-7.8_20210413T1215:CEC-00108,Sample-Routine,Water,,2021-04-13,12:15:00,EDT,,,,,,,,,,,,Routine,Routine River Network,NYSDEC,21NYDECA_WQX-2312,09-GRAS-7.8,,,,,44.8469330000,-75.0789520000,,,,,,STORET-1060245633,Not Detected,None,Perfluorooctane sulfonic acid,Total,,,U,Accepted,,,,,,,,,,,,,,,,,,,,,,537M,USEPA,"MODIFIED, Determination of Selected Perfluorinated Alkyl Acids in Drinking Water by Solid Phase Extraction and Liquid Chromatography/Tandem Mass Spectrometry (LC/MS/MS)",,,TALBURL,2021-04-16,,https://www.waterqualitydata.us/data/providers/STORET/organizations/21NYDECA_WQX/activities/21NYDECA_WQX-09-GRAS-7.8_20210413T1215%3ACEC-00108/results/1060245633/resdetectqntlmts,Lower Quantitation Limit,1.6,ng/L,,2025-04-18T14:28:10,STORET
21NYDECA_WQX,New York State Dec Division Of Water,21NYDECA_WQX-01-TONA-19.4_20210414T1130:CEC-00128,Sample-Routine,Water,,2021-04-14,11:30:00,EDT,,,,,,,,,,,,Routine,Routine River Network,NYSDEC,21NYDECA_WQX-375,01-TONA-19.4,,,,,43.0954960000,-78.6380210000,,,,,,STORET-1060246053,Not Detected,None,Perfluorooctane sulfonic acid,Total,,,U,Accepted,,,,,,,,,,,,,,,,,,,,,,537M,USEPA,"MODIFIED, Determination of Selected Perfluorinated Alkyl Acids in Drinking Water by Solid Phase Extraction and Liquid Chromatography/Tandem Mass Spectrometry (LC/MS/MS)",,,TALBURL,2021-04-21,,https://www.waterqualitydata.us/data/providers/STORET/organizations/21NYDECA_WQX/activities/21NYDECA_WQX-01-TONA-19.4_20210414T1130%3ACEC-00128/results/1060246053/resdetectqntlmts,Lower Quantitation Limit,1.6,ng/L,,2025-04-18T14:28:12,STORET
21NYDECA_WQX,New York State Dec Division Of Water,21NYDECA_WQX-10-SARA-0.3_20210413T1145:CEC-00112,Sample-Routine,Water,,2021-04-13,11:45:00,EDT,,,,,,,,,,,,Routine,Routine River Network,NYSDEC,21NYDECA_WQX-2957,10-SARA-0.3,,,,,44.6975380000,-73.4508500000,,,,,,STORET-1060245717,Not Detected,None,Perfluorooctane sulfonic acid,Total,,,U,Accepted,,,,,,,,,,,,,,,,,,,,,,537M,USEPA,"MODIFIED, Determination of Selected Perfluorinated Alkyl Acids in Drinking Water by Solid Phase Extraction and Liquid Chromatography/Tandem Mass Spectrometry (LC/MS/MS)",,,TALBURL,2021-04-20,,https://www.waterqualitydata.us/data/providers/STORET/organizations/21NYDECA_WQX/activities/21NYDECA_WQX-10-SARA-0.3_20210413T1145%3ACEC-00112/results/1060245717/resdetectqntlmts,Lower Quantitation Limit,1.6,ng/L,,2025-04-18T14:28:11,STORET
21NYDECA_WQX,New York State Dec Division Of Water,21NYDECA_WQX-07-OSWE-5.2_20210412T1130:CEC-00096,Sample-Routine,Water,,2021-04-12,11:30:00,EDT,,,,,,,,,,,,Routine,Routine River Network,NYSDEC,21NYDECA_WQX-1681,07-OSWE-5.2,,,,,43.3980600000,-76.4716600000,,,,,,STORET-1060245381,,None,Perfluorooctane sulfonic acid,Total,3.4,ng/L,CON,Accepted,,Actual,,,,,,,,,,,,,,,,,,,,537M,USEPA,"MODIFIED, Determination of Selected Perfluorinated Alkyl Acids in Drinking Water by Solid Phase Extraction and Liquid Chromatography/Tandem Mass Spectrometry (LC/MS/MS)",,,TALBURL,2021-04-19,,https://www.waterqualitydata.us/data/providers/STORET/organizations/21NYDECA_WQX/activities/21NYDECA_WQX-07-OSWE-5.2_20210412T1130%3ACEC-00096/results/1060245381/resdetectqntlmts,Lower Quantitation Limit,1.6,ng/L,,2025-04-18T14:28:09,STORET
21NYDECA_WQX,New York State Dec Division Of Water,21NYDECA_WQX-01-NIAG-3.4_20210427T1145:CEC-00187,Sample-Routine,Water,,2021-04-27,11:45:00,EDT,,,,,,,,,,,,PFAS Monitoring,PFAS Monitoring,NYSDEC,21NYDECA_WQX-84,01-NIAG-3.4,,,,,43.2143370000,-79.0532060000,,,,,,STORET-1060247292,,None,Perfluorooctane sulfonic acid,Total,2.1,ng/L,CON,Accepted,,Actual,,,,,,,,,,,,,,,,,,,,537M,USEPA,"MODIFIED, Determination of Selected Perfluorinated Alkyl Acids in Drinking Water by Solid Phase Extraction and Liquid Chromatography/Tandem Mass Spectrometry (LC/MS/MS)",,,TALBURL,2021-05-12,,https://www.waterqualitydata.us/data/providers/STORET/organizations/21NYDECA_WQX/activities/21NYDECA_WQX-01-NIAG-3.4_20210427T1145%3ACEC-00187/results/1060247292/resdetectqntlmts,Lower Quantitation Limit,1.6,ng/L,,2025-04-18T14:28:19,STORET
21NYDECA_WQX,New York State Dec Division Of Water,21NYDECA_WQX-11-UHUD-267.8_20210413T1000:CEC-00117,Sample-Routine,Water,,2021-04-13,14:00:00,EDT,,,,,,,,,,,,Routine,Routine River Network,NYSDEC,21NYDECA_WQX-16216,11-UHUD-267.8,,,,,43.7008300000,-73.9825000000,,,,,,STORET-1060245822,Not Detected,None,Perfluorooctane sulfonic acid,Total,,,U,Accepted,,,,,,,,,,,,,,,,,,,,,,537M,USEPA,"MODIFIED, Determination of Selected Perfluorinated Alkyl Acids in Drinking Water by Solid Phase Extraction and Liquid Chromatography/Tandem Mass Spectrometry (LC/MS/MS)",,,TALBURL,2021-04-16,,https://www.waterqualitydata.us/data/providers/STORET/organizations/21NYDECA_WQX/activities/21NYDECA_WQX-11-UHUD-267.8_20210413T1000%3ACEC-00117/results/1060245822/resdetectqntlmts,Lower Quantitation Limit,1.6,ng/L,,2025-04-18T14:28:11,STORET
21NYDECA_WQX,New York State Dec Division Of Water,21NYDECA_WQX-12-MOHK-79.5_20210412T1115:CEC-00101,Sample-Routine,Water,,2021-04-12,11:15:00,EDT,,,,,,,,,,,,Routine,Routine River Network,NYSDEC,21NYDECA_WQX-3399,12-MOHK-79.5,,,,,43.0377800000,-74.8405500000,,,,,,STORET-1060245486,,None,Perfluorooctane sulfonic acid,Total,1.8,ng/L,CON,Accepted,,Actual,,,,,,,,,,,,,,,,,,,,537M,USEPA,"MODIFIED, Determination of Selected Perfluorinated Alkyl Acids in Drinking Water by Solid Phase Extraction and Liquid Chromatography/Tandem Mass Spectrometry (LC/MS/MS)",,,TALBURL,2021-04-19,,https://www.waterqualitydata.us/data/providers/STORET/organizations/21NYDECA_WQX/activities/21NYDECA_WQX-12-MOHK-79.5_20210412T1115%3ACEC-00101/results/1060245486/resdetectqntlmts,Lower Quantitation Limit,1.6,ng/L,,2025-04-18T14:28:09,STORET
21NYDECA_WQX,New York State Dec Division Of Water,21NYDECA_WQX-01-TONA-19.4_20210826T1530:CEC-00169,Sample-Routine,Water,,2021-08-26,15:30:00,EDT,,,,,,,,,,,,Routine,Routine River Network,NYSDEC,21NYDECA_WQX-375,01-TONA-19.4,,,,,43.0954960000,-78.6380210000,,,,,,STORET-1060246914,Not Detected,None,Perfluorooctane sulfonic acid,Total,,,U,Accepted,,,,,,,,,,,,,,,,,,,,,,537M,USEPA,"MODIFIED, Determination of Selected Perfluorinated Alkyl Acids in Drinking Water by Solid Phase Extraction and Liquid Chromatography/Tandem Mass Spectrometry (LC/MS/MS)",,,TALBURL,2021-08-31,,https://www.waterqualitydata.us/data/providers/STORET/organizations/21NYDECA_WQX/activities/21NYDECA_WQX-01-TONA-19.4_20210826T1530%3ACEC-00169/results/1060246914/resdetectqntlmts,Lower Quantitation Limit,1.7,ng/L,,2025-04-18T14:28:17,STORET
21NYDECA_WQX,New York State Dec Division Of Water,21NYDECA_WQX-17-KENE-0.3_20210824T1100:CEC-00191,Sample-Routine,Water,,2021-08-24,11:00:00,EDT,,,,,,,,,,,,PFAS Monitoring,PFAS Monitoring,NYSDEC,21NYDECA_WQX-8521,17-KENE-0.3,,,,,41.0804960000,-73.7137590000,,,,,,STORET-1060247362,,None,Perfluorooctane sulfonic acid,Total,1600,ng/L,CON,Accepted,,Actual,,,,,,,,,,,,,,,,,,,,537M,USEPA,"MODIFIED, Determination of Selected Perfluorinated Alkyl Acids in Drinking Water by Solid Phase Extraction and Liquid Chromatography/Tandem Mass Spectrometry (LC/MS/MS)",,,TALBURL,2021-08-31,,https://www.waterqualitydata.us/data/providers/STORET/organizations/21NYDECA_WQX/activities/21NYDECA_WQX-17-KENE-0.3_20210824T1100%3ACEC-00191/results/1060247362/resdetectqntlmts,Lower Quantitation Limit,17,ng/L,,2025-04-18T14:28:20,STORET
21NYDECA_WQX,New York State Dec Division Of Water,21NYDECA_WQX-04-GENS-3.8_20210825T0930:CEC-00201,Sample-Routine,Water,,2021-08-25,09:30:00,EDT,,,,,,,,,,,,PFAS Monitoring,PFAS Monitoring,NYSDEC,21NYDECA_WQX-976,04-GENS-3.8,,,,,43.2036090000,-77.6257360000,,,,,,STORET-1060247586,,None,Perfluorooctane sulfonic acid,Total,8.6,ng/L,CON,Accepted,,Actual,,,,,,,,,,,,,,,,,,,,537M,USEPA,"MODIFIED, Determination of Selected Perfluorinated Alkyl Acids in Drinking Water by Solid Phase Extraction and Liquid Chromatography/Tandem Mass Spectrometry (LC/MS/MS)",,,TALBURL,2021-08-27,,https://www.waterqualitydata.us/data/providers/STORET/organizations/21NYDECA_WQX/activities/21NYDECA_WQX-04-GENS-3.8_20210825T0930%3ACEC-00201/results/1060247586/resdetectqntlmts,Lower Quantitation Limit,1.6,ng/L,,2025-04-18T14:28:21,STORET
21NYDECA_WQX,New York State Dec Division Of Water,21NYDECA_WQX-03-SALM-12.0_20210817T1130:CEC-00144,Sample-Routine,Water,,2021-08-17,11:30:00,EDT,,,,,,,,,,,,Routine,Routine River Network,NYSDEC,21NYDECA_WQX-666,03-SALM-12.0,,,,,43.5311100000,-76.0380600000,,,,,,STORET-1060246389,Not Detected,None,Perfluorooctane sulfonic acid,Total,,,U,Accepted,,,,,,,,,,,,,,,,,,,,,,537M,USEPA,"MODIFIED, Determination of Selected Perfluorinated Alkyl Acids in Drinking Water by Solid Phase Extraction and Liquid Chromatography/Tandem Mass Spectrometry (LC/MS/MS)",,,TALBURL,2021-08-20,,https://www.waterqualitydata.us/data/providers/STORET/organizations/21NYDECA_WQX/activities/21NYDECA_WQX-03-SALM-12.0_20210817T1130%3ACEC-00144/results/1060246389/resdetectqntlmts,Lower Quantitation Limit,1.6,ng/L,,2025-04-18T14:28:14,STORET
21NYDECA_WQX,New York State Dec Division Of Water,21NYDECA_WQX-17-BLND_Tb-2.0_20210421T0945:CEC-00181,Sample-Routine,Water,,2021-04-21,09:45:00,EDT,,,,,,,,,,,,PFAS Monitoring,PFAS Monitoring,NYSDEC,21NYDECA_WQX-8359,17-BLND_Tb-2.0,,,,,41.0457200000,-73.7099010000,,,,,,STORET-1060247166,,None,Perfluorooctane sulfonic acid,Total,2.4,ng/L,CON,Accepted,,Actual,,,,,,,,,,,,,,,,,,,,537M,USEPA,"MODIFIED, Determination of Selected Perfluorinated Alkyl Acids in Drinking Water by Solid Phase Extraction and Liquid Chromatography/Tandem Mass Spectrometry (LC/MS/MS)",,,TALBURL,2021-05-04,,https://www.waterqualitydata.us/data/providers/STORET/organizations/21NYDECA_WQX/activities/21NYDECA_WQX-17-BLND_Tb-2.0_20210421T0945%3ACEC-00181/results/1060247166/resdetectqntlmts,Lower Quantitation Limit,1.6,ng/L,,2025-04-18T14:28:18,STORET
21NYDECA_WQX,New York State Dec Division Of Water,21NYDECA_WQX-12-SCHO-14.6_20210819T1000:CEC-00166,Sample-Routine,Water,,2021-08-19,10:00:00,EDT,,,,,,,,,,,,Routine,Routine River Network,NYSDEC,21NYDECA_WQX-3489,12-SCHO-14.6,,,,,42.8000000000,-74.2633400000,,,,,,STORET-1060246851,Not Detected,None,Perfluorooctane sulfonic acid,Total,,,U,Accepted,,,,,,,,,,,,,,,,,,,,,,537M,USEPA,"MODIFIED, Determination of Selected Perfluorinated Alkyl Acids in Drinking Water by Solid Phase Extraction and Liquid Chromatography/Tandem Mass Spectrometry (LC/MS/MS)",,,TALBURL,2021-08-23,,https://www.waterqualitydata.us/data/providers/STORET/organizations/21NYDECA_WQX/activities/21NYDECA_WQX-12-SCHO-14.6_20210819T1000%3ACEC-00166/results/1060246851/resdetectqntlmts,Lower Quantitation Limit,1.6,ng/L,,2025-04-18T14:28:17,STORET
21NYDECA_WQX,New York State Dec Division Of Water,21NYDECA_WQX-08-BLCK-84.5_20210816T0830:CEC-00138,Sample-Routine,Water,,2021-08-16,08:30:00,EDT,,,,,,,,,,,,Routine,Routine River Network,NYSDEC,21NYDECA_WQX-1888,08-BLCK-84.5,,,,,43.5116700000,-75.3066600000,,,,,,STORET-1060246263,Not Detected,None,Perfluorooctane sulfonic acid,Total,,,U,Accepted,,,,,,,,,,,,,,,,,,,,,,537M,USEPA,"MODIFIED, Determination of Selected Perfluorinated Alkyl Acids in Drinking Water by Solid Phase Extraction and Liquid Chromatography/Tandem Mass Spectrometry (LC/MS/MS)",,,TALBURL,2021-08-18,,https://www.waterqualitydata.us/data/providers/STORET/organizations/21NYDECA_WQX/activities/21NYDECA_WQX-08-BLCK-84.5_20210816T0830%3ACEC-00138/results/1060246263/resdetectqntlmts,Lower Quantitation Limit,1.6,ng/L,,2025-04-18T14:28:13,STORET
21NYDECA_WQX,New York State Dec Division Of Water,21NYDECA_WQX-05-CDEA-1.8_20210412T1245:CEC-00102,Sample-Routine,Water,,2021-04-12,12:45:00,EDT,,,,,,,,,,,,Routine,Routine River Network,NYSDEC,21NYDECA_WQX-1282,05-CDEA-1.8,,,,,42.3356700000,-77.6826700000,,,,,,STORET-1060245507,Not Detected,None,Perfluorooctane sulfonic acid,Total,,,U,Accepted,,,,,,,,,,,,,,,,,,,,,,537M,USEPA,"MODIFIED, Determination of Selected Perfluorinated Alkyl Acids in Drinking Water by Solid Phase Extraction and Liquid Chromatography/Tandem Mass Spectrometry (LC/MS/MS)",,,TALBURL,2021-04-19,,https://www.waterqualitydata.us/data/providers/STORET/organizations/21NYDECA_WQX/activities/21NYDECA_WQX-05-CDEA-1.8_20210412T1245%3ACEC-00102/results/1060245507/resdetectqntlmts,Lower Quantitation Limit,1.7,ng/L,,2025-04-18T14:28:09,STORET
21NYDECA_WQX,New York State Dec Division Of Water,21NYDECA_WQX-11-UHUD-5.5_20210825T1100:CEC-00204,Sample-Routine,Water,,2021-08-25,11:00:00,EDT,,,,,,,,,,,,PFAS Monitoring,PFAS Monitoring,NYSDEC,21NYDECA_WQX-3194,11-UHUD-5.5,,,,,42.8227400000,-73.6613700000,,,,,,STORET-1060247649,Not Detected,None,Perfluorooctane sulfonic acid,Total,,,U,Accepted,,,,,,,,,,,,,,,,,,,,,,537M,USEPA,"MODIFIED, Determination of Selected Perfluorinated Alkyl Acids in Drinking Water by Solid Phase Extraction and Liquid Chromatography/Tandem Mass Spectrometry (LC/MS/MS)",,,TALBURL,2021-08-27,,https://www.waterqualitydata.us/data/providers/STORET/organizations/21NYDECA_WQX/activities/21NYDECA_WQX-11-UHUD-5.5_20210825T1100%3ACEC-00204/results/1060247649/resdetectqntlmts,Lower Quantitation Limit,1.7,ng/L,,2025-04-18T14:28:21,STORET
21NYDECA_WQX,New York State Dec Division Of Water,21NYDECA_WQX-07-OSWE-5.2_20210817T0915:CEC-00148,Sample-Routine,Water,,2021-08-17,09:15:00,EDT,,,,,,,,,,,,Routine,Routine River Network,NYSDEC,21NYDECA_WQX-1681,07-OSWE-5.2,,,,,43.3980600000,-76.4716600000,,,,,,STORET-1060246473,Not Detected,None,Perfluorooctane sulfonic acid,Total,,,U,Accepted,,,,,,,,,,,,,,,,,,,,,,537M,USEPA,"MODIFIED, Determination of Selected Perfluorinated Alkyl Acids in Drinking Water by Solid Phase Extraction and Liquid Chromatography/Tandem Mass Spectrometry (LC/MS/MS)",,,TALBURL,2021-08-20,,https://www.waterqualitydata.us/data/providers/STORET/organizations/21NYDECA_WQX/activities/21NYDECA_WQX-07-OSWE-5.2_20210817T0915%3ACEC-00148/results/1060246473/resdetectqntlmts,Lower Quantitation Limit,1.7,ng/L,,2025-04-18T14:28:14,STORET
21NYDECA_WQX,New York State Dec Division Of Water,21NYDECA_WQX-13-ROND-9.2_20210817T1115:CEC-00162,Sample-Routine,Water,,2021-08-17,11:15:00,EDT,,,,,,,,,,,,Routine,Routine River Network,NYSDEC,21NYDECA_WQX-4259,13-ROND-9.2,,,,,41.8461780000,-74.0742820000,,,,,,STORET-1060246767,Not Detected,None,Perfluorooctane sulfonic acid,Total,,,U,Accepted,,,,,,,,,,,,,,,,,,,,,,537M,USEPA,"MODIFIED, Determination of Selected Perfluorinated Alkyl Acids in Drinking Water by Solid Phase Extraction and Liquid Chromatography/Tandem Mass Spectrometry (LC/MS/MS)",,,TALBURL,2021-08-20,,https://www.waterqualitydata.us/data/providers/STORET/organizations/21NYDECA_WQX/activities/21NYDECA_WQX-13-ROND-9.2_20210817T1115%3ACEC-00162/results/1060246767/resdetectqntlmts,Lower Quantitation Limit,1.6,ng/L,,2025-04-18T14:28:16,STORET
21NYDECA_WQX,New York State Dec Division Of Water,21NYDECA_WQX-1311DUA0276A_DH_20220831T094700:CEC-00244,Sample-Routine,Water,,2022-08-31,09:47:00,EDT,,,,,0,m,,,,,,Lake Probability 21-25,Lake Probability Sampling 2021-2025,NYSDEC,21NYDECA_WQX-19015,1311DUA0276A_DH,,,,,42.7474272200,-74.1170123000,,,,,,STORET-1060249127,,None,Perfluorooctane sulfonic acid,Total,0.97,ng/L,CON,Accepted,,Actual,,,,,,,,,,,,,,,,,,,,1633,USEPA,"Analysis of Per- and Polyfluoroalkyl Substances (PFAS) in Aqueous, Solid, Biosolids, and Tissue Samples by LC-MS/MS",,,PACEBTR,2022-09-16,,https://www.waterqualitydata.us/data/providers/STORET/organizations/21NYDECA_WQX/activities/21NYDECA_WQX-1311DUA0276A_DH_20220831T094700%3ACEC-00244/results/1060249127/resdetectqntlmts,Lower Quantitation Limit,0.883,ng/L,,2025-04-18T14:28:29,STORET
21NYDECA_WQX,New York State Dec Division Of Water,21NYDECA_WQX-13-JACK-5.8_20220720T1200:CEC-00249,Sample-Routine,Water,,2022-07-20,12:00:00,EDT,,,,,0,m,,,,,,RIBS Screening,Rotating Integrated Basin Studies (RIBS) Screening,NYSDEC,21NYDECA_WQX-3616,13-JACK-5.8,,,,,41.6629080000,-73.7363860000,,,,,,STORET-1060249318,,None,Perfluorooctane sulfonic acid,Total,1.33,ng/L,CON,Accepted,,Actual,,,,,,,,,,,,,,,,,,,,1633,USEPA,"Analysis of Per- and Polyfluoroalkyl Substances (PFAS) in Aqueous, Solid, Biosolids, and Tissue Samples by LC-MS/MS",,,PACEBTR,2022-09-16,,https://www.waterqualitydata.us/data/providers/STORET/organizations/21NYDECA_WQX/activities/21NYDECA_WQX-13-JACK-5.8_20220720T1200%3ACEC-00249/results/1060249318/resdetectqntlmts,Lower Quantitation Limit,0.877,ng/L,,2025-04-18T14:28:30,STORET
21NYDECA_WQX,New York State Dec Division Of Water,21NYDECA_WQX-1302CAR0062A_DH_20220912T140000:CEC-00267,Sample-Routine,Water,,2022-09-12,14:00:00,EDT,,,,,0,m,,,,,,Lake Probability 21-25,Lake Probability Sampling 2021-2025,NYSDEC,21NYDECA_WQX-15688,1302CAR0062A_DH,,,,,41.4655900000,-73.6639700000,,,,,,STORET-1060250039,,None,Perfluorooctane sulfonic acid,Total,3.91,ng/L,CON,Accepted,,Actual,,,,,,,,,,,,,,,,,,,,1633,USEPA,"Analysis of Per- and Polyfluoroalkyl Substances (PFAS) in Aqueous, Solid, Biosolids, and Tissue Samples by LC-MS/MS",,,PACEBTR,2022-10-27,,https://www.waterqualitydata.us/data/providers/STORET/organizations/21NYDECA_WQX/activities/21NYDECA_WQX-1302CAR0062A_DH_20220912T140000%3ACEC-00267/results/1060250039/resdetectqntlmts,Lower Quantitation Limit,0.914,ng/L,,2025-04-18T14:28:33,STORET
21NYDECA_WQX,New York State Dec Division Of Water,21NYDECA_WQX-0801SAN0436_DH_20220926T123000:CEC-00224,Sample-Routine,Water,,2022-09-26,12:30:00,EDT,,,,,0,m,,,,,,Lake Probability 21-25,Lake Probability Sampling 2021-2025,NYSDEC,21NYDECA_WQX-12086,0801SAN0436_DH,,,,,43.9497200000,-75.1620410000,,,,,,STORET-1060248349,,None,Perfluorooctane sulfonic acid,Total,0.602,ng/L,CON,Accepted,,Actual,,,,,,,,,,,,,,,,,,,,1633,USEPA,"Analysis of Per- and Polyfluoroalkyl Substances (PFAS) in Aqueous, Solid, Biosolids, and Tissue Samples by LC-MS/MS",,,PACEBTR,2022-11-03,,https://www.waterqualitydata.us/data/providers/STORET/organizations/21NYDECA_WQX/activities/21NYDECA_WQX-0801SAN0436_DH_20220926T123000%3ACEC-00224/results/1060248349/resdetectqntlmts,Lower Quantitation Limit,0.88,ng/L,,2025-04-18T14:28:25,STORET
21NYDECA_WQX,New York State Dec Division Of Water,21NYDECA_WQX-1306UWB5602_DH_20220912T140000:CEC-00277,Sample-Routine,Water,,2022-09-12,14:00:00,EDT,,,,,0,m,,,,,,Lake Probability 21-25,Lake Probability Sampling 2021-2025,NYSDEC,21NYDECA_WQX-21177,1306UWB5602_DH,,,,,41.4031201200,-74.3513596700,,,,,,STORET-1060250411,,None,Perfluorooctane sulfonic acid,Total,2.61,ng/L,CON,Accepted,,Actual,,,,,,,,,,,,,,,,,,,,1633,USEPA,"Analysis of Per- and Polyfluoroalkyl Substances (PFAS) in Aqueous, Solid, Biosolids, and Tissue Samples by LC-MS/MS",,,PACEBTR,2022-10-27,,https://www.waterqualitydata.us/data/providers/STORET/organizations/21NYDECA_WQX/activities/21NYDECA_WQX-1306UWB5602_DH_20220912T140000%3ACEC-00277/results/1060250411/resdetectqntlmts,Lower Quantitation Limit,0.994,ng/L,,2025-04-18T14:28:35,STORET
21NYDECA_WQX,New York State Dec Division Of Water,21NYDECA_WQX-05-NEWT-6.8_20220901T0815:CEC-00216,Sample-Routine,Water,,2022-09-01,08:15:00,EDT,,,,,0,m,,,,,,RIBS Screening,Rotating Integrated Basin Studies (RIBS) Screening,NYSDEC,21NYDECA_WQX-1182,05-NEWT-6.8,,,,,42.1683300000,-76.8188900000,,,,,,STORET-1060248043,,None,Perfluorooctane sulfonic acid,Total,0.479,ng/L,CON,Accepted,,Actual,,,,,,,,,,,,,,,,,,,,1633,USEPA,"Analysis of Per- and Polyfluoroalkyl Substances (PFAS) in Aqueous, Solid, Biosolids, and Tissue Samples by LC-MS/MS",,,PACEBTR,2022-10-18,,https://www.waterqualitydata.us/data/providers/STORET/organizations/21NYDECA_WQX/activities/21NYDECA_WQX-05-NEWT-6.8_20220901T0815%3ACEC-00216/results/1060248043/resdetectqntlmts,Lower Quantitation Limit,0.911,ng/L,,2025-04-18T14:28:23,STORET
21NYDECA_WQX,New York State Dec Division Of Water,21NYDECA_WQX-05-MEAD-10.9_20220830T1345:CEC-00215,Sample-Routine,Water,,2022-08-30,13:45:00,EDT,,,,,0,m,,,,,,RIBS Screening,Rotating Integrated Basin Studies (RIBS) Screening,NYSDEC,21NYDECA_WQX-1172,05-MEAD-10.9,,,,,42.2911840000,-77.0652570000,,,,,,STORET-1060248034,,None,Perfluorooctane sulfonic acid,Total,0.356,ng/L,CON,Accepted,,Actual,,,,,,,,,,,,,,,,,,,,1633,USEPA,"Analysis of Per- and Polyfluoroalkyl Substances (PFAS) in Aqueous, Solid, Biosolids, and Tissue Samples by LC-MS/MS",,,PACEBTR,2022-09-28,,https://www.waterqualitydata.us/data/providers/STORET/organizations/21NYDECA_WQX/activities/21NYDECA_WQX-05-MEAD-10.9_20220830T1345%3ACEC-00215/results/1060248034/resdetectqntlmts,Lower Quantitation Limit,0.894,ng/L,,2025-04-18T14:28:23,STORET
21NYDECA_WQX,New York State Dec Division Of Water,21NYDECA_WQX-13-KIND-0.2_20220721T0900:CEC-00251,Sample-Routine,Water,,2022-07-21,09:00:00,EDT,,,,,0,m,,,,,,RIBS Screening,Rotating Integrated Basin Studies (RIBS) Screening,NYSDEC,21NYDECA_WQX-3621,13-KIND-0.2,,,,,42.3197200000,-73.7461100000,,,,,,STORET-1060249395,,None,Perfluorooctane sulfonic acid,Total,1.77,ng/L,CON,Accepted,,Actual,,,,,,,,,,,,,,,,,,,,1633,USEPA,"Analysis of Per- and Polyfluoroalkyl Substances (PFAS) in Aqueous, Solid, Biosolids, and Tissue Samples by LC-MS/MS",,,PACEBTR,2022-09-15,,https://www.waterqualitydata.us/data/providers/STORET/organizations/21NYDECA_WQX/activities/21NYDECA_WQX-13-KIND-0.2_20220721T0900%3ACEC-00251/results/1060249395/resdetectqntlmts,Lower Quantitation Limit,0.906,ng/L,,2025-04-18T14:28:30,STORET
21NYDECA_WQX,New York State Dec Division Of Water,21NYDECA_WQX-1306STU0453A_DH_20220824T072900:CEC-00263,Sample-Routine,Water,,2022-08-24,07:29:00,EDT,,,,,0,m,,,,,,Lake Probability 21-25,Lake Probability Sampling 2021-2025,NYSDEC,21NYDECA_WQX-22466,1306STU0453A_DH,,,,,41.8476500000,-74.0396400000,,,,,,STORET-1060249885,,None,Perfluorooctane sulfonic acid,Total,2.57,ng/L,ISAC,Accepted,,Actual,,,,,,,,,,,,,,,,,,,,1633,USEPA,"Analysis of Per- and Polyfluoroalkyl Substances (PFAS) in Aqueous, Solid, Biosolids, and Tissue Samples by LC-MS/MS",,,PACEBTR,2022-09-06,,https://www.waterqualitydata.us/data/providers/STORET/organizations/21NYDECA_WQX/activities/21NYDECA_WQX-1306STU0453A_DH_20220824T072900%3ACEC-00263/results/1060249885/resdetectqntlmts,Lower Quantitation Limit,0.926,ng/L,,2025-04-18T14:28:33,STORET
21NYDECA_WQX,New York State Dec Division Of Water,21NYDECA_WQX-0502WAN0048_DH_20220802T110000:CEC-00266,Sample-Routine,Water,,2022-08-02,11:00:00,EDT,,,,,0,m,,,,,,Lake Probability 21-25,Lake Probability Sampling 2021-2025,NYSDEC,21NYDECA_WQX-4548,0502WAN0048_DH,,,,,42.4447410000,-77.1007060000,,,,,,STORET-1060249988,,None,Perfluorooctane sulfonic acid,Total,0.67,ng/L,CON,Accepted,,Actual,,,,,,,,,,,,,,,,,,,,1633,USEPA,"Analysis of Per- and Polyfluoroalkyl Substances (PFAS) in Aqueous, Solid, Biosolids, and Tissue Samples by LC-MS/MS",,,PACEBTR,2022-09-07,,https://www.waterqualitydata.us/data/providers/STORET/organizations/21NYDECA_WQX/activities/21NYDECA_WQX-0502WAN0048_DH_20220802T110000%3ACEC-00266/results/1060249988/resdetectqntlmts,Lower Quantitation Limit,0.879,ng/L,,2025-04-18T14:28:33,STORET
21NYDECA_WQX,New York State Dec Division Of Water,21NYDECA_WQX-13-CATS-6.2_20220721T0830:CEC-00246,Sample-Routine,Water,,2022-07-21,08:30:00,EDT,,,,,0,m,,,,,,RIBS Screening,Rotating Integrated Basin Studies (RIBS) Screening,NYSDEC,21NYDECA_WQX-3793,13-CATS-6.2,,,,,42.2563900000,-73.9047100000,,,,,,STORET-1060249200,,None,Perfluorooctane sulfonic acid,Total,1.73,ng/L,CON,Accepted,,Actual,,,,,,,,,,,,,,,,,,,,1633,USEPA,"Analysis of Per- and Polyfluoroalkyl Substances (PFAS) in Aqueous, Solid, Biosolids, and Tissue Samples by LC-MS/MS",,,PACEBTR,2022-09-15,,https://www.waterqualitydata.us/data/providers/STORET/organizations/21NYDECA_WQX/activities/21NYDECA_WQX-13-CATS-6.2_20220721T0830%3ACEC-00246/results/1060249200/resdetectqntlmts,Lower Quantitation Limit,0.887,ng/L,,2025-04-18T14:28:29,STORET
21NYDECA_WQX,New York State Dec Division Of Water,21NYDECA_WQX-1501KAN1003_DH_20220913T123000:CEC-00274,Sample-Routine,Water,,2022-09-13,12:30:00,EDT,,,,,0,m,,,,,,Lake Probability 21-25,Lake Probability Sampling 2021-2025,NYSDEC,21NYDECA_WQX-19676,1501KAN1003_DH,,,,,41.2249738700,-74.1216828800,,,,,,STORET-1060250304,,None,Perfluorooctane sulfonic acid,Total,0.859,ng/L,CON,Accepted,,Actual,,,,,,,,,,,,,,,,,,,,1633,USEPA,"Analysis of Per- and Polyfluoroalkyl Substances (PFAS) in Aqueous, Solid, Biosolids, and Tissue Samples by LC-MS/MS",,,PACEBTR,2022-10-27,,https://www.waterqualitydata.us/data/providers/STORET/organizations/21NYDECA_WQX/activities/21NYDECA_WQX-1501KAN1003_DH_20220913T123000%3ACEC-00274/results/1060250304/resdetectqntlmts,Lower Quantitation Limit,0.874,ng/L,,2025-04-18T14:28:35,STORET
21NYDECA_WQX,New York State Dec Division Of Water,21NYDECA_WQX-08-DEER-2.0_20220913T1130:CEC-00228,Sample-Routine,Water,,2022-09-13,11:30:00,EDT,,,,,0,m,,,,,,RIBS Screening,Rotating Integrated Basin Studies (RIBS) Screening,NYSDEC,21NYDECA_WQX-1920,08-DEER-2.0,,,,,43.9302800000,-75.5911100000,,,,,,STORET-1060248505,,None,Perfluorooctane sulfonic acid,Total,0.66,ng/L,CON,Accepted,,Actual,,,,,,,,,,,,,,,,,,,,1633,USEPA,"Analysis of Per- and Polyfluoroalkyl Substances (PFAS) in Aqueous, Solid, Biosolids, and Tissue Samples by LC-MS/MS",,,PACEBTR,2022-10-27,,https://www.waterqualitydata.us/data/providers/STORET/organizations/21NYDECA_WQX/activities/21NYDECA_WQX-08-DEER-2.0_20220913T1130%3ACEC-00228/results/1060248505/resdetectqntlmts,Lower Quantitation Limit,0.896,ng/L,,2025-04-18T14:28:26,STORET
21NYDECA_WQX,New York State Dec Division Of Water,21NYDECA_WQX-13-BASC-4.7_20220720T1400:CEC-00245,Sample-Routine,Water,,2022-07-20,14:00:00,EDT,,,,,0,m,,,,,,RIBS Screening,Rotating Integrated Basin Studies (RIBS) Screening,NYSDEC,21NYDECA_WQX-3736,13-BASC-4.7,,,,,42.4127800000,-74.0358400000,,,,,,STORET-1060249145,,None,Perfluorooctane sulfonic acid,Total,0.996,ng/L,CON,Accepted,,Actual,,,,,,,,,,,,,,,,,,,,1633,USEPA,"Analysis of Per- and Polyfluoroalkyl Substances (PFAS) in Aqueous, Solid, Biosolids, and Tissue Samples by LC-MS/MS",,,PACEBTR,2022-09-15,,https://www.waterqualitydata.us/data/providers/STORET/organizations/21NYDECA_WQX/activities/21NYDECA_WQX-13-BASC-4.7_20220720T1400%3ACEC-00245/results/1060249145/resdetectqntlmts,Lower Quantitation Limit,1.09,ng/L,,2025-04-18T14:28:29,STORET
21NYDECA_WQX,New York State Dec Division Of Water,21NYDECA_WQX-1310LYO0035_DH_20220830T090100:CEC-00243,Sample-Routine,Water,,2022-08-30,09:01:00,EDT,,,,,0,m,,,,,,Lake Probability 21-25,Lake Probability Sampling 2021-2025,NYSDEC,21NYDECA_WQX-22402,1310LYO0035_DH,,,,,42.5353443600,-73.5794800400,,,,,,STORET-1060249083,,None,Perfluorooctane sulfonic acid,Total,1.58,ng/L,CON,Accepted,,Actual,,,,,,,,,,,,,,,,,,,,1633,USEPA,"Analysis of Per- and Polyfluoroalkyl Substances (PFAS) in Aqueous, Solid, Biosolids, and Tissue Samples by LC-MS/MS",,,PACEBTR,2022-09-16,,https://www.waterqualitydata.us/data/providers/STORET/organizations/21NYDECA_WQX/activities/21NYDECA_WQX-1310LYO0035_DH_20220830T090100%3ACEC-00243/results/1060249083/resdetectqntlmts,Lower Quantitation Limit,0.935,ng/L,,2025-04-18T14:28:29,STORET
21NYDECA_WQX,New York State Dec Division Of Water,21NYDECA_WQX-13-VERK-2.9_20220721T0800:CEC-00256,Sample-Routine,Water,,2022-07-21,08:00:00,EDT,,,,,0,m,,,,,,RIBS Screening,Rotating Integrated Basin Studies (RIBS) Screening,NYSDEC,21NYDECA_WQX-4370,13-VERK-2.9,,,,,41.6280000000,-74.3310000000,,,,,,STORET-1060249585,,None,Perfluorooctane sulfonic acid,Total,0.503,ng/L,CON,Accepted,,Actual,,,,,,,,,,,,,,,,,,,,1633,USEPA,"Analysis of Per- and Polyfluoroalkyl Substances (PFAS) in Aqueous, Solid, Biosolids, and Tissue Samples by LC-MS/MS",,,PACEBTR,2022-09-15,,https://www.waterqualitydata.us/data/providers/STORET/organizations/21NYDECA_WQX/activities/21NYDECA_WQX-13-VERK-2.9_20220721T0800%3ACEC-00256/results/1060249585/resdetectqntlmts,Lower Quantitation Limit,0.901,ng/L,,2025-04-18T14:28:31,STORET
21NYDECA_WQX,New York State Dec Division Of Water,21NYDECA_WQX-13-DOOD-0.4_20220720T0830:CEC-00248,Sample-Routine,Water,,2022-07-20,08:30:00,EDT,,,,,0,m,,,,,,RIBS Screening,Rotating Integrated Basin Studies (RIBS) Screening,NYSDEC,21NYDECA_WQX-3541,13-DOOD-0.4,,,,,41.3010300000,-73.9863400000,,,,,,STORET-1060249274,,None,Perfluorooctane sulfonic acid,Total,0.462,ng/L,CON,Accepted,,Actual,,,,,,,,,,,,,,,,,,,,1633,USEPA,"Analysis of Per- and Polyfluoroalkyl Substances (PFAS) in Aqueous, Solid, Biosolids, and Tissue Samples by LC-MS/MS",,,PACEBTR,2022-09-16,,https://www.waterqualitydata.us/data/providers/STORET/organizations/21NYDECA_WQX/activities/21NYDECA_WQX-13-DOOD-0.4_20220720T0830%3ACEC-00248/results/1060249274/resdetectqntlmts,Lower Quantitation Limit,0.904,ng/L,,2025-04-18T14:28:30,STORET
21NYDECA_WQX,New York State Dec Division Of Water,21NYDECA_WQX-1301DYK0445_DH_20220830T122700:CEC-00240,Sample-Routine,Water,,2022-08-30,12:27:00,EDT,,,,,0,m,,,,,,Lake Probability 21-25,Lake Probability Sampling 2021-2025,NYSDEC,21NYDECA_WQX-15437,1301DYK0445_DH,,,,,42.7203600000,-73.4306400000,,,,,,STORET-1060248977,,None,Perfluorooctane sulfonic acid,Total,0.625,ng/L,CON,Accepted,,Actual,,,,,,,,,,,,,,,,,,,,1633,USEPA,"Analysis of Per- and Polyfluoroalkyl Substances (PFAS) in Aqueous, Solid, Biosolids, and Tissue Samples by LC-MS/MS",,,PACEBTR,2022-09-16,,https://www.waterqualitydata.us/data/providers/STORET/organizations/21NYDECA_WQX/activities/21NYDECA_WQX-1301DYK0445_DH_20220830T122700%3ACEC-00240/results/1060248977/resdetectqntlmts,Lower Quantitation Limit,0.901,ng/L,,2025-04-18T14:28:28,STORET
21NYDECA_WQX,New York State Dec Division Of Water,21NYDECA_WQX-1501UWB1007A_DH_20220914T101500:CEC-00275,Sample-Routine,Water,,2022-09-14,10:15:00,EDT,,,,,0,m,,,,,,Lake Probability 21-25,Lake Probability Sampling 2021-2025,NYSDEC,21NYDECA_WQX-20125,1501UWB1007A_DH,,,,,41.2385003800,-74.2086655300,,,,,,STORET-1060250329,,None,Perfluorooctane sulfonic acid,Total,3.78,ng/L,CON,Accepted,,Actual,,,,,,,,,,,,,,,,,,,,1633,USEPA,"Analysis of Per- and Polyfluoroalkyl Substances (PFAS) in Aqueous, Solid, Biosolids, and Tissue Samples by LC-MS/MS",,,PACEBTR,2022-11-09,,https://www.waterqualitydata.us/data/providers/STORET/organizations/21NYDECA_WQX/activities/21NYDECA_WQX-1501UWB1007A_DH_20220914T101500%3ACEC-00275/results/1060250329/resdetectqntlmts,Lower Quantitation Limit,0.912,ng/L,,2025-04-18T14:28:35,STORET
21NYDECA_WQX,New York State Dec Division Of Water,21NYDECA_WQX-08-NMOO-0.7_20220914T1430:CEC-00236,Sample-Routine,Water,,2022-09-14,14:30:00,EDT,,,,,0,m,,,,,,RIBS Screening,Rotating Integrated Basin Studies (RIBS) Screening,NYSDEC,21NYDECA_WQX-1990,08-NMOO-0.7,,,,,43.8083200000,-74.8513710000,,,,,,STORET-1060248802,,None,Perfluorooctane sulfonic acid,Total,0.398,ng/L,CON,Accepted,,Actual,,,,,,,,,,,,,,,,,,,,1633,USEPA,"Analysis of Per- and Polyfluoroalkyl Substances (PFAS) in Aqueous, Solid, Biosolids, and Tissue Samples by LC-MS/MS",,,PACEBTR,2022-11-09,,https://www.waterqualitydata.us/data/providers/STORET/organizations/21NYDECA_WQX/activities/21NYDECA_WQX-08-NMOO-0.7_20220914T1430%3ACEC-00236/results/1060248802/resdetectqntlmts,Lower Quantitation Limit,0.873,ng/L,,2025-04-18T14:28:27,STORET
21NYDECA_WQX,New York State Dec Division Of Water,21NYDECA_WQX-1305RYD0401_DH_20220802T090900:CEC-00262,Sample-Routine,Water,,2022-08-02,09:09:00,EDT,,,,,0,m,,,,,,Lake Probability 21-25,Lake Probability Sampling 2021-2025,NYSDEC,21NYDECA_WQX-21448,1305RYD0401_DH,,,,,41.8661765500,-73.6435258700,,,,,,STORET-1060249822,,None,Perfluorooctane sulfonic acid,Total,1.49,ng/L,CON,Accepted,,Actual,,,,,,,,,,,,,,,,,,,,1633,USEPA,"Analysis of Per- and Polyfluoroalkyl Substances (PFAS) in Aqueous, Solid, Biosolids, and Tissue Samples by LC-MS/MS",,,PACEBTR,2022-09-07,,https://www.waterqualitydata.us/data/providers/STORET/organizations/21NYDECA_WQX/activities/21NYDECA_WQX-1305RYD0401_DH_20220802T090900%3ACEC-00262/results/1060249822/resdetectqntlmts,Lower Quantitation Limit,0.909,ng/L,,2025-04-18T14:28:32,STORET
21NYDECA_WQX,New York State Dec Division Of Water,21NYDECA_WQX-1308TWN0871_DH_20220803T095000:CEC-00264,Sample-Routine,Water,,2022-08-03,09:50:00,EDT,,,,,0,m,,,,,,Lake Probability 21-25,Lake Probability Sampling 2021-2025,NYSDEC,21NYDECA_WQX-22815,1308TWN0871_DH,,,,,42.0620013000,-73.7943795400,,,,,,STORET-1060249904,,None,Perfluorooctane sulfonic acid,Total,0.608,ng/L,CON,Accepted,,Actual,,,,,,,,,,,,,,,,,,,,1633,USEPA,"Analysis of Per- and Polyfluoroalkyl Substances (PFAS) in Aqueous, Solid, Biosolids, and Tissue Samples by LC-MS/MS",,,PACEBTR,2022-09-07,,https://www.waterqualitydata.us/data/providers/STORET/organizations/21NYDECA_WQX/activities/21NYDECA_WQX-1308TWN0871_DH_20220803T095000%3ACEC-00264/results/1060249904/resdetectqntlmts,Lower Quantitation Limit,0.912,ng/L,,2025-04-18T14:28:33,STORET
21NYDECA_WQX,New York State Dec Division Of Water,21NYDECA_WQX-08-SWIS-2.6_20220913T1030:CEC-00237,Sample-Routine,Water,,2022-09-13,10:30:00,EDT,,,,,0,m,,,,,,RIBS Screening,Rotating Integrated Basin Studies (RIBS) Screening,NYSDEC,21NYDECA_WQX-2384,08-SWIS-2.6,,,,,43.9371940000,-75.5073800000,,,,,,STORET-1060248871,,None,Perfluorooctane sulfonic acid,Total,1.16,ng/L,CON,Accepted,,Actual,,,,,,,,,,,,,,,,,,,,1633,USEPA,"Analysis of Per- and Polyfluoroalkyl Substances (PFAS) in Aqueous, Solid, Biosolids, and Tissue Samples by LC-MS/MS",,,PACEBTR,2022-10-27,,https://www.waterqualitydata.us/data/providers/STORET/organizations/21NYDECA_WQX/activities/21NYDECA_WQX-08-SWIS-2.6_20220913T1030%3ACEC-00237/results/1060248871/resdetectqntlmts,Lower Quantitation Limit,0.919,ng/L,,2025-04-18T14:28:28,STORET
21NYDECA_WQX,New York State Dec Division Of Water,21NYDECA_WQX-08-COBB-2.2_20220913T1508:CEC-00226,Sample-Routine,Water,,2022-09-13,15:08:00,EDT,,,,,0,m,,,,,,RIBS Screening,Rotating Integrated Basin Studies (RIBS) Screening,NYSDEC,21NYDECA_WQX-1912,08-COBB-2.2,,,,,43.8238900000,-75.6533400000,,,,,,STORET-1060248442,,None,Perfluorooctane sulfonic acid,Total,1.07,ng/L,CON,Accepted,,Actual,,,,,,,,,,,,,,,,,,,,1633,USEPA,"Analysis of Per- and Polyfluoroalkyl Substances (PFAS) in Aqueous, Solid, Biosolids, and Tissue Samples by LC-MS/MS",,,PACEBTR,2022-10-27,,https://www.waterqualitydata.us/data/providers/STORET/organizations/21NYDECA_WQX/activities/21NYDECA_WQX-08-COBB-2.2_20220913T1508%3ACEC-00226/results/1060248442/resdetectqntlmts,Lower Quantitation Limit,0.898,ng/L,,2025-04-18T14:28:26,STORET
21NYDECA_WQX,New York State Dec Division Of Water,21NYDECA_WQX-08-CUMM-0.1_20220915T1100:CEC-00227,Sample-Routine,Water,,2022-09-15,11:00:00,EDT,,,,,0,m,,,,,,RIBS Screening,Rotating Integrated Basin Studies (RIBS) Screening,NYSDEC,21NYDECA_WQX-1918,08-CUMM-0.1,,,,,43.5061980000,-75.2214610000,,,,,,STORET-1060248490,,None,Perfluorooctane sulfonic acid,Total,0.384,ng/L,CON,Accepted,,Actual,,,,,,,,,,,,,,,,,,,,1633,USEPA,"Analysis of Per- and Polyfluoroalkyl Substances (PFAS) in Aqueous, Solid, Biosolids, and Tissue Samples by LC-MS/MS",,,PACEBTR,2022-11-09,,https://www.waterqualitydata.us/data/providers/STORET/organizations/21NYDECA_WQX/activities/21NYDECA_WQX-08-CUMM-0.1_20220915T1100%3ACEC-00227/results/1060248490/resdetectqntlmts,Lower Quantitation Limit,0.879,ng/L,,2025-04-18T14:28:26,STORET
21NYDECA_WQX,New York State Dec Division Of Water,21NYDECA_WQX-1301ROA0183B_DH_20220913T084500:CEC-00268,Sample-Routine,Water,,2022-09-13,08:45:00,EDT,,,,,0,m,,,,,,Lake Probability 21-25,Lake Probability Sampling 2021-2025,NYSDEC,21NYDECA_WQX-13727,1301ROA0183B_DH,,,,,41.4388840000,-73.8083780000,,,,,,STORET-1060250073,,None,Perfluorooctane sulfonic acid,Total,1.9,ng/L,CON,Accepted,,Actual,,,,,,,,,,,,,,,,,,,,1633,USEPA,"Analysis of Per- and Polyfluoroalkyl Substances (PFAS) in Aqueous, Solid, Biosolids, and Tissue Samples by LC-MS/MS",,,PACEBTR,2022-10-27,,https://www.waterqualitydata.us/data/providers/STORET/organizations/21NYDECA_WQX/activities/21NYDECA_WQX-1301ROA0183B_DH_20220913T084500%3ACEC-00268/results/1060250073/resdetectqntlmts,Lower Quantitation Limit,0.916,ng/L,,2025-04-18T14:28:33,STORET
21NYDECA_WQX,New York State Dec Division Of Water,21NYDECA_WQX-05-COHO_T1-0.1_20220831T1030:CEC-00212,Sample-Routine,Water,,2022-08-31,10:30:00,EDT,,,,,0,m,,,,,,RIBS Screening,Rotating Integrated Basin Studies (RIBS) Screening,NYSDEC,21NYDECA_WQX-1050,05-COHO_T1-0.1,,,,,42.5632250000,-77.5100480000,,,,,,STORET-1060247905,,None,Perfluorooctane sulfonic acid,Total,0.357,ng/L,CON,Accepted,,Actual,,,,,,,,,,,,,,,,,,,,1633,USEPA,"Analysis of Per- and Polyfluoroalkyl Substances (PFAS) in Aqueous, Solid, Biosolids, and Tissue Samples by LC-MS/MS",,,PACEBTR,2022-10-18,,https://www.waterqualitydata.us/data/providers/STORET/organizations/21NYDECA_WQX/activities/21NYDECA_WQX-05-COHO_T1-0.1_20220831T1030%3ACEC-00212/results/1060247905/resdetectqntlmts,Lower Quantitation Limit,0.893,ng/L,,2025-04-18T14:28:23,STORET
21NYDECA_WQX,New York State Dec Division Of Water,21NYDECA_WQX-13-ROND_T18-0.2_20220720T1000:CEC-00254,Sample-Routine,Water,,2022-07-20,10:00:00,EDT,,,,,0,m,,,,,,RIBS Screening,Rotating Integrated Basin Studies (RIBS) Screening,NYSDEC,21NYDECA_WQX-4261,13-ROND_T18-0.2,,,,,41.7962120000,-74.2108300000,,,,,,STORET-1060249524,,None,Perfluorooctane sulfonic acid,Total,0.407,ng/L,CON,Accepted,,Actual,,,,,,,,,,,,,,,,,,,,1633,USEPA,"Analysis of Per- and Polyfluoroalkyl Substances (PFAS) in Aqueous, Solid, Biosolids, and Tissue Samples by LC-MS/MS",,,PACEBTR,2022-09-16,,https://www.waterqualitydata.us/data/providers/STORET/organizations/21NYDECA_WQX/activities/21NYDECA_WQX-13-ROND_T18-0.2_20220720T1000%3ACEC-00254/results/1060249524/resdetectqntlmts,Lower Quantitation Limit,0.938,ng/L,,2025-04-18T14:28:31,STORET
21NYDECA_WQX,New York State Dec Division Of Water,21NYDECA_WQX-08-TANE-0.7_20220914T1415:CEC-00238,Sample-Routine,Water,,2022-09-14,14:15:00,EDT,,,,,0,m,,,,,,RIBS Screening,Rotating Integrated Basin Studies (RIBS) Screening,NYSDEC,21NYDECA_WQX-2387,08-TANE-0.7,,,,,43.6770500000,-75.3429100000,,,,,,STORET-1060248887,Not Detected,None,Perfluorooctane sulfonic acid,Total,,,U,Accepted,,,,,,,,,,,,,,,,,,,,,,1633,USEPA,"Analysis of Per- and Polyfluoroalkyl Substances (PFAS) in Aqueous, Solid, Biosolids, and Tissue Samples by LC-MS/MS",,,PACEBTR,2022-11-09,,https://www.waterqualitydata.us/data/providers/STORET/organizations/21NYDECA_WQX/activities/21NYDECA_WQX-08-TANE-0.7_20220914T1415%3ACEC-00238/results/1060248887/resdetectqntlmts,Lower Quantitation Limit,0.916,ng/L,,2025-04-18T14:28:28,STORET
21NYDECA_WQX,New York State Dec Division Of Water,21NYDECA_WQX-05-STEO-24.7_20220831T1145:CEC-00218,Sample-Routine,Water,,2022-08-31,11:45:00,EDT,,,,,0,m,,,,,,RIBS Screening,Rotating Integrated Basin Studies (RIBS) Screening,NYSDEC,21NYDECA_WQX-1209,05-STEO-24.7,,,,,42.2489100000,-77.4524400000,,,,,,STORET-1060248143,,None,Perfluorooctane sulfonic acid,Total,0.924,ng/L,CON,Accepted,,Actual,,,,,,,,,,,,,,,,,,,,1633,USEPA,"Analysis of Per- and Polyfluoroalkyl Substances (PFAS) in Aqueous, Solid, Biosolids, and Tissue Samples by LC-MS/MS",,,PACEBTR,2022-09-28,,https://www.waterqualitydata.us/data/providers/STORET/organizations/21NYDECA_WQX/activities/21NYDECA_WQX-05-STEO-24.7_20220831T1145%3ACEC-00218/results/1060248143/resdetectqntlmts,Lower Quantitation Limit,0.883,ng/L,,2025-04-18T14:28:24,STORET
21NYDECA_WQX,New York State Dec Division Of Water,21NYDECA_WQX-08-DEER-27.6_20220913T1230:CEC-00229,Sample-Routine,Water,,2022-09-13,12:30:00,EDT,,,,,0,m,,,,,,RIBS Screening,Rotating Integrated Basin Studies (RIBS) Screening,NYSDEC,21NYDECA_WQX-1922,08-DEER-27.6,,,,,43.7233890000,-75.7013800000,,,,,,STORET-1060248539,,None,Perfluorooctane sulfonic acid,Total,0.887,ng/L,CON,Accepted,,Actual,,,,,,,,,,,,,,,,,,,,1633,USEPA,"Analysis of Per- and Polyfluoroalkyl Substances (PFAS) in Aqueous, Solid, Biosolids, and Tissue Samples by LC-MS/MS",,,PACEBTR,2022-10-27,,https://www.waterqualitydata.us/data/providers/STORET/organizations/21NYDECA_WQX/activities/21NYDECA_WQX-08-DEER-27.6_20220913T1230%3ACEC-00229/results/1060248539/resdetectqntlmts,Lower Quantitation Limit,0.862,ng/L,,2025-04-18T14:28:26,STORET
21NYDECA_WQX,New York State Dec Division Of Water,21NYDECA_WQX-08-BENE-0.2_20220914T1300:CEC-00225,Sample-Routine,Water,,2022-09-14,13:00:00,EDT,,,,,0,m,,,,,,RIBS Screening,Rotating Integrated Basin Studies (RIBS) Screening,NYSDEC,21NYDECA_WQX-1868,08-BENE-0.2,,,,,43.6761100000,-74.7083400000,,,,,,STORET-1060248417,,None,Perfluorooctane sulfonic acid,Total,1.14,ng/L,CON,Accepted,,Actual,,,,,,,,,,,,,,,,,,,,1633,USEPA,"Analysis of Per- and Polyfluoroalkyl Substances (PFAS) in Aqueous, Solid, Biosolids, and Tissue Samples by LC-MS/MS",,,PACEBTR,2022-11-10,,https://www.waterqualitydata.us/data/providers/STORET/organizations/21NYDECA_WQX/activities/21NYDECA_WQX-08-BENE-0.2_20220914T1300%3ACEC-00225/results/1060248417/resdetectqntlmts,Lower Quantitation Limit,0.877,ng/L,,2025-04-18T14:28:25,STORET
21NYDECA_WQX,New York State Dec Division Of Water,21NYDECA_WQX-1601UWB6647_DH_20220829T131700:CEC-00260,Sample-Routine,Water,,2022-08-29,13:17:00,EDT,,,,,0,m,,,,,,Lake Probability 21-25,Lake Probability Sampling 2021-2025,NYSDEC,21NYDECA_WQX-18683,1601UWB6647_DH,,,,,42.3652001200,-73.4519582600,,,,,,STORET-1060249767,,None,Perfluorooctane sulfonic acid,Total,0.264,ng/L,CON,Accepted,,Actual,,,,,,,,,,,,,,,,,,,,1633,USEPA,"Analysis of Per- and Polyfluoroalkyl Substances (PFAS) in Aqueous, Solid, Biosolids, and Tissue Samples by LC-MS/MS",,,PACEBTR,2022-09-16,,https://www.waterqualitydata.us/data/providers/STORET/organizations/21NYDECA_WQX/activities/21NYDECA_WQX-1601UWB6647_DH_20220829T131700%3ACEC-00260/results/1060249767/resdetectqntlmts,Lower Quantitation Limit,0.899,ng/L,,2025-04-18T14:28:32,STORET
21NYDECA_WQX,New York State Dec Division Of Water,21NYDECA_WQX-05-STEO_T22-0.2_20220831T1015:CEC-00217,Sample-Routine,Water,,2022-08-31,10:15:00,EDT,,,,,0,m,,,,,,RIBS Screening,Rotating Integrated Basin Studies (RIBS) Screening,NYSDEC,21NYDECA_WQX-1219,05-STEO_T22-0.2,,,,,42.1990000000,-77.4070000000,,,,,,STORET-1060248097,,None,Perfluorooctane sulfonic acid,Total,0.28,ng/L,CON,Accepted,,Actual,,,,,,,,,,,,,,,,,,,,1633,USEPA,"Analysis of Per- and Polyfluoroalkyl Substances (PFAS) in Aqueous, Solid, Biosolids, and Tissue Samples by LC-MS/MS",,,PACEBTR,2022-10-18,,https://www.waterqualitydata.us/data/providers/STORET/organizations/21NYDECA_WQX/activities/21NYDECA_WQX-05-STEO_T22-0.2_20220831T1015%3ACEC-00217/results/1060248097/resdetectqntlmts,Lower Quantitation Limit,0.88,ng/L,,2025-04-18T14:28:24,STORET
21NYDECA_WQX,New York State Dec Division Of Water,21NYDECA_WQX-05-TUSC-9.3_20220901T1200:CEC-00220,Sample-Routine,Water,,2022-09-01,12:00:00,EDT,,,,,0,m,,,,,,RIBS Screening,Rotating Integrated Basin Studies (RIBS) Screening,NYSDEC,21NYDECA_WQX-1249,05-TUSC-9.3,,,,,42.0801580000,-77.3647340000,,,,,,STORET-1060248224,,None,Perfluorooctane sulfonic acid,Total,0.925,ng/L,CON,Accepted,,Actual,,,,,,,,,,,,,,,,,,,,1633,USEPA,"Analysis of Per- and Polyfluoroalkyl Substances (PFAS) in Aqueous, Solid, Biosolids, and Tissue Samples by LC-MS/MS",,,PACEBTR,2022-09-28,,https://www.waterqualitydata.us/data/providers/STORET/organizations/21NYDECA_WQX/activities/21NYDECA_WQX-05-TUSC-9.3_20220901T1200%3ACEC-00220/results/1060248224/resdetectqntlmts,Lower Quantitation Limit,0.888,ng/L,,2025-04-18T14:28:24,STORET
21NYDECA_WQX,New York State Dec Division Of Water,21NYDECA_WQX-13-COXS-0.5_20220720T1230:CEC-00247,Sample-Routine,Water,,2022-07-20,12:30:00,EDT,,,,,0,m,,,,,,RIBS Screening,Rotating Integrated Basin Studies (RIBS) Screening,NYSDEC,21NYDECA_WQX-3818,13-COXS-0.5,,,,,42.3905000000,-73.8013900000,,,,,,STORET-1060249248,,None,Perfluorooctane sulfonic acid,Total,1.73,ng/L,CON,Accepted,,Actual,,,,,,,,,,,,,,,,,,,,1633,USEPA,"Analysis of Per- and Polyfluoroalkyl Substances (PFAS) in Aqueous, Solid, Biosolids, and Tissue Samples by LC-MS/MS",,,PACEBTR,2022-09-15,,https://www.waterqualitydata.us/data/providers/STORET/organizations/21NYDECA_WQX/activities/21NYDECA_WQX-13-COXS-0.5_20220720T1230%3ACEC-00247/results/1060249248/resdetectqntlmts,Lower Quantitation Limit,0.898,ng/L,,2025-04-18T14:28:29,STORET
21NYDECA_WQX,New York State Dec Division Of Water,21NYDECA_WQX-05-TIOG-11.7_20220830T1430:CEC-00219,Sample-Routine,Water,,2022-08-30,14:30:00,EDT,,,,,0,m,,,,,,RIBS Screening,Rotating Integrated Basin Studies (RIBS) Screening,NYSDEC,21NYDECA_WQX-1225,05-TIOG-11.7,,,,,42.0195920000,-77.1285630000,,,,,,STORET-1060248172,,None,Perfluorooctane sulfonic acid,Total,0.83,ng/L,CON,Accepted,,Actual,,,,,,,,,,,,,,,,,,,,1633,USEPA,"Analysis of Per- and Polyfluoroalkyl Substances (PFAS) in Aqueous, Solid, Biosolids, and Tissue Samples by LC-MS/MS",,,PACEBTR,2022-10-18,,https://www.waterqualitydata.us/data/providers/STORET/organizations/21NYDECA_WQX/activities/21NYDECA_WQX-05-TIOG-11.7_20220830T1430%3ACEC-00219/results/1060248172/resdetectqntlmts,Lower Quantitation Limit,0.891,ng/L,,2025-04-18T14:28:24,STORET
21NYDECA_WQX,New York State Dec Division Of Water,21NYDECA_WQX-08-LWDH-2.7_20220915T1300:CEC-00232,Sample-Routine,Water,,2022-09-15,13:00:00,EDT,,,,,0,m,,,,,,RIBS Screening,Rotating Integrated Basin Studies (RIBS) Screening,NYSDEC,21NYDECA_WQX-1958,08-LWDH-2.7,,,,,43.4552800000,-75.1527800000,,,,,,STORET-1060248670,,None,Perfluorooctane sulfonic acid,Total,0.623,ng/L,CON,Accepted,,Actual,,,,,,,,,,,,,,,,,,,,1633,USEPA,"Analysis of Per- and Polyfluoroalkyl Substances (PFAS) in Aqueous, Solid, Biosolids, and Tissue Samples by LC-MS/MS",,,PACEBTR,2022-11-09,,https://www.waterqualitydata.us/data/providers/STORET/organizations/21NYDECA_WQX/activities/21NYDECA_WQX-08-LWDH-2.7_20220915T1300%3ACEC-00232/results/1060248670/resdetectqntlmts,Lower Quantitation Limit,0.903,ng/L,,2025-04-18T14:28:27,STORET
21NYDECA_WQX,New York State Dec Division Of Water,21NYDECA_WQX-1501LUC0982B_DH_20220914T073000:CEC-00273,Sample-Routine,Water,,2022-09-14,07:30:00,EDT,,,,,0,m,,,,,,Lake Probability 21-25,Lake Probability Sampling 2021-2025,NYSDEC,21NYDECA_WQX-19686,1501LUC0982B_DH,,,,,41.1842612700,-73.9951748000,,,,,,STORET-1060250249,,None,Perfluorooctane sulfonic acid,Total,3.09,ng/L,CON,Accepted,,Actual,,,,,,,,,,,,,,,,,,,,1633,USEPA,"Analysis of Per- and Polyfluoroalkyl Substances (PFAS) in Aqueous, Solid, Biosolids, and Tissue Samples by LC-MS/MS",,,PACEBTR,2022-11-09,,https://www.waterqualitydata.us/data/providers/STORET/organizations/21NYDECA_WQX/activities/21NYDECA_WQX-1501LUC0982B_DH_20220914T073000%3ACEC-00273/results/1060250249/resdetectqntlmts,Lower Quantitation Limit,0.921,ng/L,,2025-04-18T14:28:34,STORET
21NYDECA_WQX,New York State Dec Division Of Water,21NYDECA_WQX-05-BAKE-0.3_20220831T1300:CEC-00207,Sample-Routine,Water,,2022-08-31,13:00:00,EDT,,,,,0,m,,,,,,RIBS Screening,Rotating Integrated Basin Studies (RIBS) Screening,NYSDEC,21NYDECA_WQX-874,05-BAKE-0.3,,,,,42.2649390000,-77.5477680000,,,,,,STORET-1060247730,,None,Perfluorooctane sulfonic acid,Total,0.393,ng/L,CON,Accepted,,Actual,,,,,,,,,,,,,,,,,,,,1633,USEPA,"Analysis of Per- and Polyfluoroalkyl Substances (PFAS) in Aqueous, Solid, Biosolids, and Tissue Samples by LC-MS/MS",,,PACEBTR,2022-09-28,,https://www.waterqualitydata.us/data/providers/STORET/organizations/21NYDECA_WQX/activities/21NYDECA_WQX-05-BAKE-0.3_20220831T1300%3ACEC-00207/results/1060247730/resdetectqntlmts,Lower Quantitation Limit,0.914,ng/L,,2025-04-18T14:28:22,STORET
21NYDECA_WQX,New York State Dec Division Of Water,21NYDECA_WQX-1301LIT0355_DH_20220831T134800:CEC-00241,Sample-Routine,Water,,2022-08-31,13:48:00,EDT,,,,,0,m,,,,,,Lake Probability 21-25,Lake Probability Sampling 2021-2025,NYSDEC,21NYDECA_WQX-15610,1301LIT0355_DH,,,,,42.6972020000,-73.7399520000,,,,,,STORET-1060249008,,None,Perfluorooctane sulfonic acid,Total,3.27,ng/L,CON,Accepted,,Actual,,,,,,,,,,,,,,,,,,,,1633,USEPA,"Analysis of Per- and Polyfluoroalkyl Substances (PFAS) in Aqueous, Solid, Biosolids, and Tissue Samples by LC-MS/MS",,,PACEBTR,2022-09-16,,https://www.waterqualitydata.us/data/providers/STORET/organizations/21NYDECA_WQX/activities/21NYDECA_WQX-1301LIT0355_DH_20220831T134800%3ACEC-00241/results/1060249008/resdetectqntlmts,Lower Quantitation Limit,0.923,ng/L,,2025-04-18T14:28:28,STORET
21NYDECA_WQX,New York State Dec Division Of Water,21NYDECA_WQX-13-KAAT-8.4_20220721T1000:CEC-00250,Sample-Routine,Water,,2022-07-21,10:00:00,EDT,,,,,0,m,,,,,,RIBS Screening,Rotating Integrated Basin Studies (RIBS) Screening,NYSDEC,21NYDECA_WQX-3620,13-KAAT-8.4,,,,,42.1805280000,-73.9402470000,,,,,,STORET-1060249361,,None,Perfluorooctane sulfonic acid,Total,1.28,ng/L,CON,Accepted,,Actual,,,,,,,,,,,,,,,,,,,,1633,USEPA,"Analysis of Per- and Polyfluoroalkyl Substances (PFAS) in Aqueous, Solid, Biosolids, and Tissue Samples by LC-MS/MS",,,PACEBTR,2022-09-16,,https://www.waterqualitydata.us/data/providers/STORET/organizations/21NYDECA_WQX/activities/21NYDECA_WQX-13-KAAT-8.4_20220721T1000%3ACEC-00250/results/1060249361/resdetectqntlmts,Lower Quantitation Limit,0.949,ng/L,,2025-04-18T14:28:30,STORET
21NYDECA_WQX,New York State Dec Division Of Water,21NYDECA_WQX-05-MDCR-10.0_20220831T0900:CEC-00214,Sample-Routine,Water,,2022-08-31,09:00:00,EDT,,,,,0,m,,,,,,RIBS Screening,Rotating Integrated Basin Studies (RIBS) Screening,NYSDEC,21NYDECA_WQX-1170,05-MDCR-10.0,,,,,42.3555130000,-77.1360420000,,,,,,STORET-1060247978,,None,Perfluorooctane sulfonic acid,Total,0.347,ng/L,CON,Accepted,,Actual,,,,,,,,,,,,,,,,,,,,1633,USEPA,"Analysis of Per- and Polyfluoroalkyl Substances (PFAS) in Aqueous, Solid, Biosolids, and Tissue Samples by LC-MS/MS",,,PACEBTR,2022-09-28,,https://www.waterqualitydata.us/data/providers/STORET/organizations/21NYDECA_WQX/activities/21NYDECA_WQX-05-MDCR-10.0_20220831T0900%3ACEC-00214/results/1060247978/resdetectqntlmts,Lower Quantitation Limit,0.933,ng/L,,2025-04-18T14:28:23,STORET
21NYDECA_WQX,New York State Dec Division Of Water,21NYDECA_WQX-1309NOR6398_DH_20220803T140400:CEC-00265,Sample-Routine,Water,,2022-08-03,14:04:00,EDT,,,,,0,m,,,,,,Lake Probability 21-25,Lake Probability Sampling 2021-2025,NYSDEC,21NYDECA_WQX-21363,1309NOR6398_DH,,,,,42.1994580000,-74.0374090000,,,,,,STORET-1060249964,,None,Perfluorooctane sulfonic acid,Total,0.652,ng/L,CON,Accepted,,Actual,,,,,,,,,,,,,,,,,,,,1633,USEPA,"Analysis of Per- and Polyfluoroalkyl Substances (PFAS) in Aqueous, Solid, Biosolids, and Tissue Samples by LC-MS/MS",,,PACEBTR,2022-09-07,,https://www.waterqualitydata.us/data/providers/STORET/organizations/21NYDECA_WQX/activities/21NYDECA_WQX-1309NOR6398_DH_20220803T140400%3ACEC-00265/results/1060249964/resdetectqntlmts,Lower Quantitation Limit,0.919,ng/L,,2025-04-18T14:28:33,STORET
21NYDECA_WQX,New York State Dec Division Of Water,21NYDECA_WQX-08-TWIN-1.0_20220915T1100:CEC-00239,Sample-Routine,Water,,2022-09-15,11:00:00,EDT,,,,,0,m,,,,,,RIBS Screening,Rotating Integrated Basin Studies (RIBS) Screening,NYSDEC,21NYDECA_WQX-2390,08-TWIN-1.0,,,,,43.4507000000,-75.0147450000,,,,,,STORET-1060248923,,None,Perfluorooctane sulfonic acid,Total,0.617,ng/L,CON,Accepted,,Actual,,,,,,,,,,,,,,,,,,,,1633,USEPA,"Analysis of Per- and Polyfluoroalkyl Substances (PFAS) in Aqueous, Solid, Biosolids, and Tissue Samples by LC-MS/MS",,,PACEBTR,2022-11-09,,https://www.waterqualitydata.us/data/providers/STORET/organizations/21NYDECA_WQX/activities/21NYDECA_WQX-08-TWIN-1.0_20220915T1100%3ACEC-00239/results/1060248923/resdetectqntlmts,Lower Quantitation Limit,0.921,ng/L,,2025-04-18T14:28:28,STORET
21NYDECA_WQX,New York State Dec Division Of Water,21NYDECA_WQX-13-WFKIL-0.4_20220721T1115:CEC-00258,Sample-Routine,Water,,2022-07-21,11:15:00,EDT,,,,,0,m,,,,,,RIBS Screening,Rotating Integrated Basin Studies (RIBS) Screening,NYSDEC,21NYDECA_WQX-4155,13-WFKIL-0.4,,,,,41.7087640000,-73.9338880000,,,,,,STORET-1060249656,,None,Perfluorooctane sulfonic acid,Total,9.7,ng/L,CON,Accepted,,Actual,,,,,,,,,,,,,,,,,,,,1633,USEPA,"Analysis of Per- and Polyfluoroalkyl Substances (PFAS) in Aqueous, Solid, Biosolids, and Tissue Samples by LC-MS/MS",,,PACEBTR,2022-09-15,,https://www.waterqualitydata.us/data/providers/STORET/organizations/21NYDECA_WQX/activities/21NYDECA_WQX-13-WFKIL-0.4_20220721T1115%3ACEC-00258/results/1060249656/resdetectqntlmts,Lower Quantitation Limit,0.894,ng/L,,2025-04-18T14:28:31,STORET
21NYDECA_WQX,New York State Dec Division Of Water,21NYDECA_WQX-13-TIOR-0.1_20220720T1000:CEC-00255,Sample-Routine,Water,,2022-07-20,10:00:00,EDT,,,,,0,m,,,,,,RIBS Screening,Rotating Integrated Basin Studies (RIBS) Screening,NYSDEC,21NYDECA_WQX-4345,13-TIOR-0.1,,,,,41.2421930000,-74.0256260000,,,,,,STORET-1060249566,,None,Perfluorooctane sulfonic acid,Total,0.51,ng/L,CON,Accepted,,Actual,,,,,,,,,,,,,,,,,,,,1633,USEPA,"Analysis of Per- and Polyfluoroalkyl Substances (PFAS) in Aqueous, Solid, Biosolids, and Tissue Samples by LC-MS/MS",,,PACEBTR,2022-09-16,,https://www.waterqualitydata.us/data/providers/STORET/organizations/21NYDECA_WQX/activities/21NYDECA_WQX-13-TIOR-0.1_20220720T1000%3ACEC-00255/results/1060249566/resdetectqntlmts,Lower Quantitation Limit,0.906,ng/L,,2025-04-18T14:28:31,STORET
21NYDECA_WQX,New York State Dec Division Of Water,21NYDECA_WQX-08-KLSY-0.1_20220913T0000:CEC-00230,Sample-Routine,Water,,2022-09-13,00:00:00,EDT,,,,,0,m,,,,,,RIBS Screening,Rotating Integrated Basin Studies (RIBS) Screening,NYSDEC,21NYDECA_WQX-1941,08-KLSY-0.1,,,,,43.9894400000,-75.9241600000,,,,,,STORET-1060248597,,None,Perfluorooctane sulfonic acid,Total,1.67,ng/L,CON,Accepted,,Actual,,,,,,,,,,,,,,,,,,,,1633,USEPA,"Analysis of Per- and Polyfluoroalkyl Substances (PFAS) in Aqueous, Solid, Biosolids, and Tissue Samples by LC-MS/MS",,,PACEBTR,2022-10-27,,https://www.waterqualitydata.us/data/providers/STORET/organizations/21NYDECA_WQX/activities/21NYDECA_WQX-08-KLSY-0.1_20220913T0000%3ACEC-00230/results/1060248597/resdetectqntlmts,Lower Quantitation Limit,0.888,ng/L,,2025-04-18T14:28:26,STORET
21NYDECA_WQX,New York State Dec Division Of Water,21NYDECA_WQX-08-LMKN-6.7_20220914T1000:CEC-00231,Sample-Routine,Water,,2022-09-14,10:00:00,EDT,,,,,0,m,,,,,,RIBS Screening,Rotating Integrated Basin Studies (RIBS) Screening,NYSDEC,21NYDECA_WQX-1951,08-LMKN-6.7,,,,,43.7124440000,-74.8136510000,,,,,,STORET-1060248611,,None,Perfluorooctane sulfonic acid,Total,0.882,ng/L,CON,Accepted,,Actual,,,,,,,,,,,,,,,,,,,,1633,USEPA,"Analysis of Per- and Polyfluoroalkyl Substances (PFAS) in Aqueous, Solid, Biosolids, and Tissue Samples by LC-MS/MS",,,PACEBTR,2022-11-09,,https://www.waterqualitydata.us/data/providers/STORET/organizations/21NYDECA_WQX/activities/21NYDECA_WQX-08-LMKN-6.7_20220914T1000%3ACEC-00231/results/1060248611/resdetectqntlmts,Lower Quantitation Limit,0.893,ng/L,,2025-04-18T14:28:26,STORET
21NYDECA_WQX,New York State Dec Division Of Water,21NYDECA_WQX-0801MOS0478_DH_20220926T121200:CEC-00221,Sample-Routine,Water,,2022-09-26,12:12:00,EDT,,,,,0,m,,,,,,Lake Probability 21-25,Lake Probability Sampling 2021-2025,NYSDEC,21NYDECA_WQX-11784,0801MOS0478_DH,,,,,43.8941920000,-75.0605370000,,,,,,STORET-1060248247,,None,Perfluorooctane sulfonic acid,Total,4.79,ng/L,ISAC,Accepted,,Actual,,,,,,,,,,,,,,,,,,,,1633,USEPA,"Analysis of Per- and Polyfluoroalkyl Substances (PFAS) in Aqueous, Solid, Biosolids, and Tissue Samples by LC-MS/MS",,,PACEBTR,2022-11-03,,https://www.waterqualitydata.us/data/providers/STORET/organizations/21NYDECA_WQX/activities/21NYDECA_WQX-0801MOS0478_DH_20220926T121200%3ACEC-00221/results/1060248247/resdetectqntlmts,Lower Quantitation Limit,0.917,ng/L,,2025-04-18T14:28:24,STORET
21NYDECA_WQX,New York State Dec Division Of Water,21NYDECA_WQX-13-WYNT-12.0_20220720T0800:CEC-00259,Sample-Routine,Water,,2022-07-20,08:00:00,EDT,,,,,0,m,,,,,,RIBS Screening,Rotating Integrated Basin Studies (RIBS) Screening,NYSDEC,21NYDECA_WQX-8916,13-WYNT-12.0,,,,,42.6236120000,-73.5712420000,,,,,,STORET-1060249707,,None,Perfluorooctane sulfonic acid,Total,5.52,ng/L,CON,Accepted,,Actual,,,,,,,,,,,,,,,,,,,,1633,USEPA,"Analysis of Per- and Polyfluoroalkyl Substances (PFAS) in Aqueous, Solid, Biosolids, and Tissue Samples by LC-MS/MS",,,PACEBTR,2022-09-15,,https://www.waterqualitydata.us/data/providers/STORET/organizations/21NYDECA_WQX/activities/21NYDECA_WQX-13-WYNT-12.0_20220720T0800%3ACEC-00259/results/1060249707/resdetectqntlmts,Lower Quantitation Limit,1,ng/L,,2025-04-18T14:28:32,STORET
21NYDECA_WQX,New York State Dec Division Of Water,21NYDECA_WQX-08-MOOC-0.4_20220915T0930:CEC-00234,Sample-Routine,Water,,2022-09-15,09:30:00,EDT,,,,,0,m,,,,,,RIBS Screening,Rotating Integrated Basin Studies (RIBS) Screening,NYSDEC,21NYDECA_WQX-1975,08-MOOC-0.4,,,,,43.5219400000,-75.3452700000,,,,,,STORET-1060248745,,None,Perfluorooctane sulfonic acid,Total,0.559,ng/L,CON,Accepted,,Actual,,,,,,,,,,,,,,,,,,,,1633,USEPA,"Analysis of Per- and Polyfluoroalkyl Substances (PFAS) in Aqueous, Solid, Biosolids, and Tissue Samples by LC-MS/MS",,,PACEBTR,2022-11-10,,https://www.waterqualitydata.us/data/providers/STORET/organizations/21NYDECA_WQX/activities/21NYDECA_WQX-08-MOOC-0.4_20220915T0930%3ACEC-00234/results/1060248745/resdetectqntlmts,Lower Quantitation Limit,0.98,ng/L,,2025-04-18T14:28:27,STORET
21NYDECA_WQX,New York State Dec Division Of Water,21NYDECA_WQX-08-MURM_T2-0.1_20220913T1245:CEC-00235,Sample-Routine,Water,,2022-09-13,12:45:00,EDT,,,,,0,m,,,,,,RIBS Screening,Rotating Integrated Basin Studies (RIBS) Screening,NYSDEC,21NYDECA_WQX-1989,08-MURM_T2-0.1,,,,,43.9107410000,-75.3665590000,,,,,,STORET-1060248794,,None,Perfluorooctane sulfonic acid,Total,3.89,ng/L,CON,Accepted,,Actual,,,,,,,,,,,,,,,,,,,,1633,USEPA,"Analysis of Per- and Polyfluoroalkyl Substances (PFAS) in Aqueous, Solid, Biosolids, and Tissue Samples by LC-MS/MS",,,PACEBTR,2022-10-27,,https://www.waterqualitydata.us/data/providers/STORET/organizations/21NYDECA_WQX/activities/21NYDECA_WQX-08-MURM_T2-0.1_20220913T1245%3ACEC-00235/results/1060248794/resdetectqntlmts,Lower Quantitation Limit,0.906,ng/L,,2025-04-18T14:28:27,STORET
21NYDECA_WQX,New York State Dec Division Of Water,21NYDECA_WQX-08-MLLL_T7-0.8_20220914T0830:CEC-00233,Sample-Routine,Water,,2022-09-14,08:30:00,EDT,,,,,0,m,,,,,,RIBS Screening,Rotating Integrated Basin Studies (RIBS) Screening,NYSDEC,21NYDECA_WQX-1974,08-MLLL_T7-0.8,,,,,43.7903000000,-75.5460730000,,,,,,STORET-1060248714,,None,Perfluorooctane sulfonic acid,Total,0.503,ng/L,CON,Accepted,,Actual,,,,,,,,,,,,,,,,,,,,1633,USEPA,"Analysis of Per- and Polyfluoroalkyl Substances (PFAS) in Aqueous, Solid, Biosolids, and Tissue Samples by LC-MS/MS",,,PACEBTR,2022-11-09,,https://www.waterqualitydata.us/data/providers/STORET/organizations/21NYDECA_WQX/activities/21NYDECA_WQX-08-MLLL_T7-0.8_20220914T0830%3ACEC-00233/results/1060248714/resdetectqntlmts,Lower Quantitation Limit,0.887,ng/L,,2025-04-18T14:28:27,STORET
21NYDECA_WQX,New York State Dec Division Of Water,21NYDECA_WQX-05-COHO-1.4_20220830T1315:CEC-00209,Sample-Routine,Water,,2022-08-30,17:15:00,EDT,,,,,0,m,,,,,,RIBS Screening,Rotating Integrated Basin Studies (RIBS) Screening,NYSDEC,21NYDECA_WQX-1297,05-COHO-1.4,,,,,42.1675100000,-77.1047700000,,,,,,STORET-1060247786,,None,Perfluorooctane sulfonic acid,Total,1.14,ng/L,CON,Accepted,,Actual,,,,,,,,,,,,,,,,,,,,1633,USEPA,"Analysis of Per- and Polyfluoroalkyl Substances (PFAS) in Aqueous, Solid, Biosolids, and Tissue Samples by LC-MS/MS",,,PACEBTR,2022-10-18,,https://www.waterqualitydata.us/data/providers/STORET/organizations/21NYDECA_WQX/activities/21NYDECA_WQX-05-COHO-1.4_20220830T1315%3ACEC-00209/results/1060247786/resdetectqntlmts,Lower Quantitation Limit,0.871,ng/L,,2025-04-18T14:28:22,STORET
21NYDECA_WQX,New York State Dec Division Of Water,21NYDECA_WQX-13-MONH-4.9_20220720T1430:CEC-00252,Sample-Routine,Water,,2022-07-20,14:30:00,EDT,,,,,0,m,,,,,,RIBS Screening,Rotating Integrated Basin Studies (RIBS) Screening,NYSDEC,21NYDECA_WQX-3974,13-MONH-4.9,,,,,41.4388130000,-74.4183550000,,,,,,STORET-1060249422,,None,Perfluorooctane sulfonic acid,Total,3.96,ng/L,CON,Accepted,,Actual,,,,,,,,,,,,,,,,,,,,1633,USEPA,"Analysis of Per- and Polyfluoroalkyl Substances (PFAS) in Aqueous, Solid, Biosolids, and Tissue Samples by LC-MS/MS",,,PACEBTR,2022-09-16,,https://www.waterqualitydata.us/data/providers/STORET/organizations/21NYDECA_WQX/activities/21NYDECA_WQX-13-MONH-4.9_20220720T1430%3ACEC-00252/results/1060249422/resdetectqntlmts,Lower Quantitation Limit,0.887,ng/L,,2025-04-18T14:28:30,STORET
21NYDECA_WQX,New York State Dec Division Of Water,21NYDECA_WQX-1301UWB0391B_DH_20220829T084900:CEC-00242,Sample-Routine,Water,,2022-08-29,08:49:00,EDT,,,,,0,m,,,,,,Lake Probability 21-25,Lake Probability Sampling 2021-2025,NYSDEC,21NYDECA_WQX-15786,1301UWB0391B_DH,,,,,42.6342070300,-73.5611106500,,,,,,STORET-1060249047,,None,Perfluorooctane sulfonic acid,Total,5.03,ng/L,CON,Accepted,,Actual,,,,,,,,,,,,,,,,,,,,1633,USEPA,"Analysis of Per- and Polyfluoroalkyl Substances (PFAS) in Aqueous, Solid, Biosolids, and Tissue Samples by LC-MS/MS",,,PACEBTR,2022-09-16,,https://www.waterqualitydata.us/data/providers/STORET/organizations/21NYDECA_WQX/activities/21NYDECA_WQX-1301UWB0391B_DH_20220829T084900%3ACEC-00242/results/1060249047/resdetectqntlmts,Lower Quantitation Limit,0.911,ng/L,,2025-04-18T14:28:28,STORET
21NYDECA_WQX,New York State Dec Division Of Water,21NYDECA_WQX-1301BRO0193A_DH_20220913T143000:CEC-00271,Sample-Routine,Water,,2022-09-13,14:30:00,EDT,,,,,0,m,,,,,,Lake Probability 21-25,Lake Probability Sampling 2021-2025,NYSDEC,21NYDECA_WQX-15148,1301BRO0193A_DH,,,,,41.3310602300,-73.9936069000,,,,,,STORET-1060250190,,None,Perfluorooctane sulfonic acid,Total,1.92,ng/L,CON,Accepted,,Actual,,,,,,,,,,,,,,,,,,,,1633,USEPA,"Analysis of Per- and Polyfluoroalkyl Substances (PFAS) in Aqueous, Solid, Biosolids, and Tissue Samples by LC-MS/MS",,,PACEBTR,2022-10-27,,https://www.waterqualitydata.us/data/providers/STORET/organizations/21NYDECA_WQX/activities/21NYDECA_WQX-1301BRO0193A_DH_20220913T143000%3ACEC-00271/results/1060250190/resdetectqntlmts,Lower Quantitation Limit,0.988,ng/L,,2025-04-18T14:28:34,STORET
21NYDECA_WQX,New York State Dec Division Of Water,21NYDECA_WQX-05-BWIN_T11-0.7_20220901T1100:CEC-00208,Sample-Routine,Water,,2022-09-01,11:00:00,EDT,,,,,0,m,,,,,,RIBS Screening,Rotating Integrated Basin Studies (RIBS) Screening,NYSDEC,21NYDECA_WQX-889,05-BWIN_T11-0.7,,,,,42.1014600000,-76.6865600000,,,,,,STORET-1060247737,,None,Perfluorooctane sulfonic acid,Total,0.625,ng/L,CON,Accepted,,Actual,,,,,,,,,,,,,,,,,,,,1633,USEPA,"Analysis of Per- and Polyfluoroalkyl Substances (PFAS) in Aqueous, Solid, Biosolids, and Tissue Samples by LC-MS/MS",,,PACEBTR,2022-10-18,,https://www.waterqualitydata.us/data/providers/STORET/organizations/21NYDECA_WQX/activities/21NYDECA_WQX-05-BWIN_T11-0.7_20220901T1100%3ACEC-00208/results/1060247737/resdetectqntlmts,Lower Quantitation Limit,0.89,ng/L,,2025-04-18T14:28:22,STORET
21NYDECA_WQX,New York State Dec Division Of Water,21NYDECA_WQX-13-WAPP_E-3.2_20220721T0830:CEC-00257,Sample-Routine,Water,,2022-07-21,08:30:00,EDT,,,,,0,m,,,,,,RIBS Screening,Rotating Integrated Basin Studies (RIBS) Screening,NYSDEC,21NYDECA_WQX-4117,13-WAPP_E-3.2,,,,,41.7832640000,-73.7442830000,,,,,,STORET-1060249643,,None,Perfluorooctane sulfonic acid,Total,0.907,ng/L,CON,Accepted,,Actual,,,,,,,,,,,,,,,,,,,,1633,USEPA,"Analysis of Per- and Polyfluoroalkyl Substances (PFAS) in Aqueous, Solid, Biosolids, and Tissue Samples by LC-MS/MS",,,PACEBTR,2022-08-31,,https://www.waterqualitydata.us/data/providers/STORET/organizations/21NYDECA_WQX/activities/21NYDECA_WQX-13-WAPP_E-3.2_20220721T0830%3ACEC-00257/results/1060249643/resdetectqntlmts,Lower Quantitation Limit,0.894,ng/L,,2025-04-18T14:28:31,STORET
21NYDECA_WQX,New York State Dec Division Of Water,21NYDECA_WQX-05-COHO-37.2_20220831T1200:CEC-00211,Sample-Routine,Water,,2022-08-31,12:00:00,EDT,,,,,0,m,,,,,,RIBS Screening,Rotating Integrated Basin Studies (RIBS) Screening,NYSDEC,21NYDECA_WQX-1308,05-COHO-37.2,,,,,42.4952600000,-77.5032100000,,,,,,STORET-1060247856,,None,Perfluorooctane sulfonic acid,Total,11.1,ng/L,CON,Accepted,,Actual,,,,,,,,,,,,,,,,,,,,1633,USEPA,"Analysis of Per- and Polyfluoroalkyl Substances (PFAS) in Aqueous, Solid, Biosolids, and Tissue Samples by LC-MS/MS",,,PACEBTR,2022-10-18,,https://www.waterqualitydata.us/data/providers/STORET/organizations/21NYDECA_WQX/activities/21NYDECA_WQX-05-COHO-37.2_20220831T1200%3ACEC-00211/results/1060247856/resdetectqntlmts,Lower Quantitation Limit,0.923,ng/L,,2025-04-18T14:28:22,STORET
21NYDECA_WQX,New York State Dec Division Of Water,21NYDECA_WQX-1304PRI0351H_DH_20220801T141000:CEC-00261,Sample-Routine,Water,,2022-08-01,14:10:00,EDT,,,,,0,m,,,,,,Lake Probability 21-25,Lake Probability Sampling 2021-2025,NYSDEC,21NYDECA_WQX-20714,1304PRI0351H_DH,,,,,41.6108603000,-73.6629061900,,,,,,STORET-1060249800,,None,Perfluorooctane sulfonic acid,Total,1.44,ng/L,CON,Accepted,,Actual,,,,,,,,,,,,,,,,,,,,1633,USEPA,"Analysis of Per- and Polyfluoroalkyl Substances (PFAS) in Aqueous, Solid, Biosolids, and Tissue Samples by LC-MS/MS",,,PACEBTR,2022-09-01,,https://www.waterqualitydata.us/data/providers/STORET/organizations/21NYDECA_WQX/activities/21NYDECA_WQX-1304PRI0351H_DH_20220801T141000%3ACEC-00261/results/1060249800/resdetectqntlmts,Lower Quantitation Limit,0.956,ng/L,,2025-04-18T14:28:32,STORET
21NYDECA_WQX,New York State Dec Division Of Water,21NYDECA_WQX-0801MOS0746_DH_20220927T093100:CEC-00222,Sample-Routine,Water,,2022-09-27,09:31:00,EDT,,,,,0,m,,,,,,Lake Probability 21-25,Lake Probability Sampling 2021-2025,NYSDEC,21NYDECA_WQX-11788,0801MOS0746_DH,,,,,43.7855227800,-74.8464205200,,,,,,STORET-1060248295,,None,Perfluorooctane sulfonic acid,Total,0.756,ng/L,CON,Accepted,,Actual,,,,,,,,,,,,,,,,,,,,1633,USEPA,"Analysis of Per- and Polyfluoroalkyl Substances (PFAS) in Aqueous, Solid, Biosolids, and Tissue Samples by LC-MS/MS",,,PACEBTR,2022-11-03,,https://www.waterqualitydata.us/data/providers/STORET/organizations/21NYDECA_WQX/activities/21NYDECA_WQX-0801MOS0746_DH_20220927T093100%3ACEC-00222/results/1060248295/resdetectqntlmts,Lower Quantitation Limit,0.919,ng/L,,2025-04-18T14:28:25,STORET
21NYDECA_WQX,New York State Dec Division Of Water,21NYDECA_WQX-13-MUSC-8.4_20220720T0900:CEC-00253,Sample-Routine,Water,,2022-07-20,09:00:00,EDT,,,,,0,m,,,,,,RIBS Screening,Rotating Integrated Basin Studies (RIBS) Screening,NYSDEC,21NYDECA_WQX-3998,13-MUSC-8.4,,,,,41.3330600000,-73.7647200000,,,,,,STORET-1060249492,,None,Perfluorooctane sulfonic acid,Total,7.38,ng/L,CON,Accepted,,Actual,,,,,,,,,,,,,,,,,,,,1633,USEPA,"Analysis of Per- and Polyfluoroalkyl Substances (PFAS) in Aqueous, Solid, Biosolids, and Tissue Samples by LC-MS/MS",,,PACEBTR,2022-09-15,,https://www.waterqualitydata.us/data/providers/STORET/organizations/21NYDECA_WQX/activities/21NYDECA_WQX-13-MUSC-8.4_20220720T0900%3ACEC-00253/results/1060249492/resdetectqntlmts,Lower Quantitation Limit,0.882,ng/L,,2025-04-18T14:28:31,STORET
21NYDECA_WQX,New York State Dec Division Of Water,21NYDECA_WQX-1303BRO0260_DH_20220912T110000:CEC-00276,Sample-Routine,Water,,2022-09-12,11:00:00,EDT,,,,,0,m,,,,,,Lake Probability 21-25,Lake Probability Sampling 2021-2025,NYSDEC,21NYDECA_WQX-21995,1303BRO0260_DH,,,,,41.4568721800,-74.2097031600,,,,,,STORET-1060250372,,None,Perfluorooctane sulfonic acid,Total,5.62,ng/L,CON,Accepted,,Actual,,,,,,,,,,,,,,,,,,,,1633,USEPA,"Analysis of Per- and Polyfluoroalkyl Substances (PFAS) in Aqueous, Solid, Biosolids, and Tissue Samples by LC-MS/MS",,,PACEBTR,2022-10-27,,https://www.waterqualitydata.us/data/providers/STORET/organizations/21NYDECA_WQX/activities/21NYDECA_WQX-1303BRO0260_DH_20220912T110000%3ACEC-00276/results/1060250372/resdetectqntlmts,Lower Quantitation Limit,0.888,ng/L,,2025-04-18T14:28:35,STORET
21NYDECA_WQX,New York State Dec Division Of Water,21NYDECA_WQX-05-DIVN_T1-0.4_20220831T1545:CEC-00213,Sample-Routine,Water,,2022-08-31,15:45:00,EDT,,,,,0,m,,,,,,RIBS Screening,Rotating Integrated Basin Studies (RIBS) Screening,NYSDEC,21NYDECA_WQX-1059,05-DIVN_T1-0.4,,,,,42.1226160000,-76.8111080000,,,,,,STORET-1060247955,,None,Perfluorooctane sulfonic acid,Total,1.08,ng/L,CON,Accepted,,Actual,,,,,,,,,,,,,,,,,,,,1633,USEPA,"Analysis of Per- and Polyfluoroalkyl Substances (PFAS) in Aqueous, Solid, Biosolids, and Tissue Samples by LC-MS/MS",,,PACEBTR,2022-10-18,,https://www.waterqualitydata.us/data/providers/STORET/organizations/21NYDECA_WQX/activities/21NYDECA_WQX-05-DIVN_T1-0.4_20220831T1545%3ACEC-00213/results/1060247955/resdetectqntlmts,Lower Quantitation Limit,0.906,ng/L,,2025-04-18T14:28:23,STORET
21NYDECA_WQX,New York State Dec Division Of Water,21NYDECA_WQX-1302KIR0052_DH_20220913T113000:CEC-00269,Sample-Routine,Water,,2022-09-13,11:30:00,EDT,,,,,0,m,,,,,,Lake Probability 21-25,Lake Probability Sampling 2021-2025,NYSDEC,21NYDECA_WQX-14932,1302KIR0052_DH,,,,,41.3850535100,-73.7485300300,,,,,,STORET-1060250101,,None,Perfluorooctane sulfonic acid,Total,2.72,ng/L,CON,Accepted,,Actual,,,,,,,,,,,,,,,,,,,,1633,USEPA,"Analysis of Per- and Polyfluoroalkyl Substances (PFAS) in Aqueous, Solid, Biosolids, and Tissue Samples by LC-MS/MS",,,PACEBTR,2022-10-27,,https://www.waterqualitydata.us/data/providers/STORET/organizations/21NYDECA_WQX/activities/21NYDECA_WQX-1302KIR0052_DH_20220913T113000%3ACEC-00269/results/1060250101/resdetectqntlmts,Lower Quantitation Limit,0.888,ng/L,,2025-04-18T14:28:34,STORET
21NYDECA_WQX,New York State Dec Division Of Water,21NYDECA_WQX-05-COHO-28.6_20220831T1215:CEC-00210,Sample-Routine,Water,,2022-08-31,12:15:00,EDT,,,,,0,m,,,,,,RIBS Screening,Rotating Integrated Basin Studies (RIBS) Screening,NYSDEC,21NYDECA_WQX-1303,05-COHO-28.6,,,,,42.4117030000,-77.4267620000,,,,,,STORET-1060247829,,None,Perfluorooctane sulfonic acid,Total,0.341,ng/L,CON,Accepted,,Actual,,,,,,,,,,,,,,,,,,,,1633,USEPA,"Analysis of Per- and Polyfluoroalkyl Substances (PFAS) in Aqueous, Solid, Biosolids, and Tissue Samples by LC-MS/MS",,,PACEBTR,2022-09-28,,https://www.waterqualitydata.us/data/providers/STORET/organizations/21NYDECA_WQX/activities/21NYDECA_WQX-05-COHO-28.6_20220831T1215%3ACEC-00210/results/1060247829/resdetectqntlmts,Lower Quantitation Limit,0.882,ng/L,,2025-04-18T14:28:22,STORET
21NYDECA_WQX,New York State Dec Division Of Water,21NYDECA_WQX-1301SIL0184C_DH_20220913T093000:CEC-00272,Sample-Routine,Water,,2022-09-13,09:30:00,EDT,,,,,0,m,,,,,,Lake Probability 21-25,Lake Probability Sampling 2021-2025,NYSDEC,21NYDECA_WQX-13742,1301SIL0184C_DH,,,,,41.2907200000,-74.0540700000,,,,,,STORET-1060250206,,None,Perfluorooctane sulfonic acid,Total,0.652,ng/L,CON,Accepted,,Actual,,,,,,,,,,,,,,,,,,,,1633,USEPA,"Analysis of Per- and Polyfluoroalkyl Substances (PFAS) in Aqueous, Solid, Biosolids, and Tissue Samples by LC-MS/MS",,,PACEBTR,2022-10-27,,https://www.waterqualitydata.us/data/providers/STORET/organizations/21NYDECA_WQX/activities/21NYDECA_WQX-1301SIL0184C_DH_20220913T093000%3ACEC-00272/results/1060250206/resdetectqntlmts,Lower Quantitation Limit,0.903,ng/L,,2025-04-18T14:28:34,STORET
21NYDECA_WQX,New York State Dec Division Of Water,21NYDECA_WQX-1302UWB0044F_DH_20220912T110000:CEC-00270,Sample-Routine,Water,,2022-09-12,11:00:00,EDT,,,,,0,m,,,,,,Lake Probability 21-25,Lake Probability Sampling 2021-2025,NYSDEC,21NYDECA_WQX-20678,1302UWB0044F_DH,,,,,41.3216303300,-73.7232969000,,,,,,STORET-1060250156,,None,Perfluorooctane sulfonic acid,Total,4.45,ng/L,CON,Accepted,,Actual,,,,,,,,,,,,,,,,,,,,1633,USEPA,"Analysis of Per- and Polyfluoroalkyl Substances (PFAS) in Aqueous, Solid, Biosolids, and Tissue Samples by LC-MS/MS",,,PACEBTR,2022-10-27,,https://www.waterqualitydata.us/data/providers/STORET/organizations/21NYDECA_WQX/activities/21NYDECA_WQX-1302UWB0044F_DH_20220912T110000%3ACEC-00270/results/1060250156/resdetectqntlmts,Lower Quantitation Limit,0.978,ng/L,,2025-04-18T14:28:34,STORET
21NYDECA_WQX,New York State Dec Division Of Water,21NYDECA_WQX-1702CRA1063D_DH_20230613T134500:CEC-00282,Sample-Routine,Water,,2023-06-13,13:45:00,EDT,,,,,,,,,,,,Lake Probability 21-25,Lake Probability Sampling 2021-2025,NYSDEC,21NYDECA_WQX-23578,1702CRA1063D_DH,,,,,41.0760272700,-73.7550956900,,,,,,STORET-1060250445,,None,Perfluorooctane sulfonic acid,Total,2.6,ng/L,CON,Accepted,,Actual,,,,,,,,,,,,,,,,,,,,1633,USEPA,"Analysis of Per- and Polyfluoroalkyl Substances (PFAS) in Aqueous, Solid, Biosolids, and Tissue Samples by LC-MS/MS",,,CASKEL,2023-06-28,,https://www.waterqualitydata.us/data/providers/STORET/organizations/21NYDECA_WQX/activities/21NYDECA_WQX-1702CRA1063D_DH_20230613T134500%3ACEC-00282/results/1060250445/resdetectqntlmts,Lower Quantitation Limit,4,ng/L,,2025-04-18T14:28:36,STORET
21NYDECA_WQX,New York State Dec Division Of Water,21NYDECA_WQX-10-GCHZ_N-2.5_20230725T0000:CEC-00338,Sample-Routine,Water,,2023-07-25,04:00:00,EDT,,,,,,,,,,,,RIBS Screening,Rotating Integrated Basin Studies (RIBS) Screening,NYSDEC,21NYDECA_WQX-23933,10-GCHZ_N-2.5,,,,,44.9492943673,-73.6720832059,,,,,,STORET-1060251354,,None,Perfluorooctane sulfonic acid,Total,1.3,ng/L,CON,Accepted,,Actual,,,,,,,,,,,,,,,,,,,,1633,USEPA,"Analysis of Per- and Polyfluoroalkyl Substances (PFAS) in Aqueous, Solid, Biosolids, and Tissue Samples by LC-MS/MS",,,CASKEL,2023-08-09,,https://www.waterqualitydata.us/data/providers/STORET/organizations/21NYDECA_WQX/activities/21NYDECA_WQX-10-GCHZ_N-2.5_20230725T0000%3ACEC-00338/results/1060251354/resdetectqntlmts,Lower Quantitation Limit,4.3,ng/L,,2025-04-18T14:28:40,STORET
21NYDECA_WQX,New York State Dec Division Of Water,21NYDECA_WQX-0603CAY0008_DH_20230719T151200:CEC-00319,Sample-Routine,Water,,2023-07-19,15:12:00,EDT,,,,,,,,,,,,Lake Probability 21-25,Lake Probability Sampling 2021-2025,NYSDEC,21NYDECA_WQX-5050,0603CAY0008_DH,,,,,42.3714400000,-76.7345200000,,,,,,STORET-1060251036,Not Detected,None,Perfluorooctane sulfonic acid,Total,,,U,Accepted,,,,,,,,,,,,,,,,,,,,,,1633,USEPA,"Analysis of Per- and Polyfluoroalkyl Substances (PFAS) in Aqueous, Solid, Biosolids, and Tissue Samples by LC-MS/MS",,,CASKEL,2023-08-09,,https://www.waterqualitydata.us/data/providers/STORET/organizations/21NYDECA_WQX/activities/21NYDECA_WQX-0603CAY0008_DH_20230719T151200%3ACEC-00319/results/1060251036/resdetectqntlmts,Lower Quantitation Limit,4.2,ng/L,,2025-04-18T14:28:39,STORET
21NYDECA_WQX,New York State Dec Division Of Water,21NYDECA_WQX-0601UWB5808_DH_20230720T143300:CEC-00320,Sample-Routine,Water,,2023-07-20,14:33:00,EDT,,,,,,,,,,,,Lake Probability 21-25,Lake Probability Sampling 2021-2025,NYSDEC,21NYDECA_WQX-6484,0601UWB5808_DH,,,,,42.6833278800,-75.0739587700,,,,,,STORET-1060251076,Not Detected,None,Perfluorooctane sulfonic acid,Total,,,U,Accepted,,,,,,,,,,,,,,,,,,,,,,1633,USEPA,"Analysis of Per- and Polyfluoroalkyl Substances (PFAS) in Aqueous, Solid, Biosolids, and Tissue Samples by LC-MS/MS",,,CASKEL,2023-08-09,,https://www.waterqualitydata.us/data/providers/STORET/organizations/21NYDECA_WQX/activities/21NYDECA_WQX-0601UWB5808_DH_20230720T143300%3ACEC-00320/results/1060251076/resdetectqntlmts,Lower Quantitation Limit,4.1,ng/L,,2025-04-18T14:28:39,STORET
21NYDECA_WQX,New York State Dec Division Of Water,21NYDECA_WQX-10-SABL_E-5.8_20230726T1345:CEC-00341,Sample-Routine,Water,,2023-07-26,17:45:00,EDT,,,,,,,,,,,,RIBS Screening,Rotating Integrated Basin Studies (RIBS) Screening,NYSDEC,21NYDECA_WQX-2559,10-SABL_E-5.8,,,,,44.3772330000,-73.7149300000,,,,,,STORET-1060251440,Not Detected,None,Perfluorooctane sulfonic acid,Total,,,U,Accepted,,,,,,,,,,,,,,,,,,,,,,1633,USEPA,"Analysis of Per- and Polyfluoroalkyl Substances (PFAS) in Aqueous, Solid, Biosolids, and Tissue Samples by LC-MS/MS",,,CASKEL,2023-08-09,,https://www.waterqualitydata.us/data/providers/STORET/organizations/21NYDECA_WQX/activities/21NYDECA_WQX-10-SABL_E-5.8_20230726T1345%3ACEC-00341/results/1060251440/resdetectqntlmts,Lower Quantitation Limit,4.3,ng/L,,2025-04-18T14:28:41,STORET
21NYDECA_WQX,New York State Dec Division Of Water,21NYDECA_WQX-10-BOQT-11.9_20230726T1230:CEC-00348,Sample-Routine,Water,,2023-07-26,16:30:00,EDT,,,,,,,,,,,,RIBS Screening,Rotating Integrated Basin Studies (RIBS) Screening,NYSDEC,21NYDECA_WQX-23926,10-BOQT-11.9,,,,,44.2525537786,-73.4058367767,,,,,,STORET-1060251537,Not Detected,None,Perfluorooctane sulfonic acid,Total,,,U,Accepted,,,,,,,,,,,,,,,,,,,,,,1633,USEPA,"Analysis of Per- and Polyfluoroalkyl Substances (PFAS) in Aqueous, Solid, Biosolids, and Tissue Samples by LC-MS/MS",,,CASKEL,2023-08-10,,https://www.waterqualitydata.us/data/providers/STORET/organizations/21NYDECA_WQX/activities/21NYDECA_WQX-10-BOQT-11.9_20230726T1230%3ACEC-00348/results/1060251537/resdetectqntlmts,Lower Quantitation Limit,4.3,ng/L,,2025-04-18T14:28:41,STORET
21NYDECA_WQX,New York State Dec Division Of Water,21NYDECA_WQX-17-BEVD-2.1_20230927T1300:CEC-00478,Sample-Routine,Water,,2023-09-27,17:00:00,EDT,,,,,,,,,,,,RIBS Screening,Rotating Integrated Basin Studies (RIBS) Screening,NYSDEC,21NYDECA_WQX-8352,17-BEVD-2.1,,,,,40.8276300000,-72.6586480000,,,,,,STORET-1060253647,,None,Perfluorooctane sulfonic acid,Total,2,ng/L,CON,Accepted,,Actual,,,,,,,,,,,,,,,,,,,,1633,USEPA,"Analysis of Per- and Polyfluoroalkyl Substances (PFAS) in Aqueous, Solid, Biosolids, and Tissue Samples by LC-MS/MS",,,CASKEL,2023-10-19,,https://www.waterqualitydata.us/data/providers/STORET/organizations/21NYDECA_WQX/activities/21NYDECA_WQX-17-BEVD-2.1_20230927T1300%3ACEC-00478/results/1060253647/resdetectqntlmts,Lower Quantitation Limit,4.5,ng/L,,2025-04-18T14:28:52,STORET
21NYDECA_WQX,New York State Dec Division Of Water,21NYDECA_WQX-1003FIS0124_DH_20230629T100000:CEC-00303,Sample-Routine,Water,,2023-06-29,10:00:00,EDT,,,,,,,,,,,,Lake Probability 21-25,Lake Probability Sampling 2021-2025,NYSDEC,21NYDECA_WQX-9830,1003FIS0124_DH,,,,,44.2982180400,-74.3587726500,,,,,,STORET-1060250769,Not Detected,None,Perfluorooctane sulfonic acid,Total,,,U,Accepted,,,,,,,,,,,,,,,,,,,,,,1633,USEPA,"Analysis of Per- and Polyfluoroalkyl Substances (PFAS) in Aqueous, Solid, Biosolids, and Tissue Samples by LC-MS/MS",,,CASKEL,2023-07-27,,https://www.waterqualitydata.us/data/providers/STORET/organizations/21NYDECA_WQX/activities/21NYDECA_WQX-1003FIS0124_DH_20230629T100000%3ACEC-00303/results/1060250769/resdetectqntlmts,Lower Quantitation Limit,4.1,ng/L,,2025-04-18T14:28:37,STORET
21NYDECA_WQX,New York State Dec Division Of Water,21NYDECA_WQX-1002UWB5009_DH_20230627T112500:CEC-00287,Sample-Routine,Water,,2023-06-27,11:25:00,EDT,,,,,,,,,,,,Lake Probability 21-25,Lake Probability Sampling 2021-2025,NYSDEC,21NYDECA_WQX-10563,1002UWB5009_DH,,,,,44.8781286900,-73.4227385300,,,,,,STORET-1060250577,Not Detected,None,Perfluorooctane sulfonic acid,Total,,,U,Accepted,,,,,,,,,,,,,,,,,,,,,,1633,USEPA,"Analysis of Per- and Polyfluoroalkyl Substances (PFAS) in Aqueous, Solid, Biosolids, and Tissue Samples by LC-MS/MS",,,CASKEL,2023-07-14,,https://www.waterqualitydata.us/data/providers/STORET/organizations/21NYDECA_WQX/activities/21NYDECA_WQX-1002UWB5009_DH_20230627T112500%3ACEC-00287/results/1060250577/resdetectqntlmts,Lower Quantitation Limit,4.1,ng/L,,2025-04-18T14:28:36,STORET
21NYDECA_WQX,New York State Dec Division Of Water,21NYDECA_WQX-17-MILI_T6-1.7_20230926T1030:CEC-00464,Sample-Routine,Water,,2023-09-26,14:30:00,EDT,,,,,,,,,,,,RIBS Screening,Rotating Integrated Basin Studies (RIBS) Screening,NYSDEC,21NYDECA_WQX-24005,17-MILI_T6-1.7,,,,,41.2422300810,-73.5288473680,,,,,,STORET-1060253417,,None,Perfluorooctane sulfonic acid,Total,2,ng/L,CON,Accepted,,Actual,,,,,,,,,,,,,,,,,,,,1633,USEPA,"Analysis of Per- and Polyfluoroalkyl Substances (PFAS) in Aqueous, Solid, Biosolids, and Tissue Samples by LC-MS/MS",,,CASKEL,2023-10-19,,https://www.waterqualitydata.us/data/providers/STORET/organizations/21NYDECA_WQX/activities/21NYDECA_WQX-17-MILI_T6-1.7_20230926T1030%3ACEC-00464/results/1060253417/resdetectqntlmts,Lower Quantitation Limit,4.5,ng/L,,2025-04-18T14:28:51,STORET
21NYDECA_WQX,New York State Dec Division Of Water,21NYDECA_WQX-0601SWE0174A_DH_20230718T143800:CEC-00318,Sample-Routine,Water,,2023-07-18,14:38:00,EDT,,,,,,,,,,,,Lake Probability 21-25,Lake Probability Sampling 2021-2025,NYSDEC,21NYDECA_WQX-5589,0601SWE0174A_DH,,,,,42.0985361300,-75.7377755700,,,,,,STORET-1060250996,,None,Perfluorooctane sulfonic acid,Total,4.5,ng/L,CON,Accepted,,Actual,,,,,,,,,,,,,,,,,,,,1633,USEPA,"Analysis of Per- and Polyfluoroalkyl Substances (PFAS) in Aqueous, Solid, Biosolids, and Tissue Samples by LC-MS/MS",,,CASKEL,2023-08-09,,https://www.waterqualitydata.us/data/providers/STORET/organizations/21NYDECA_WQX/activities/21NYDECA_WQX-0601SWE0174A_DH_20230718T143800%3ACEC-00318/results/1060250996/resdetectqntlmts,Lower Quantitation Limit,4.2,ng/L,,2025-04-18T14:28:38,STORET
21NYDECA_WQX,New York State Dec Division Of Water,21NYDECA_WQX-1702BRY1106_DH_20230905T143200:CEC-00439,Sample-Routine,Water,,2023-09-05,14:32:00,EDT,,,,,,,,,,,,Lake Probability 21-25,Lake Probability Sampling 2021-2025,NYSDEC,21NYDECA_WQX-23567,1702BRY1106_DH,,,,,41.1728000000,-73.6932900000,,,,,,STORET-1060253007,,None,Perfluorooctane sulfonic acid,Total,2.3,ng/L,CON,Accepted,,Actual,,,,,,,,,,,,,,,,,,,,1633,USEPA,"Analysis of Per- and Polyfluoroalkyl Substances (PFAS) in Aqueous, Solid, Biosolids, and Tissue Samples by LC-MS/MS",,,CASKEL,2023-10-04,,https://www.waterqualitydata.us/data/providers/STORET/organizations/21NYDECA_WQX/activities/21NYDECA_WQX-1702BRY1106_DH_20230905T143200%3ACEC-00439/results/1060253007/resdetectqntlmts,Lower Quantitation Limit,4,ng/L,,2025-04-18T14:28:49,STORET
21NYDECA_WQX,New York State Dec Division Of Water,21NYDECA_WQX-06-CSPR-3.5_20230824T0930:CEC-00379,Sample-Routine,Water,,2023-08-24,13:30:00,EDT,,,,,,,,,,,,RIBS Screening,Rotating Integrated Basin Studies (RIBS) Screening,NYSDEC,21NYDECA_WQX-23908,06-CSPR-3.5,,,,,42.7200391820,-75.5749001407,,,,,,STORET-1060252043,Not Detected,None,Perfluorooctane sulfonic acid,Total,,,U,Accepted,,,,,,,,,,,,,,,,,,,,,,1633,USEPA,"Analysis of Per- and Polyfluoroalkyl Substances (PFAS) in Aqueous, Solid, Biosolids, and Tissue Samples by LC-MS/MS",,,CASKEL,2023-09-15,,https://www.waterqualitydata.us/data/providers/STORET/organizations/21NYDECA_WQX/activities/21NYDECA_WQX-06-CSPR-3.5_20230824T0930%3ACEC-00379/results/1060252043/resdetectqntlmts,Lower Quantitation Limit,4.6,ng/L,,2025-04-18T14:28:44,STORET
21NYDECA_WQX,New York State Dec Division Of Water,21NYDECA_WQX-17-CONQ-1.4_20230927T1345:CEC-00492,Sample-Routine,Water,,2023-09-27,17:45:00,EDT,,,,,,,,,,,,RIBS Screening,Rotating Integrated Basin Studies (RIBS) Screening,NYSDEC,21NYDECA_WQX-8500,17-CONQ-1.4,,,,,40.7630600000,-73.1516700000,,,,,,STORET-1060253917,,None,Perfluorooctane sulfonic acid,Total,11,ng/L,CON,Accepted,,Actual,,,,,,,,,,,,,,,,,,,,1633,USEPA,"Analysis of Per- and Polyfluoroalkyl Substances (PFAS) in Aqueous, Solid, Biosolids, and Tissue Samples by LC-MS/MS",,,CASKEL,2023-11-08,,https://www.waterqualitydata.us/data/providers/STORET/organizations/21NYDECA_WQX/activities/21NYDECA_WQX-17-CONQ-1.4_20230927T1345%3ACEC-00492/results/1060253917/resdetectqntlmts,Lower Quantitation Limit,4.5,ng/L,,2025-04-18T14:28:54,STORET
21NYDECA_WQX,New York State Dec Division Of Water,21NYDECA_WQX-1005BUT5350_DH_20230921T104500:CEC-00391,Sample-Routine,Water,,2023-09-21,10:45:00,EDT,,,,,,,,,,,,Lake Probability 21-25,Lake Probability Sampling 2021-2025,NYSDEC,21NYDECA_WQX-17213,1005BUT5350_DH,,,,,43.3492050200,-73.7273483300,,,,,,STORET-1060252267,Not Detected,None,Perfluorooctane sulfonic acid,Total,,,U,Accepted,,,,,,,,,,,,,,,,,,,,,,1633,USEPA,"Analysis of Per- and Polyfluoroalkyl Substances (PFAS) in Aqueous, Solid, Biosolids, and Tissue Samples by LC-MS/MS",,,CASKEL,2023-10-18,,https://www.waterqualitydata.us/data/providers/STORET/organizations/21NYDECA_WQX/activities/21NYDECA_WQX-1005BUT5350_DH_20230921T104500%3ACEC-00391/results/1060252267/resdetectqntlmts,Lower Quantitation Limit,4.3,ng/L,,2025-04-18T14:28:45,STORET
21NYDECA_WQX,New York State Dec Division Of Water,21NYDECA_WQX-1702GRA1055_DH_20230613T103600:CEC-00283,Sample-Routine,Water,,2023-06-13,10:36:00,EDT,,,,,,,,,,,,Lake Probability 21-25,Lake Probability Sampling 2021-2025,NYSDEC,21NYDECA_WQX-23595,1702GRA1055_DH,,,,,40.9615540000,-73.8515630000,,,,,,STORET-1060250485,,None,Perfluorooctane sulfonic acid,Total,3.8,ng/L,CON,Accepted,,Actual,,,,,,,,,,,,,,,,,,,,1633,USEPA,"Analysis of Per- and Polyfluoroalkyl Substances (PFAS) in Aqueous, Solid, Biosolids, and Tissue Samples by LC-MS/MS",,,CASKEL,2023-06-28,,https://www.waterqualitydata.us/data/providers/STORET/organizations/21NYDECA_WQX/activities/21NYDECA_WQX-1702GRA1055_DH_20230613T103600%3ACEC-00283/results/1060250485/resdetectqntlmts,Lower Quantitation Limit,4.1,ng/L,,2025-04-18T14:28:36,STORET
21NYDECA_WQX,New York State Dec Division Of Water,21NYDECA_WQX-10-GRAV-7.8_20230725T1200:CEC-00322,Sample-Routine,Water,,2023-07-25,16:00:00,EDT,,,,,,,,,,,,RIBS Screening,Rotating Integrated Basin Studies (RIBS) Screening,NYSDEC,21NYDECA_WQX-23934,10-GRAV-7.8,,,,,44.8654337469,-73.7851535329,,,,,,STORET-1060251121,,None,Perfluorooctane sulfonic acid,Total,2.8,ng/L,CON,Accepted,,Actual,,,,,,,,,,,,,,,,,,,,1633,USEPA,"Analysis of Per- and Polyfluoroalkyl Substances (PFAS) in Aqueous, Solid, Biosolids, and Tissue Samples by LC-MS/MS",,,CASKEL,2023-08-21,,https://www.waterqualitydata.us/data/providers/STORET/organizations/21NYDECA_WQX/activities/21NYDECA_WQX-10-GRAV-7.8_20230725T1200%3ACEC-00322/results/1060251121/resdetectqntlmts,Lower Quantitation Limit,4.4,ng/L,,2025-04-18T14:28:39,STORET
21NYDECA_WQX,New York State Dec Division Of Water,21NYDECA_WQX-1004CHA0274_DH_20230810T133000:CEC-00408,Sample-Routine,Water,,2023-08-10,13:30:00,EDT,,,,,,,,,,,,Lake Probability 21-25,Lake Probability Sampling 2021-2025,NYSDEC,21NYDECA_WQX-16489,1004CHA0274_DH,,,,,44.1398688900,-73.7475662000,,,,,,STORET-1060252542,Not Detected,None,Perfluorooctane sulfonic acid,Total,,,U,Accepted,,,,,,,,,,,,,,,,,,,,,,1633,USEPA,"Analysis of Per- and Polyfluoroalkyl Substances (PFAS) in Aqueous, Solid, Biosolids, and Tissue Samples by LC-MS/MS",,,CASKEL,2023-09-11,,https://www.waterqualitydata.us/data/providers/STORET/organizations/21NYDECA_WQX/activities/21NYDECA_WQX-1004CHA0274_DH_20230810T133000%3ACEC-00408/results/1060252542/resdetectqntlmts,Lower Quantitation Limit,4.1,ng/L,,2025-04-18T14:28:47,STORET
21NYDECA_WQX,New York State Dec Division Of Water,21NYDECA_WQX-0602MAS5678_DH_20230831T112500:CEC-00434,Sample-Routine,Water,,2023-08-31,11:25:00,EDT,,,,,,,,,,,,Lake Probability 21-25,Lake Probability Sampling 2021-2025,NYSDEC,21NYDECA_WQX-4720,0602MAS5678_DH,,,,,42.7698138400,-76.0758776000,,,,,,STORET-1060252955,Not Detected,None,Perfluorooctane sulfonic acid,Total,,,U,Accepted,,,,,,,,,,,,,,,,,,,,,,1633,USEPA,"Analysis of Per- and Polyfluoroalkyl Substances (PFAS) in Aqueous, Solid, Biosolids, and Tissue Samples by LC-MS/MS",,,CASKEL,2023-09-21,,https://www.waterqualitydata.us/data/providers/STORET/organizations/21NYDECA_WQX/activities/21NYDECA_WQX-0602MAS5678_DH_20230831T112500%3ACEC-00434/results/1060252955/resdetectqntlmts,Lower Quantitation Limit,4,ng/L,,2025-04-18T14:28:49,STORET
21NYDECA_WQX,New York State Dec Division Of Water,21NYDECA_WQX-1003CHU0056_DH_20230809T131900:CEC-00404,Sample-Routine,Water,,2023-08-09,13:19:00,EDT,,,,,,,,,,,,Lake Probability 21-25,Lake Probability Sampling 2021-2025,NYSDEC,21NYDECA_WQX-11006,1003CHU0056_DH,,,,,44.5239705800,-74.1007924000,,,,,,STORET-1060252382,Not Detected,None,Perfluorooctane sulfonic acid,Total,,,U,Accepted,,,,,,,,,,,,,,,,,,,,,,1633,USEPA,"Analysis of Per- and Polyfluoroalkyl Substances (PFAS) in Aqueous, Solid, Biosolids, and Tissue Samples by LC-MS/MS",,,CASKEL,2023-08-21,,https://www.waterqualitydata.us/data/providers/STORET/organizations/21NYDECA_WQX/activities/21NYDECA_WQX-1003CHU0056_DH_20230809T131900%3ACEC-00404/results/1060252382/resdetectqntlmts,Lower Quantitation Limit,4.1,ng/L,,2025-04-18T14:28:46,STORET
21NYDECA_WQX,New York State Dec Division Of Water,21NYDECA_WQX-1003CRA0075_DH_20230919T140000:CEC-00451,Sample-Routine,Water,,2023-09-19,14:00:00,EDT,,,,,,,,,,,,Lake Probability 21-25,Lake Probability Sampling 2021-2025,NYSDEC,21NYDECA_WQX-11021,1003CRA0075_DH,,,,,44.4717041200,-73.9015444300,,,,,,STORET-1060253197,Not Detected,None,Perfluorooctane sulfonic acid,Total,,,U,Accepted,,,,,,,,,,,,,,,,,,,,,,1633,USEPA,"Analysis of Per- and Polyfluoroalkyl Substances (PFAS) in Aqueous, Solid, Biosolids, and Tissue Samples by LC-MS/MS",,,CASKEL,2023-10-12,,https://www.waterqualitydata.us/data/providers/STORET/organizations/21NYDECA_WQX/activities/21NYDECA_WQX-1003CRA0075_DH_20230919T140000%3ACEC-00451/results/1060253197/resdetectqntlmts,Lower Quantitation Limit,4.2,ng/L,,2025-04-18T14:28:50,STORET
21NYDECA_WQX,New York State Dec Division Of Water,21NYDECA_WQX-1004DAV0210C_DH_20230628T072300:CEC-00304,Sample-Routine,Water,,2023-06-28,07:23:00,EDT,,,,,,,,,,,,Lake Probability 21-25,Lake Probability Sampling 2021-2025,NYSDEC,21NYDECA_WQX-16613,1004DAV0210C_DH,,,,,44.6176516000,-73.6086520900,,,,,,STORET-1060250808,Not Detected,None,Perfluorooctane sulfonic acid,Total,,,U,Accepted,,,,,,,,,,,,,,,,,,,,,,1633,USEPA,"Analysis of Per- and Polyfluoroalkyl Substances (PFAS) in Aqueous, Solid, Biosolids, and Tissue Samples by LC-MS/MS",,,CASKEL,2023-07-27,,https://www.waterqualitydata.us/data/providers/STORET/organizations/21NYDECA_WQX/activities/21NYDECA_WQX-1004DAV0210C_DH_20230628T072300%3ACEC-00304/results/1060250808/resdetectqntlmts,Lower Quantitation Limit,4,ng/L,,2025-04-18T14:28:37,STORET
21NYDECA_WQX,New York State Dec Division Of Water,21NYDECA_WQX-17-MIAN-13.3_20230926T1330:CEC-00462,Sample-Routine,Water,,2023-09-26,17:30:00,EDT,,,,,,,,,,,,RIBS Screening,Rotating Integrated Basin Studies (RIBS) Screening,NYSDEC,21NYDECA_WQX-8660,17-MIAN-13.3,,,,,41.1938900000,-73.6247200000,,,,,,STORET-1060253337,,None,Perfluorooctane sulfonic acid,Total,3.3,ng/L,CON,Accepted,,Actual,,,,,,,,,,,,,,,,,,,,1633,USEPA,"Analysis of Per- and Polyfluoroalkyl Substances (PFAS) in Aqueous, Solid, Biosolids, and Tissue Samples by LC-MS/MS",,,CASKEL,2023-10-18,,https://www.waterqualitydata.us/data/providers/STORET/organizations/21NYDECA_WQX/activities/21NYDECA_WQX-17-MIAN-13.3_20230926T1330%3ACEC-00462/results/1060253337/resdetectqntlmts,Lower Quantitation Limit,4.4,ng/L,,2025-04-18T14:28:51,STORET
21NYDECA_WQX,New York State Dec Division Of Water,21NYDECA_WQX-1701RON0304_DH_20230614T091600:CEC-00285,Sample-Routine,Water,,2023-06-14,09:16:00,EDT,,,,,,,,,,,,Lake Probability 21-25,Lake Probability Sampling 2021-2025,NYSDEC,21NYDECA_WQX-20002,1701RON0304_DH,,,,,40.8237500000,-73.1200000000,,,,,,STORET-1060250531,,None,Perfluorooctane sulfonic acid,Total,6,ng/L,CON,Accepted,,Actual,,,,,,,,,,,,,,,,,,,,1633,USEPA,"Analysis of Per- and Polyfluoroalkyl Substances (PFAS) in Aqueous, Solid, Biosolids, and Tissue Samples by LC-MS/MS",,,CASKEL,2023-07-06,,https://www.waterqualitydata.us/data/providers/STORET/organizations/21NYDECA_WQX/activities/21NYDECA_WQX-1701RON0304_DH_20230614T091600%3ACEC-00285/results/1060250531/resdetectqntlmts,Lower Quantitation Limit,4.2,ng/L,,2025-04-18T14:28:36,STORET
21NYDECA_WQX,New York State Dec Division Of Water,21NYDECA_WQX-17-MILI_T5-0.6_20230926T1230:CEC-00463,Sample-Routine,Water,,2023-09-26,16:30:00,EDT,,,,,,,,,,,,RIBS Screening,Rotating Integrated Basin Studies (RIBS) Screening,NYSDEC,21NYDECA_WQX-24004,17-MILI_T5-0.6,,,,,41.2122533381,-73.5672581909,,,,,,STORET-1060253377,,None,Perfluorooctane sulfonic acid,Total,2.9,ng/L,CON,Accepted,,Actual,,,,,,,,,,,,,,,,,,,,1633,USEPA,"Analysis of Per- and Polyfluoroalkyl Substances (PFAS) in Aqueous, Solid, Biosolids, and Tissue Samples by LC-MS/MS",,,CASKEL,2023-10-18,,https://www.waterqualitydata.us/data/providers/STORET/organizations/21NYDECA_WQX/activities/21NYDECA_WQX-17-MILI_T5-0.6_20230926T1230%3ACEC-00463/results/1060253377/resdetectqntlmts,Lower Quantitation Limit,4.5,ng/L,,2025-04-18T14:28:51,STORET
21NYDECA_WQX,New York State Dec Division Of Water,21NYDECA_WQX-10-CBRK-4.1_20230726T0900:CEC-00329,Sample-Routine,Water,,2023-07-26,13:00:00,EDT,,,,,,,,,,,,RIBS Screening,Rotating Integrated Basin Studies (RIBS) Screening,NYSDEC,21NYDECA_WQX-23929,10-CBRK-4.1,,,,,44.6206477969,-73.9043557274,,,,,,STORET-1060251179,Not Detected,None,Perfluorooctane sulfonic acid,Total,,,U,Accepted,,,,,,,,,,,,,,,,,,,,,,1633,USEPA,"Analysis of Per- and Polyfluoroalkyl Substances (PFAS) in Aqueous, Solid, Biosolids, and Tissue Samples by LC-MS/MS",,,CASKEL,2023-08-09,,https://www.waterqualitydata.us/data/providers/STORET/organizations/21NYDECA_WQX/activities/21NYDECA_WQX-10-CBRK-4.1_20230726T0900%3ACEC-00329/results/1060251179/resdetectqntlmts,Lower Quantitation Limit,4.4,ng/L,,2025-04-18T14:28:39,STORET
21NYDECA_WQX,New York State Dec Division Of Water,21NYDECA_WQX-17-MILI-2.9_20230926T1130:CEC-00465,Sample-Routine,Water,,2023-09-26,15:30:00,EDT,,,,,,,,,,,,RIBS Screening,Rotating Integrated Basin Studies (RIBS) Screening,NYSDEC,21NYDECA_WQX-8666,17-MILI-2.9,,,,,41.2125000000,-73.5530500000,,,,,,STORET-1060253457,,None,Perfluorooctane sulfonic acid,Total,1.9,ng/L,CON,Accepted,,Actual,,,,,,,,,,,,,,,,,,,,1633,USEPA,"Analysis of Per- and Polyfluoroalkyl Substances (PFAS) in Aqueous, Solid, Biosolids, and Tissue Samples by LC-MS/MS",,,CASKEL,2023-10-19,,https://www.waterqualitydata.us/data/providers/STORET/organizations/21NYDECA_WQX/activities/21NYDECA_WQX-17-MILI-2.9_20230926T1130%3ACEC-00465/results/1060253457/resdetectqntlmts,Lower Quantitation Limit,4.5,ng/L,,2025-04-18T14:28:51,STORET
21NYDECA_WQX,New York State Dec Division Of Water,21NYDECA_WQX-10-BOQT-28.5_20230726T1330:CEC-00349,Sample-Routine,Water,,2023-07-26,17:30:00,EDT,,,,,,,,,,,,RIBS Screening,Rotating Integrated Basin Studies (RIBS) Screening,NYSDEC,21NYDECA_WQX-2679,10-BOQT-28.5,,,,,44.2200300000,-73.5855200000,,,,,,STORET-1060251577,Not Detected,None,Perfluorooctane sulfonic acid,Total,,,U,Accepted,,,,,,,,,,,,,,,,,,,,,,1633,USEPA,"Analysis of Per- and Polyfluoroalkyl Substances (PFAS) in Aqueous, Solid, Biosolids, and Tissue Samples by LC-MS/MS",,,CASKEL,2023-08-10,,https://www.waterqualitydata.us/data/providers/STORET/organizations/21NYDECA_WQX/activities/21NYDECA_WQX-10-BOQT-28.5_20230726T1330%3ACEC-00349/results/1060251577/resdetectqntlmts,Lower Quantitation Limit,4.3,ng/L,,2025-04-18T14:28:41,STORET
21NYDECA_WQX,New York State Dec Division Of Water,21NYDECA_WQX-10-SABL_W-19.0_20230726T1015:CEC-00393,Sample-Routine,Water,,2023-07-26,14:15:00,EDT,,,,,,,,,,,,RIBS Screening,Rotating Integrated Basin Studies (RIBS) Screening,NYSDEC,21NYDECA_WQX-23949,10-SABL_W-19.0,,,,,44.3041525730,-73.9214766555,,,,,,STORET-1060252312,Not Detected,None,Perfluorooctane sulfonic acid,Total,,,U,Accepted,,,,,,,,,,,,,,,,,,,,,,1633,USEPA,"Analysis of Per- and Polyfluoroalkyl Substances (PFAS) in Aqueous, Solid, Biosolids, and Tissue Samples by LC-MS/MS",,,CASKEL,2023-08-21,,https://www.waterqualitydata.us/data/providers/STORET/organizations/21NYDECA_WQX/activities/21NYDECA_WQX-10-SABL_W-19.0_20230726T1015%3ACEC-00393/results/1060252312/resdetectqntlmts,Lower Quantitation Limit,4.4,ng/L,,2025-04-18T14:28:45,STORET
21NYDECA_WQX,New York State Dec Division Of Water,21NYDECA_WQX-06-CHAR-24.8_20230822T0830:CEC-00360,Sample-Routine,Water,,2023-08-22,12:30:00,EDT,,,,,,,,,,,,RIBS Screening,Rotating Integrated Basin Studies (RIBS) Screening,NYSDEC,21NYDECA_WQX-23905,06-CHAR-24.8,,,,,42.5439980288,-74.6634513700,,,,,,STORET-1060251761,Not Detected,None,Perfluorooctane sulfonic acid,Total,,,U,Accepted,,,,,,,,,,,,,,,,,,,,,,1633,USEPA,"Analysis of Per- and Polyfluoroalkyl Substances (PFAS) in Aqueous, Solid, Biosolids, and Tissue Samples by LC-MS/MS",,,CASKEL,2023-09-15,,https://www.waterqualitydata.us/data/providers/STORET/organizations/21NYDECA_WQX/activities/21NYDECA_WQX-06-CHAR-24.8_20230822T0830%3ACEC-00360/results/1060251761/resdetectqntlmts,Lower Quantitation Limit,4.6,ng/L,,2025-04-18T14:28:42,STORET
21NYDECA_WQX,New York State Dec Division Of Water,21NYDECA_WQX-1003COL0106_DH_20230808T133000:CEC-00406,Sample-Routine,Water,,2023-08-08,13:30:00,EDT,,,,,,,,,,,,Lake Probability 21-25,Lake Probability Sampling 2021-2025,NYSDEC,21NYDECA_WQX-11017,1003COL0106_DH,,,,,44.3458850000,-74.1481920000,,,,,,STORET-1060252462,,None,Perfluorooctane sulfonic acid,Total,3.6,ng/L,CON,Accepted,,Actual,,,,,,,,,,,,,,,,,,,,1633,USEPA,"Analysis of Per- and Polyfluoroalkyl Substances (PFAS) in Aqueous, Solid, Biosolids, and Tissue Samples by LC-MS/MS",,,CASKEL,2023-09-11,,https://www.waterqualitydata.us/data/providers/STORET/organizations/21NYDECA_WQX/activities/21NYDECA_WQX-1003COL0106_DH_20230808T133000%3ACEC-00406/results/1060252462/resdetectqntlmts,Lower Quantitation Limit,4.1,ng/L,,2025-04-18T14:28:46,STORET
21NYDECA_WQX,New York State Dec Division Of Water,21NYDECA_WQX-10-TROK-7.5_20230727T1000:CEC-00343,Sample-Routine,Water,,2023-07-27,14:00:00,EDT,,,,,,,,,,,,RIBS Screening,Rotating Integrated Basin Studies (RIBS) Screening,NYSDEC,21NYDECA_WQX-23952,10-TROK-7.5,,,,,43.8108480573,-73.4925048534,,,,,,STORET-1060251486,Not Detected,None,Perfluorooctane sulfonic acid,Total,,,U,Accepted,,,,,,,,,,,,,,,,,,,,,,1633,USEPA,"Analysis of Per- and Polyfluoroalkyl Substances (PFAS) in Aqueous, Solid, Biosolids, and Tissue Samples by LC-MS/MS",,,CASKEL,2023-08-10,,https://www.waterqualitydata.us/data/providers/STORET/organizations/21NYDECA_WQX/activities/21NYDECA_WQX-10-TROK-7.5_20230727T1000%3ACEC-00343/results/1060251486/resdetectqntlmts,Lower Quantitation Limit,4.4,ng/L,,2025-04-18T14:28:41,STORET
21NYDECA_WQX,New York State Dec Division Of Water,21NYDECA_WQX-10-DERB-2.7_20230725T1400:CEC-00339,Sample-Routine,Water,,2023-07-25,18:00:00,EDT,,,,,,,,,,,,RIBS Screening,Rotating Integrated Basin Studies (RIBS) Screening,NYSDEC,21NYDECA_WQX-23931,10-DERB-2.7,,,,,44.2993606825,-73.5952315200,,,,,,STORET-1060251394,Not Detected,None,Perfluorooctane sulfonic acid,Total,,,U,Accepted,,,,,,,,,,,,,,,,,,,,,,1633,USEPA,"Analysis of Per- and Polyfluoroalkyl Substances (PFAS) in Aqueous, Solid, Biosolids, and Tissue Samples by LC-MS/MS",,,CASKEL,2023-08-09,,https://www.waterqualitydata.us/data/providers/STORET/organizations/21NYDECA_WQX/activities/21NYDECA_WQX-10-DERB-2.7_20230725T1400%3ACEC-00339/results/1060251394/resdetectqntlmts,Lower Quantitation Limit,4.3,ng/L,,2025-04-18T14:28:40,STORET
21NYDECA_WQX,New York State Dec Division Of Water,21NYDECA_WQX-10-FAYB-1.0_20230726T1400:CEC-00331,Sample-Routine,Water,,2023-07-26,18:00:00,EDT,,,,,,,,,,,,RIBS Screening,Rotating Integrated Basin Studies (RIBS) Screening,NYSDEC,21NYDECA_WQX-23932,10-FAYB-1.0,,,,,44.3804896900,-74.1918978269,,,,,,STORET-1060251259,Not Detected,None,Perfluorooctane sulfonic acid,Total,,,U,Accepted,,,,,,,,,,,,,,,,,,,,,,1633,USEPA,"Analysis of Per- and Polyfluoroalkyl Substances (PFAS) in Aqueous, Solid, Biosolids, and Tissue Samples by LC-MS/MS",,,CASKEL,2023-08-09,,https://www.waterqualitydata.us/data/providers/STORET/organizations/21NYDECA_WQX/activities/21NYDECA_WQX-10-FAYB-1.0_20230726T1400%3ACEC-00331/results/1060251259/resdetectqntlmts,Lower Quantitation Limit,4.4,ng/L,,2025-04-18T14:28:40,STORET
21NYDECA_WQX,New York State Dec Division Of Water,21NYDECA_WQX-06-SUSQ_T16-0.1_20230823T1252:CEC-00366,Sample-Routine,Water,,2023-08-23,16:52:00,EDT,,,,,,,,,,,,RIBS Screening,Rotating Integrated Basin Studies (RIBS) Screening,NYSDEC,21NYDECA_WQX-23920,06-SUSQ_T16-0.1,,,,,42.0867420457,-76.3112886944,,,,,,STORET-1060251853,Not Detected,None,Perfluorooctane sulfonic acid,Total,,,U,Accepted,,,,,,,,,,,,,,,,,,,,,,1633,USEPA,"Analysis of Per- and Polyfluoroalkyl Substances (PFAS) in Aqueous, Solid, Biosolids, and Tissue Samples by LC-MS/MS",,,CASKEL,2023-09-15,,https://www.waterqualitydata.us/data/providers/STORET/organizations/21NYDECA_WQX/activities/21NYDECA_WQX-06-SUSQ_T16-0.1_20230823T1252%3ACEC-00366/results/1060251853/resdetectqntlmts,Lower Quantitation Limit,4.6,ng/L,,2025-04-18T14:28:43,STORET
21NYDECA_WQX,New York State Dec Division Of Water,21NYDECA_WQX-1004BUT0218_DH_20230629T113900:CEC-00305,Sample-Routine,Water,,2023-06-29,11:39:00,EDT,,,,,,,,,,,,Lake Probability 21-25,Lake Probability Sampling 2021-2025,NYSDEC,21NYDECA_WQX-16487,1004BUT0218_DH,,,,,44.4278319900,-73.4983818800,,,,,,STORET-1060250847,Not Detected,None,Perfluorooctane sulfonic acid,Total,,,U,Accepted,,,,,,,,,,,,,,,,,,,,,,1633,USEPA,"Analysis of Per- and Polyfluoroalkyl Substances (PFAS) in Aqueous, Solid, Biosolids, and Tissue Samples by LC-MS/MS",,,CASKEL,2023-07-27,,https://www.waterqualitydata.us/data/providers/STORET/organizations/21NYDECA_WQX/activities/21NYDECA_WQX-1004BUT0218_DH_20230629T113900%3ACEC-00305/results/1060250847/resdetectqntlmts,Lower Quantitation Limit,4.1,ng/L,,2025-04-18T14:28:38,STORET
21NYDECA_WQX,New York State Dec Division Of Water,21NYDECA_WQX-17-BRNX-12.3_20230926T1115:CEC-00473,Sample-Routine,Water,,2023-09-26,15:15:00,EDT,,,,,,,,,,,,RIBS Screening,Rotating Integrated Basin Studies (RIBS) Screening,NYSDEC,21NYDECA_WQX-8363,17-BRNX-12.3,,,,,40.9594400000,-73.8219950000,,,,,,STORET-1060253595,,None,Perfluorooctane sulfonic acid,Total,4.7,ng/L,CON,Accepted,,Actual,,,,,,,,,,,,,,,,,,,,1633,USEPA,"Analysis of Per- and Polyfluoroalkyl Substances (PFAS) in Aqueous, Solid, Biosolids, and Tissue Samples by LC-MS/MS",,,CASKEL,2023-11-01,,https://www.waterqualitydata.us/data/providers/STORET/organizations/21NYDECA_WQX/activities/21NYDECA_WQX-17-BRNX-12.3_20230926T1115%3ACEC-00473/results/1060253595/resdetectqntlmts,Lower Quantitation Limit,4.4,ng/L,,2025-04-18T14:28:52,STORET
21NYDECA_WQX,New York State Dec Division Of Water,21NYDECA_WQX-17-PENA-1.1_20230927T0900:CEC-00487,Sample-Routine,Water,,2023-09-27,13:00:00,EDT,,,,,,,,,,,,RIBS Screening,Rotating Integrated Basin Studies (RIBS) Screening,NYSDEC,21NYDECA_WQX-8799,17-PENA-1.1,,,,,40.7274700000,-73.2442700000,,,,,,STORET-1060253785,,None,Perfluorooctane sulfonic acid,Total,17,ng/L,CON,Accepted,,Actual,,,,,,,,,,,,,,,,,,,,1633,USEPA,"Analysis of Per- and Polyfluoroalkyl Substances (PFAS) in Aqueous, Solid, Biosolids, and Tissue Samples by LC-MS/MS",,,CASKEL,2023-10-19,,https://www.waterqualitydata.us/data/providers/STORET/organizations/21NYDECA_WQX/activities/21NYDECA_WQX-17-PENA-1.1_20230927T0900%3ACEC-00487/results/1060253785/resdetectqntlmts,Lower Quantitation Limit,4.5,ng/L,,2025-04-18T14:28:53,STORET
21NYDECA_WQX,New York State Dec Division Of Water,21NYDECA_WQX-1005RAT5336_DH_20230919T113500:CEC-00444,Sample-Routine,Water,,2023-09-19,11:35:00,EDT,,,,,,,,,,,,Lake Probability 21-25,Lake Probability Sampling 2021-2025,NYSDEC,21NYDECA_WQX-17490,1005RAT5336_DH,,,,,43.4237642100,-73.2566368600,,,,,,STORET-1060253139,Not Detected,None,Perfluorooctane sulfonic acid,Total,,,U,Accepted,,,,,,,,,,,,,,,,,,,,,,1633,USEPA,"Analysis of Per- and Polyfluoroalkyl Substances (PFAS) in Aqueous, Solid, Biosolids, and Tissue Samples by LC-MS/MS",,,CASKEL,2023-10-13,,https://www.waterqualitydata.us/data/providers/STORET/organizations/21NYDECA_WQX/activities/21NYDECA_WQX-1005RAT5336_DH_20230919T113500%3ACEC-00444/results/1060253139/resdetectqntlmts,Lower Quantitation Limit,4.3,ng/L,,2025-04-18T14:28:50,STORET
21NYDECA_WQX,New York State Dec Division Of Water,21NYDECA_WQX-06-TOGH_E_T3-5.3_20230823T1330:CEC-00378,Sample-Routine,Water,,2023-08-23,17:30:00,EDT,,,,,,,,,,,,RIBS Screening,Rotating Integrated Basin Studies (RIBS) Screening,NYSDEC,21NYDECA_WQX-23921,06-TOGH_E_T3-5.3,,,,,42.6784127691,-76.1331368921,,,,,,STORET-1060252003,,None,Perfluorooctane sulfonic acid,Total,2,ng/L,ISAC,Accepted,,Actual,,,,,,,,,,,,,,,,,,,,1633,USEPA,"Analysis of Per- and Polyfluoroalkyl Substances (PFAS) in Aqueous, Solid, Biosolids, and Tissue Samples by LC-MS/MS",,,CASKEL,2023-09-15,,https://www.waterqualitydata.us/data/providers/STORET/organizations/21NYDECA_WQX/activities/21NYDECA_WQX-06-TOGH_E_T3-5.3_20230823T1330%3ACEC-00378/results/1060252003/resdetectqntlmts,Lower Quantitation Limit,4.7,ng/L,,2025-04-18T14:28:44,STORET
21NYDECA_WQX,New York State Dec Division Of Water,21NYDECA_WQX-0601GOO0360_DH_20230815T124500:CEC-00419,Sample-Routine,Water,,2023-08-15,12:45:00,EDT,,,,,,,,,,,,Lake Probability 21-25,Lake Probability Sampling 2021-2025,NYSDEC,21NYDECA_WQX-5296,0601GOO0360_DH,,,,,42.5071600000,-74.9823330000,,,,,,STORET-1060252652,Not Detected,None,Perfluorooctane sulfonic acid,Total,,,U,Accepted,,,,,,,,,,,,,,,,,,,,,,1633,USEPA,"Analysis of Per- and Polyfluoroalkyl Substances (PFAS) in Aqueous, Solid, Biosolids, and Tissue Samples by LC-MS/MS",,,CASKEL,2023-09-12,,https://www.waterqualitydata.us/data/providers/STORET/organizations/21NYDECA_WQX/activities/21NYDECA_WQX-0601GOO0360_DH_20230815T124500%3ACEC-00419/results/1060252652/resdetectqntlmts,Lower Quantitation Limit,4.3,ng/L,,2025-04-18T14:28:47,STORET
21NYDECA_WQX,New York State Dec Division Of Water,21NYDECA_WQX-0602PET0078_DH_20230816T104500:CEC-00422,Sample-Routine,Water,,2023-08-16,10:45:00,EDT,,,,,,,,,,,,Lake Probability 21-25,Lake Probability Sampling 2021-2025,NYSDEC,21NYDECA_WQX-4744,0602PET0078_DH,,,,,42.3523400000,-75.7989400000,,,,,,STORET-1060252772,Not Detected,None,Perfluorooctane sulfonic acid,Total,,,U,Accepted,,,,,,,,,,,,,,,,,,,,,,1633,USEPA,"Analysis of Per- and Polyfluoroalkyl Substances (PFAS) in Aqueous, Solid, Biosolids, and Tissue Samples by LC-MS/MS",,,CASKEL,2023-09-12,,https://www.waterqualitydata.us/data/providers/STORET/organizations/21NYDECA_WQX/activities/21NYDECA_WQX-0602PET0078_DH_20230816T104500%3ACEC-00422/results/1060252772/resdetectqntlmts,Lower Quantitation Limit,4.3,ng/L,,2025-04-18T14:28:48,STORET
21NYDECA_WQX,New York State Dec Division Of Water,21NYDECA_WQX-1003SUN0188_DH_20230628T100100:CEC-00302,Sample-Routine,Water,,2023-06-28,10:01:00,EDT,,,,,,,,,,,,Lake Probability 21-25,Lake Probability Sampling 2021-2025,NYSDEC,21NYDECA_WQX-16035,1003SUN0188_DH,,,,,44.3462387700,-74.3001707300,,,,,,STORET-1060250730,Not Detected,None,Perfluorooctane sulfonic acid,Total,,,U,Accepted,,,,,,,,,,,,,,,,,,,,,,1633,USEPA,"Analysis of Per- and Polyfluoroalkyl Substances (PFAS) in Aqueous, Solid, Biosolids, and Tissue Samples by LC-MS/MS",,,CASKEL,2023-07-27,,https://www.waterqualitydata.us/data/providers/STORET/organizations/21NYDECA_WQX/activities/21NYDECA_WQX-1003SUN0188_DH_20230628T100100%3ACEC-00302/results/1060250730/resdetectqntlmts,Lower Quantitation Limit,4.1,ng/L,,2025-04-18T14:28:37,STORET
21NYDECA_WQX,New York State Dec Division Of Water,21NYDECA_WQX-17-BLND_T2-3.6_20230926T1200:CEC-00470,Sample-Routine,Water,,2023-09-26,16:00:00,EDT,,,,,,,,,,,,RIBS Screening,Rotating Integrated Basin Studies (RIBS) Screening,NYSDEC,21NYDECA_WQX-23998,17-BLND_T2-3.6,,,,,41.0515639766,-73.7069770125,,,,,,STORET-1060253509,,None,Perfluorooctane sulfonic acid,Total,1.9,ng/L,CON,Accepted,,Actual,,,,,,,,,,,,,,,,,,,,1633,USEPA,"Analysis of Per- and Polyfluoroalkyl Substances (PFAS) in Aqueous, Solid, Biosolids, and Tissue Samples by LC-MS/MS",,,CASKEL,2023-10-19,,https://www.waterqualitydata.us/data/providers/STORET/organizations/21NYDECA_WQX/activities/21NYDECA_WQX-17-BLND_T2-3.6_20230926T1200%3ACEC-00470/results/1060253509/resdetectqntlmts,Lower Quantitation Limit,4.5,ng/L,,2025-04-18T14:28:52,STORET
21NYDECA_WQX,New York State Dec Division Of Water,21NYDECA_WQX-1702GRE0378_DH_20230614T095000:CEC-00311,Sample-Routine,Water,,2023-06-14,09:50:00,EDT,,,,,,,,,,,,Lake Probability 21-25,Lake Probability Sampling 2021-2025,NYSDEC,21NYDECA_WQX-23598,1702GRE0378_DH,,,,,41.0671220000,-72.4542760000,,,,,,STORET-1060250938,,None,Perfluorooctane sulfonic acid,Total,1.9,ng/L,CON,Accepted,,Actual,,,,,,,,,,,,,,,,,,,,1633,USEPA,"Analysis of Per- and Polyfluoroalkyl Substances (PFAS) in Aqueous, Solid, Biosolids, and Tissue Samples by LC-MS/MS",,,CASKEL,2023-07-06,,https://www.waterqualitydata.us/data/providers/STORET/organizations/21NYDECA_WQX/activities/21NYDECA_WQX-1702GRE0378_DH_20230614T095000%3ACEC-00311/results/1060250938/resdetectqntlmts,Lower Quantitation Limit,4.1,ng/L,,2025-04-18T14:28:38,STORET
21NYDECA_WQX,New York State Dec Division Of Water,21NYDECA_WQX-06-DILA-36.6_20230824T1100:CEC-00380,Sample-Routine,Water,,2023-08-24,15:00:00,EDT,,,,,,,,,,,,RIBS Screening,Rotating Integrated Basin Studies (RIBS) Screening,NYSDEC,21NYDECA_WQX-23910,06-DILA-36.6,,,,,42.6849300199,-75.3195322926,,,,,,STORET-1060252083,Not Detected,None,Perfluorooctane sulfonic acid,Total,,,U,Accepted,,,,,,,,,,,,,,,,,,,,,,1633,USEPA,"Analysis of Per- and Polyfluoroalkyl Substances (PFAS) in Aqueous, Solid, Biosolids, and Tissue Samples by LC-MS/MS",,,CASKEL,2023-09-15,,https://www.waterqualitydata.us/data/providers/STORET/organizations/21NYDECA_WQX/activities/21NYDECA_WQX-06-DILA-36.6_20230824T1100%3ACEC-00380/results/1060252083/resdetectqntlmts,Lower Quantitation Limit,4.8,ng/L,,2025-04-18T14:28:44,STORET
21NYDECA_WQX,New York State Dec Division Of Water,21NYDECA_WQX-06-SANG_T11-1.0_20230824T1215:CEC-00368,Sample-Routine,Water,,2023-08-24,16:15:00,EDT,,,,,,,,,,,,RIBS Screening,Rotating Integrated Basin Studies (RIBS) Screening,NYSDEC,21NYDECA_WQX-23919,06-SANG_T11-1.0,,,,,42.7926272141,-75.5096637981,,,,,,STORET-1060251899,Not Detected,None,Perfluorooctane sulfonic acid,Total,,,U,Accepted,,,,,,,,,,,,,,,,,,,,,,1633,USEPA,"Analysis of Per- and Polyfluoroalkyl Substances (PFAS) in Aqueous, Solid, Biosolids, and Tissue Samples by LC-MS/MS",,,CASKEL,2023-09-15,,https://www.waterqualitydata.us/data/providers/STORET/organizations/21NYDECA_WQX/activities/21NYDECA_WQX-06-SANG_T11-1.0_20230824T1215%3ACEC-00368/results/1060251899/resdetectqntlmts,Lower Quantitation Limit,4.7,ng/L,,2025-04-18T14:28:43,STORET
21NYDECA_WQX,New York State Dec Division Of Water,21NYDECA_WQX-0603UWBSR5039_DH_20230830T112000:CEC-00427,Sample-Routine,Water,,2023-08-30,11:20:00,EDT,,,,,,,,,,,,Lake Probability 21-25,Lake Probability Sampling 2021-2025,NYSDEC,21NYDECA_WQX-13590,0603UWBSR5039_DH,,,,,42.1392649000,-76.3295754600,,,,,,STORET-1060252824,Not Detected,None,Perfluorooctane sulfonic acid,Total,,,U,Accepted,,,,,,,,,,,,,,,,,,,,,,1633,USEPA,"Analysis of Per- and Polyfluoroalkyl Substances (PFAS) in Aqueous, Solid, Biosolids, and Tissue Samples by LC-MS/MS",,,CASKEL,2023-09-21,,https://www.waterqualitydata.us/data/providers/STORET/organizations/21NYDECA_WQX/activities/21NYDECA_WQX-0603UWBSR5039_DH_20230830T112000%3ACEC-00427/results/1060252824/resdetectqntlmts,Lower Quantitation Limit,3.9,ng/L,,2025-04-18T14:28:48,STORET
21NYDECA_WQX,New York State Dec Division Of Water,21NYDECA_WQX-1702HIG1106K_DH_20230906T115200:CEC-00440,Sample-Routine,Water,,2023-09-06,11:52:00,EDT,,,,,,,,,,,,Lake Probability 21-25,Lake Probability Sampling 2021-2025,NYSDEC,21NYDECA_WQX-23603,1702HIG1106K_DH,,,,,41.1667160400,-73.6045391600,,,,,,STORET-1060253047,,None,Perfluorooctane sulfonic acid,Total,2.6,ng/L,ISAC,Accepted,,Actual,,,,,,,,,,,,,,,,,,,,1633,USEPA,"Analysis of Per- and Polyfluoroalkyl Substances (PFAS) in Aqueous, Solid, Biosolids, and Tissue Samples by LC-MS/MS",,,CASKEL,2023-10-04,,https://www.waterqualitydata.us/data/providers/STORET/organizations/21NYDECA_WQX/activities/21NYDECA_WQX-1702HIG1106K_DH_20230906T115200%3ACEC-00440/results/1060253047/resdetectqntlmts,Lower Quantitation Limit,4,ng/L,,2025-04-18T14:28:49,STORET
21NYDECA_WQX,New York State Dec Division Of Water,21NYDECA_WQX-17-WILT-0.7_20230927T1000:CEC-00488,Sample-Routine,Water,,2023-09-27,14:00:00,EDT,,,,,,,,,,,,RIBS Screening,Rotating Integrated Basin Studies (RIBS) Screening,NYSDEC,21NYDECA_WQX-8820,17-WILT-0.7,,,,,40.7045400000,-73.3002400000,,,,,,STORET-1060253825,,None,Perfluorooctane sulfonic acid,Total,14,ng/L,CON,Accepted,,Actual,,,,,,,,,,,,,,,,,,,,1633,USEPA,"Analysis of Per- and Polyfluoroalkyl Substances (PFAS) in Aqueous, Solid, Biosolids, and Tissue Samples by LC-MS/MS",,,CASKEL,2023-10-19,,https://www.waterqualitydata.us/data/providers/STORET/organizations/21NYDECA_WQX/activities/21NYDECA_WQX-17-WILT-0.7_20230927T1000%3ACEC-00488/results/1060253825/resdetectqntlmts,Lower Quantitation Limit,4.6,ng/L,,2025-04-18T14:28:53,STORET
21NYDECA_WQX,New York State Dec Division Of Water,21NYDECA_WQX-10-TWOB-1.3_20230726T1315:CEC-00330,Sample-Routine,Water,,2023-07-26,17:15:00,EDT,,,,,,,,,,,,RIBS Screening,Rotating Integrated Basin Studies (RIBS) Screening,NYSDEC,21NYDECA_WQX-2732,10-TWOB-1.3,,,,,44.4085500000,-74.0842600000,,,,,,STORET-1060251219,,None,Perfluorooctane sulfonic acid,Total,3,ng/L,CON,Accepted,,Actual,,,,,,,,,,,,,,,,,,,,1633,USEPA,"Analysis of Per- and Polyfluoroalkyl Substances (PFAS) in Aqueous, Solid, Biosolids, and Tissue Samples by LC-MS/MS",,,CASKEL,2023-08-09,,https://www.waterqualitydata.us/data/providers/STORET/organizations/21NYDECA_WQX/activities/21NYDECA_WQX-10-TWOB-1.3_20230726T1315%3ACEC-00330/results/1060251219/resdetectqntlmts,Lower Quantitation Limit,4.3,ng/L,,2025-04-18T14:28:40,STORET
21NYDECA_WQX,New York State Dec Division Of Water,21NYDECA_WQX-17-MITL-1.0_20230927T1236:CEC-00482,Sample-Routine,Water,,2023-09-27,16:36:00,EDT,,,,,,,,,,,,RIBS Screening,Rotating Integrated Basin Studies (RIBS) Screening,NYSDEC,21NYDECA_WQX-24051,17-MITL-1.0,,,,,40.8142260000,-73.7441820000,,,,,,STORET-1060253733,,None,Perfluorooctane sulfonic acid,Total,4.3,ng/L,CON,Accepted,,Actual,,,,,,,,,,,,,,,,,,,,1633,USEPA,"Analysis of Per- and Polyfluoroalkyl Substances (PFAS) in Aqueous, Solid, Biosolids, and Tissue Samples by LC-MS/MS",,,CASKEL,2023-10-19,,https://www.waterqualitydata.us/data/providers/STORET/organizations/21NYDECA_WQX/activities/21NYDECA_WQX-17-MITL-1.0_20230927T1236%3ACEC-00482/results/1060253733/resdetectqntlmts,Lower Quantitation Limit,4.5,ng/L,,2025-04-18T14:28:53,STORET
21NYDECA_WQX,New York State Dec Division Of Water,21NYDECA_WQX-10-LCHZ-8.9_20230725T1230:CEC-00333,Sample-Routine,Water,,2023-07-25,16:30:00,EDT,,,,,,,,,,,,RIBS Screening,Rotating Integrated Basin Studies (RIBS) Screening,NYSDEC,21NYDECA_WQX-23940,10-LCHZ-8.9,,,,,44.8448142720,-73.4706739708,,,,,,STORET-1060251304,,None,Perfluorooctane sulfonic acid,Total,18,ng/L,CON,Accepted,,Actual,,,,,,,,,,,,,,,,,,,,1633,USEPA,"Analysis of Per- and Polyfluoroalkyl Substances (PFAS) in Aqueous, Solid, Biosolids, and Tissue Samples by LC-MS/MS",,,CASKEL,2023-08-09,,https://www.waterqualitydata.us/data/providers/STORET/organizations/21NYDECA_WQX/activities/21NYDECA_WQX-10-LCHZ-8.9_20230725T1230%3ACEC-00333/results/1060251304/resdetectqntlmts,Lower Quantitation Limit,4.4,ng/L,,2025-04-18T14:28:40,STORET
21NYDECA_WQX,New York State Dec Division Of Water,21NYDECA_WQX-1005NOR0340_DH_20230920T124500:CEC-00452,Sample-Routine,Water,,2023-09-20,12:45:00,EDT,,,,,,,,,,,,Lake Probability 21-25,Lake Probability Sampling 2021-2025,NYSDEC,21NYDECA_WQX-17370,1005NOR0340_DH,,,,,44.1301713000,-73.5096662500,,,,,,STORET-1060253236,Not Detected,None,Perfluorooctane sulfonic acid,Total,,,U,Accepted,,,,,,,,,,,,,,,,,,,,,,1633,USEPA,"Analysis of Per- and Polyfluoroalkyl Substances (PFAS) in Aqueous, Solid, Biosolids, and Tissue Samples by LC-MS/MS",,,CASKEL,2023-10-12,,https://www.waterqualitydata.us/data/providers/STORET/organizations/21NYDECA_WQX/activities/21NYDECA_WQX-1005NOR0340_DH_20230920T124500%3ACEC-00452/results/1060253236/resdetectqntlmts,Lower Quantitation Limit,4.3,ng/L,,2025-04-18T14:28:50,STORET
21NYDECA_WQX,New York State Dec Division Of Water,21NYDECA_WQX-1003STG0201_DH_20230628T153000:CEC-00301,Sample-Routine,Water,,2023-06-28,15:30:00,EDT,,,,,,,,,,,,Lake Probability 21-25,Lake Probability Sampling 2021-2025,NYSDEC,21NYDECA_WQX-16031,1003STG0201_DH,,,,,44.3782774700,-74.2637261100,,,,,,STORET-1060250691,Not Detected,None,Perfluorooctane sulfonic acid,Total,,,U,Accepted,,,,,,,,,,,,,,,,,,,,,,1633,USEPA,"Analysis of Per- and Polyfluoroalkyl Substances (PFAS) in Aqueous, Solid, Biosolids, and Tissue Samples by LC-MS/MS",,,CASKEL,2023-07-27,,https://www.waterqualitydata.us/data/providers/STORET/organizations/21NYDECA_WQX/activities/21NYDECA_WQX-1003STG0201_DH_20230628T153000%3ACEC-00301/results/1060250691/resdetectqntlmts,Lower Quantitation Limit,4,ng/L,,2025-04-18T14:28:37,STORET
21NYDECA_WQX,New York State Dec Division Of Water,21NYDECA_WQX-1003MCK0088_DH_20230627T122600:CEC-00290,Sample-Routine,Water,,2023-06-27,12:26:00,EDT,,,,,,,,,,,,Lake Probability 21-25,Lake Probability Sampling 2021-2025,NYSDEC,21NYDECA_WQX-10295,1003MCK0088_DH,,,,,44.3306002800,-74.0808822100,,,,,,STORET-1060250623,Not Detected,None,Perfluorooctane sulfonic acid,Total,,,U,Accepted,,,,,,,,,,,,,,,,,,,,,,1633,USEPA,"Analysis of Per- and Polyfluoroalkyl Substances (PFAS) in Aqueous, Solid, Biosolids, and Tissue Samples by LC-MS/MS",,,CASKEL,2023-07-14,,https://www.waterqualitydata.us/data/providers/STORET/organizations/21NYDECA_WQX/activities/21NYDECA_WQX-1003MCK0088_DH_20230627T122600%3ACEC-00290/results/1060250623/resdetectqntlmts,Lower Quantitation Limit,4,ng/L,,2025-04-18T14:28:36,STORET
21NYDECA_WQX,New York State Dec Division Of Water,21NYDECA_WQX-1701BEL0637_DH_20230614T150000:CEC-00310,Sample-Routine,Water,,2023-06-14,15:00:00,EDT,,,,,,,,,,,,Lake Probability 21-25,Lake Probability Sampling 2021-2025,NYSDEC,21NYDECA_WQX-18825,1701BEL0637_DH,,,,,40.8802379800,-72.5590759000,,,,,,STORET-1060250898,Not Detected,None,Perfluorooctane sulfonic acid,Total,,,U,Accepted,,,,,,,,,,,,,,,,,,,,,,1633,USEPA,"Analysis of Per- and Polyfluoroalkyl Substances (PFAS) in Aqueous, Solid, Biosolids, and Tissue Samples by LC-MS/MS",,,CASKEL,2023-07-06,,https://www.waterqualitydata.us/data/providers/STORET/organizations/21NYDECA_WQX/activities/21NYDECA_WQX-1701BEL0637_DH_20230614T150000%3ACEC-00310/results/1060250898/resdetectqntlmts,Lower Quantitation Limit,4,ng/L,,2025-04-18T14:28:38,STORET
21NYDECA_WQX,New York State Dec Division Of Water,21NYDECA_WQX-10-IDIA_T1-5.0_20230727T1130:CEC-00351,Sample-Routine,Water,,2023-07-27,15:30:00,EDT,,,,,,,,,,,,RIBS Screening,Rotating Integrated Basin Studies (RIBS) Screening,NYSDEC,21NYDECA_WQX-23937,10-IDIA_T1-5.0,,,,,43.3653483224,-73.2912581890,,,,,,STORET-1060251623,Not Detected,None,Perfluorooctane sulfonic acid,Total,,,U,Accepted,,,,,,,,,,,,,,,,,,,,,,1633,USEPA,"Analysis of Per- and Polyfluoroalkyl Substances (PFAS) in Aqueous, Solid, Biosolids, and Tissue Samples by LC-MS/MS",,,CASKEL,2023-08-21,,https://www.waterqualitydata.us/data/providers/STORET/organizations/21NYDECA_WQX/activities/21NYDECA_WQX-10-IDIA_T1-5.0_20230727T1130%3ACEC-00351/results/1060251623/resdetectqntlmts,Lower Quantitation Limit,4.5,ng/L,,2025-04-18T14:28:42,STORET
21NYDECA_WQX,New York State Dec Division Of Water,21NYDECA_WQX-06-WHAR-26.1_20230822T1145:CEC-00356,Sample-Routine,Water,,2023-08-22,15:45:00,EDT,,,,,,,,,,,,RIBS Screening,Rotating Integrated Basin Studies (RIBS) Screening,NYSDEC,21NYDECA_WQX-23924,06-WHAR-26.1,,,,,42.8263083214,-75.1354801468,,,,,,STORET-1060251675,Not Detected,None,Perfluorooctane sulfonic acid,Total,,,U,Accepted,,,,,,,,,,,,,,,,,,,,,,1633,USEPA,"Analysis of Per- and Polyfluoroalkyl Substances (PFAS) in Aqueous, Solid, Biosolids, and Tissue Samples by LC-MS/MS",,,CASKEL,2023-09-15,,https://www.waterqualitydata.us/data/providers/STORET/organizations/21NYDECA_WQX/activities/21NYDECA_WQX-06-WHAR-26.1_20230822T1145%3ACEC-00356/results/1060251675/resdetectqntlmts,Lower Quantitation Limit,4.6,ng/L,,2025-04-18T14:28:42,STORET
21NYDECA_WQX,New York State Dec Division Of Water,21NYDECA_WQX-0602COO5406_DH_20230816T082000:CEC-00421,Sample-Routine,Water,,2023-08-16,08:20:00,EDT,,,,,,,,,,,,Lake Probability 21-25,Lake Probability Sampling 2021-2025,NYSDEC,21NYDECA_WQX-4447,0602COO5406_DH,,,,,42.2995151900,-75.7466886000,,,,,,STORET-1060252732,Not Detected,None,Perfluorooctane sulfonic acid,Total,,,U,Accepted,,,,,,,,,,,,,,,,,,,,,,1633,USEPA,"Analysis of Per- and Polyfluoroalkyl Substances (PFAS) in Aqueous, Solid, Biosolids, and Tissue Samples by LC-MS/MS",,,CASKEL,2023-09-12,,https://www.waterqualitydata.us/data/providers/STORET/organizations/21NYDECA_WQX/activities/21NYDECA_WQX-0602COO5406_DH_20230816T082000%3ACEC-00421/results/1060252732/resdetectqntlmts,Lower Quantitation Limit,4.3,ng/L,,2025-04-18T14:28:48,STORET
21NYDECA_WQX,New York State Dec Division Of Water,21NYDECA_WQX-0601UWB5827_DH_20230829T114500:CEC-00388,Sample-Routine,Water,,2023-08-29,11:45:00,EDT,,,,,,,,,,,,Lake Probability 21-25,Lake Probability Sampling 2021-2025,NYSDEC,21NYDECA_WQX-6614,0601UWB5827_DH,,,,,42.6356230100,-74.6940860700,,,,,,STORET-1060252221,Not Detected,None,Perfluorooctane sulfonic acid,Total,,,U,Accepted,,,,,,,,,,,,,,,,,,,,,,1633,USEPA,"Analysis of Per- and Polyfluoroalkyl Substances (PFAS) in Aqueous, Solid, Biosolids, and Tissue Samples by LC-MS/MS",,,CASKEL,2023-09-15,,https://www.waterqualitydata.us/data/providers/STORET/organizations/21NYDECA_WQX/activities/21NYDECA_WQX-0601UWB5827_DH_20230829T114500%3ACEC-00388/results/1060252221/resdetectqntlmts,Lower Quantitation Limit,4,ng/L,,2025-04-18T14:28:45,STORET
21NYDECA_WQX,New York State Dec Division Of Water,21NYDECA_WQX-0602TOR0049_DH_20230830T112500:CEC-00428,Sample-Routine,Water,,2023-08-30,11:25:00,EDT,,,,,,,,,,,,Lake Probability 21-25,Lake Probability Sampling 2021-2025,NYSDEC,21NYDECA_WQX-4890,0602TOR0049_DH,,,,,42.8235027600,-75.7154408400,,,,,,STORET-1060252863,Not Detected,None,Perfluorooctane sulfonic acid,Total,,,U,Accepted,,,,,,,,,,,,,,,,,,,,,,1633,USEPA,"Analysis of Per- and Polyfluoroalkyl Substances (PFAS) in Aqueous, Solid, Biosolids, and Tissue Samples by LC-MS/MS",,,CASKEL,2023-09-21,,https://www.waterqualitydata.us/data/providers/STORET/organizations/21NYDECA_WQX/activities/21NYDECA_WQX-0602TOR0049_DH_20230830T112500%3ACEC-00428/results/1060252863/resdetectqntlmts,Lower Quantitation Limit,3.9,ng/L,,2025-04-18T14:28:48,STORET
21NYDECA_WQX,New York State Dec Division Of Water,21NYDECA_WQX-06-CORL_T1-0.5_20230824T0845:CEC-00382,Sample-Routine,Water,,2023-08-24,12:45:00,EDT,,,,,,,,,,,,RIBS Screening,Rotating Integrated Basin Studies (RIBS) Screening,NYSDEC,21NYDECA_WQX-23907,06-CORL_T1-0.5,,,,,42.2006889701,-75.5312840088,,,,,,STORET-1060252129,Not Detected,None,Perfluorooctane sulfonic acid,Total,,,U,Accepted,,,,,,,,,,,,,,,,,,,,,,1633,USEPA,"Analysis of Per- and Polyfluoroalkyl Substances (PFAS) in Aqueous, Solid, Biosolids, and Tissue Samples by LC-MS/MS",,,CASKEL,2023-09-15,,https://www.waterqualitydata.us/data/providers/STORET/organizations/21NYDECA_WQX/activities/21NYDECA_WQX-06-CORL_T1-0.5_20230824T0845%3ACEC-00382/results/1060252129/resdetectqntlmts,Lower Quantitation Limit,4.6,ng/L,,2025-04-18T14:28:44,STORET
21NYDECA_WQX,New York State Dec Division Of Water,21NYDECA_WQX-06-CHAS-1.7_20230822T1345:CEC-00357,Sample-Routine,Water,,2023-08-22,17:45:00,EDT,,,,,,,,,,,,RIBS Screening,Rotating Integrated Basin Studies (RIBS) Screening,NYSDEC,21NYDECA_WQX-23906,06-CHAS-1.7,,,,,42.6639353870,-74.9722142768,,,,,,STORET-1060251715,Not Detected,None,Perfluorooctane sulfonic acid,Total,,,U,Accepted,,,,,,,,,,,,,,,,,,,,,,1633,USEPA,"Analysis of Per- and Polyfluoroalkyl Substances (PFAS) in Aqueous, Solid, Biosolids, and Tissue Samples by LC-MS/MS",,,CASKEL,2023-09-15,,https://www.waterqualitydata.us/data/providers/STORET/organizations/21NYDECA_WQX/activities/21NYDECA_WQX-06-CHAS-1.7_20230822T1345%3ACEC-00357/results/1060251715/resdetectqntlmts,Lower Quantitation Limit,4.7,ng/L,,2025-04-18T14:28:42,STORET
21NYDECA_WQX,New York State Dec Division Of Water,21NYDECA_WQX-1701UWB0986B_DH_20230912T132500:CEC-00442,Sample-Routine,Water,,2023-09-12,13:25:00,EDT,,,,,,,,,,,,Lake Probability 21-25,Lake Probability Sampling 2021-2025,NYSDEC,21NYDECA_WQX-22989,1701UWB0986B_DH,,,,,40.7092669000,-73.5499124500,,,,,,STORET-1060253093,,None,Perfluorooctane sulfonic acid,Total,5.1,ng/L,CON,Accepted,,Actual,,,,,,,,,,,,,,,,,,,,1633,USEPA,"Analysis of Per- and Polyfluoroalkyl Substances (PFAS) in Aqueous, Solid, Biosolids, and Tissue Samples by LC-MS/MS",,,CASKEL,2023-10-13,,https://www.waterqualitydata.us/data/providers/STORET/organizations/21NYDECA_WQX/activities/21NYDECA_WQX-1701UWB0986B_DH_20230912T132500%3ACEC-00442/results/1060253093/resdetectqntlmts,Lower Quantitation Limit,4.3,ng/L,,2025-04-18T14:28:49,STORET
21NYDECA_WQX,New York State Dec Division Of Water,21NYDECA_WQX-17-KENC_T20-0.5_20230926T1115:CEC-00471,Sample-Routine,Water,,2023-09-26,15:15:00,EDT,,,,,,,,,,,,RIBS Screening,Rotating Integrated Basin Studies (RIBS) Screening,NYSDEC,21NYDECA_WQX-24002,17-KENC_T20-0.5,,,,,41.1299565026,-73.7369423909,,,,,,STORET-1060253549,,None,Perfluorooctane sulfonic acid,Total,11,ng/L,CON,Accepted,,Actual,,,,,,,,,,,,,,,,,,,,1633,USEPA,"Analysis of Per- and Polyfluoroalkyl Substances (PFAS) in Aqueous, Solid, Biosolids, and Tissue Samples by LC-MS/MS",,,CASKEL,2023-10-19,,https://www.waterqualitydata.us/data/providers/STORET/organizations/21NYDECA_WQX/activities/21NYDECA_WQX-17-KENC_T20-0.5_20230926T1115%3ACEC-00471/results/1060253549/resdetectqntlmts,Lower Quantitation Limit,4.6,ng/L,,2025-04-18T14:28:52,STORET
21NYDECA_WQX,New York State Dec Division Of Water,21NYDECA_WQX-17-PECN-8.9_20230927T0830:CEC-00479,Sample-Routine,Water,,2023-09-27,12:30:00,EDT,,,,,,,,,,,,RIBS Screening,Rotating Integrated Basin Studies (RIBS) Screening,NYSDEC,21NYDECA_WQX-8797,17-PECN-8.9,,,,,40.9036100000,-72.7647200000,,,,,,STORET-1060253687,,None,Perfluorooctane sulfonic acid,Total,26,ng/L,CON,Accepted,,Actual,,,,,,,,,,,,,,,,,,,,1633,USEPA,"Analysis of Per- and Polyfluoroalkyl Substances (PFAS) in Aqueous, Solid, Biosolids, and Tissue Samples by LC-MS/MS",,,CASKEL,2023-10-19,,https://www.waterqualitydata.us/data/providers/STORET/organizations/21NYDECA_WQX/activities/21NYDECA_WQX-17-PECN-8.9_20230927T0830%3ACEC-00479/results/1060253687/resdetectqntlmts,Lower Quantitation Limit,4.6,ng/L,,2025-04-18T14:28:52,STORET
21NYDECA_WQX,New York State Dec Division Of Water,21NYDECA_WQX-06-OTSL-21.1_20230823T1230:CEC-00377,Sample-Routine,Water,,2023-08-23,16:30:00,EDT,,,,,,,,,,,,RIBS Screening,Rotating Integrated Basin Studies (RIBS) Screening,NYSDEC,21NYDECA_WQX-23915,06-OTSL-21.1,,,,,42.5665627118,-75.8830556173,,,,,,STORET-1060251963,Not Detected,None,Perfluorooctane sulfonic acid,Total,,,U,Accepted,,,,,,,,,,,,,,,,,,,,,,1633,USEPA,"Analysis of Per- and Polyfluoroalkyl Substances (PFAS) in Aqueous, Solid, Biosolids, and Tissue Samples by LC-MS/MS",,,CASKEL,2023-09-15,,https://www.waterqualitydata.us/data/providers/STORET/organizations/21NYDECA_WQX/activities/21NYDECA_WQX-06-OTSL-21.1_20230823T1230%3ACEC-00377/results/1060251963/resdetectqntlmts,Lower Quantitation Limit,4.6,ng/L,,2025-04-18T14:28:43,STORET
21NYDECA_WQX,New York State Dec Division Of Water,21NYDECA_WQX-1004UAU0277_DH_20230809T133000:CEC-00407,Sample-Routine,Water,,2023-08-09,13:30:00,EDT,,,,,,,,,,,,Lake Probability 21-25,Lake Probability Sampling 2021-2025,NYSDEC,21NYDECA_WQX-16915,1004UAU0277_DH,,,,,44.0773690900,-73.8729802300,,,,,,STORET-1060252502,Not Detected,None,Perfluorooctane sulfonic acid,Total,,,U,Accepted,,,,,,,,,,,,,,,,,,,,,,1633,USEPA,"Analysis of Per- and Polyfluoroalkyl Substances (PFAS) in Aqueous, Solid, Biosolids, and Tissue Samples by LC-MS/MS",,,CASKEL,2023-09-11,,https://www.waterqualitydata.us/data/providers/STORET/organizations/21NYDECA_WQX/activities/21NYDECA_WQX-1004UAU0277_DH_20230809T133000%3ACEC-00407/results/1060252502/resdetectqntlmts,Lower Quantitation Limit,4.1,ng/L,,2025-04-18T14:28:46,STORET
21NYDECA_WQX,New York State Dec Division Of Water,21NYDECA_WQX-1005HIL0463_DH_20230920T111000:CEC-00453,Sample-Routine,Water,,2023-09-20,11:10:00,EDT,,,,,,,,,,,,Lake Probability 21-25,Lake Probability Sampling 2021-2025,NYSDEC,21NYDECA_WQX-17350,1005HIL0463_DH,,,,,43.5146085500,-73.2804545000,,,,,,STORET-1060253275,Not Detected,None,Perfluorooctane sulfonic acid,Total,,,U,Accepted,,,,,,,,,,,,,,,,,,,,,,1633,USEPA,"Analysis of Per- and Polyfluoroalkyl Substances (PFAS) in Aqueous, Solid, Biosolids, and Tissue Samples by LC-MS/MS",,,CASKEL,2023-10-12,,https://www.waterqualitydata.us/data/providers/STORET/organizations/21NYDECA_WQX/activities/21NYDECA_WQX-1005HIL0463_DH_20230920T111000%3ACEC-00453/results/1060253275/resdetectqntlmts,Lower Quantitation Limit,4.1,ng/L,,2025-04-18T14:28:50,STORET
21NYDECA_WQX,New York State Dec Division Of Water,21NYDECA_WQX-0601YOU0408_DH_20230815T100000:CEC-00420,Sample-Routine,Water,,2023-08-15,10:00:00,EDT,,,,,,,,,,,,Lake Probability 21-25,Lake Probability Sampling 2021-2025,NYSDEC,21NYDECA_WQX-6644,0601YOU0408_DH,,,,,42.8441440000,-74.9209080000,,,,,,STORET-1060252692,Not Detected,None,Perfluorooctane sulfonic acid,Total,,,U,Accepted,,,,,,,,,,,,,,,,,,,,,,1633,USEPA,"Analysis of Per- and Polyfluoroalkyl Substances (PFAS) in Aqueous, Solid, Biosolids, and Tissue Samples by LC-MS/MS",,,CASKEL,2023-09-12,,https://www.waterqualitydata.us/data/providers/STORET/organizations/21NYDECA_WQX/activities/21NYDECA_WQX-0601YOU0408_DH_20230815T100000%3ACEC-00420/results/1060252692/resdetectqntlmts,Lower Quantitation Limit,4.3,ng/L,,2025-04-18T14:28:47,STORET
21NYDECA_WQX,New York State Dec Division Of Water,21NYDECA_WQX-17-CARM-9.0_20230927T0800:CEC-00490,Sample-Routine,Water,,2023-09-27,12:00:00,EDT,,,,,,,,,,,,RIBS Screening,Rotating Integrated Basin Studies (RIBS) Screening,NYSDEC,21NYDECA_WQX-8498,17-CARM-9.0,,,,,40.8300000000,-72.9069400000,,,,,,STORET-1060253871,,None,Perfluorooctane sulfonic acid,Total,3.3,ng/L,CON,Accepted,,Actual,,,,,,,,,,,,,,,,,,,,1633,USEPA,"Analysis of Per- and Polyfluoroalkyl Substances (PFAS) in Aqueous, Solid, Biosolids, and Tissue Samples by LC-MS/MS",,,CASKEL,2023-11-02,,https://www.waterqualitydata.us/data/providers/STORET/organizations/21NYDECA_WQX/activities/21NYDECA_WQX-17-CARM-9.0_20230927T0800%3ACEC-00490/results/1060253871/resdetectqntlmts,Lower Quantitation Limit,4.4,ng/L,,2025-04-18T14:28:53,STORET
21NYDECA_WQX,New York State Dec Division Of Water,21NYDECA_WQX-06-TROW-3.7_20230823T1015:CEC-00363,Sample-Routine,Water,,2023-08-23,14:15:00,EDT,,,,,,,,,,,,RIBS Screening,Rotating Integrated Basin Studies (RIBS) Screening,NYSDEC,21NYDECA_WQX-23922,06-TROW-3.7,,,,,42.0225577527,-75.7313670891,,,,,,STORET-1060251807,Not Detected,None,Perfluorooctane sulfonic acid,Total,,,U,Accepted,,,,,,,,,,,,,,,,,,,,,,1633,USEPA,"Analysis of Per- and Polyfluoroalkyl Substances (PFAS) in Aqueous, Solid, Biosolids, and Tissue Samples by LC-MS/MS",,,CASKEL,2023-09-15,,https://www.waterqualitydata.us/data/providers/STORET/organizations/21NYDECA_WQX/activities/21NYDECA_WQX-06-TROW-3.7_20230823T1015%3ACEC-00363/results/1060251807/resdetectqntlmts,Lower Quantitation Limit,4.6,ng/L,,2025-04-18T14:28:42,STORET
21NYDECA_WQX,New York State Dec Division Of Water,21NYDECA_WQX-0601MIL5877_DH_20230831T113000:CEC-00433,Sample-Routine,Water,,2023-08-31,11:30:00,EDT,,,,,,,,,,,,Lake Probability 21-25,Lake Probability Sampling 2021-2025,NYSDEC,21NYDECA_WQX-5311,0601MIL5877_DH,,,,,42.6242778300,-75.3635355200,,,,,,STORET-1060252915,Not Detected,None,Perfluorooctane sulfonic acid,Total,,,U,Accepted,,,,,,,,,,,,,,,,,,,,,,1633,USEPA,"Analysis of Per- and Polyfluoroalkyl Substances (PFAS) in Aqueous, Solid, Biosolids, and Tissue Samples by LC-MS/MS",,,CASKEL,2023-09-21,,https://www.waterqualitydata.us/data/providers/STORET/organizations/21NYDECA_WQX/activities/21NYDECA_WQX-0601MIL5877_DH_20230831T113000%3ACEC-00433/results/1060252915/resdetectqntlmts,Lower Quantitation Limit,3.9,ng/L,,2025-04-18T14:28:49,STORET
21NYDECA_WQX,New York State Dec Division Of Water,21NYDECA_WQX-1003BLA0130_DH_20230810T102900:CEC-00405,Sample-Routine,Water,,2023-08-10,10:29:00,EDT,,,,,,,,,,,,Lake Probability 21-25,Lake Probability Sampling 2021-2025,NYSDEC,21NYDECA_WQX-10996,1003BLA0130_DH,,,,,44.3080572400,-74.3810488100,,,,,,STORET-1060252422,Not Detected,None,Perfluorooctane sulfonic acid,Total,,,U,Accepted,,,,,,,,,,,,,,,,,,,,,,1633,USEPA,"Analysis of Per- and Polyfluoroalkyl Substances (PFAS) in Aqueous, Solid, Biosolids, and Tissue Samples by LC-MS/MS",,,CASKEL,2023-09-11,,https://www.waterqualitydata.us/data/providers/STORET/organizations/21NYDECA_WQX/activities/21NYDECA_WQX-1003BLA0130_DH_20230810T102900%3ACEC-00405/results/1060252422/resdetectqntlmts,Lower Quantitation Limit,4.2,ng/L,,2025-04-18T14:28:46,STORET
21NYDECA_WQX,New York State Dec Division Of Water,21NYDECA_WQX-0601UWBXX1_DH_20230829T120500:CEC-00387,Sample-Routine,Water,,2023-08-29,12:05:00,EDT,,,,,,,,,,,,Lake Probability 21-25,Lake Probability Sampling 2021-2025,NYSDEC,21NYDECA_WQX-6631,0601UWBXX1_DH,,,,,42.7875856800,-75.2869126900,,,,,,STORET-1060252181,Not Detected,None,Perfluorooctane sulfonic acid,Total,,,U,Accepted,,,,,,,,,,,,,,,,,,,,,,1633,USEPA,"Analysis of Per- and Polyfluoroalkyl Substances (PFAS) in Aqueous, Solid, Biosolids, and Tissue Samples by LC-MS/MS",,,CASKEL,2023-09-15,,https://www.waterqualitydata.us/data/providers/STORET/organizations/21NYDECA_WQX/activities/21NYDECA_WQX-0601UWBXX1_DH_20230829T120500%3ACEC-00387/results/1060252181/resdetectqntlmts,Lower Quantitation Limit,4.2,ng/L,,2025-04-18T14:28:45,STORET
21NYDECA_WQX,New York State Dec Division Of Water,21NYDECA_WQX-1002ROX5044_DH_20230808T160200:CEC-00410,Sample-Routine,Water,,2023-08-08,16:02:00,EDT,,,,,,,,,,,,Lake Probability 21-25,Lake Probability Sampling 2021-2025,NYSDEC,21NYDECA_WQX-10552,1002ROX5044_DH,,,,,44.8946400000,-73.8040810000,,,,,,STORET-1060252588,Not Detected,None,Perfluorooctane sulfonic acid,Total,,,U,Accepted,,,,,,,,,,,,,,,,,,,,,,1633,USEPA,"Analysis of Per- and Polyfluoroalkyl Substances (PFAS) in Aqueous, Solid, Biosolids, and Tissue Samples by LC-MS/MS",,,CASKEL,2023-09-12,,https://www.waterqualitydata.us/data/providers/STORET/organizations/21NYDECA_WQX/activities/21NYDECA_WQX-1002ROX5044_DH_20230808T160200%3ACEC-00410/results/1060252588/resdetectqntlmts,Lower Quantitation Limit,4.4,ng/L,,2025-04-18T14:28:47,STORETEPA_GLNPO,EPA Great Lakes National Program,EPA_GLNPO-P607:WAT2018:LOFO_2018_w:4036283,Sample-Routine,Water,Surface Water,2018-06-13,00:00:00,EDT,2018-06-13,00:00:00,EDT,Other,,,,,,,,FMP-CSMISSP2018,Fish Monitoring Program CSMI Special Studies Program - 2018,Clarkson University,EPA_GLNPO-P607,Grid0713-North Hamlin,,,,,43.4166670000,-77.9166670000,DipPole,EPA_GLNPO,Dip Pole,Pole used for water sample collection,Dip Pole,STORET-792889942,,,Perfluorohexanesulfonic acid,,1.5617153761173,ng/L,,Accepted,,Actual,,,,,3,,,,,- LOFO_2018_watp_1-RFS0-PFHxS,,,,,,,,,,Clarkson-PFC,EPA_GLNPO,PFCs by UPLC-QToF,,,,2018-07-09,,https://www.waterqualitydata.us/data/providers/STORET/organizations/EPA_GLNPO/activities/EPA_GLNPO-P607%3AWAT2018%3ALOFO_2018_w%3A4036283/results/792889942/resdetectqntlmts,Method Detection Level,0.0387,ng/L,,2019-07-23T15:03:14,STORET
EPA_GLNPO,EPA Great Lakes National Program,EPA_GLNPO-P607:WAT2018:LOFO_2018_w:4036284,Sample-Routine,Water,Surface Water,2018-06-13,00:00:00,EDT,2018-06-13,00:00:00,EDT,Other,,,,,,,,FMP-CSMISSP2018,Fish Monitoring Program CSMI Special Studies Program - 2018,Clarkson University,EPA_GLNPO-P607,Grid0713-North Hamlin,,,,,43.4166670000,-77.9166670000,DipPole,EPA_GLNPO,Dip Pole,Pole used for water sample collection,Dip Pole,STORET-792889953,,,Perfluorohexanesulfonic acid,,1.59236484755316,ng/L,,Accepted,,Actual,,,,,3,,,,,- LOFO_2018_watp_2-RFS0-PFHxS,,,,,,,,,,Clarkson-PFC,EPA_GLNPO,PFCs by UPLC-QToF,,,,2018-07-09,,https://www.waterqualitydata.us/data/providers/STORET/organizations/EPA_GLNPO/activities/EPA_GLNPO-P607%3AWAT2018%3ALOFO_2018_w%3A4036284/results/792889953/resdetectqntlmts,Method Detection Level,0.0387,ng/L,,2019-07-23T15:03:14,STORET
EPA_GLNPO,EPA Great Lakes National Program,EPA_GLNPO-P607:WAT2018:LOFO_2018_w:4036280,Sample-Routine,Water,Surface Water,2018-06-12,00:00:00,EDT,2018-06-12,00:00:00,EDT,Other,,,,,,,,FMP-CSMISSP2018,Fish Monitoring Program CSMI Special Studies Program - 2018,Clarkson University,EPA_GLNPO-P607,Grid0713-North Hamlin,,,,,43.4166670000,-77.9166670000,SubPump,EPA_GLNPO,SubPump,Submersible Pump,Pump/Submersible,STORET-792889832,,,Perfluorohexanesulfonic acid,,1.57243185335079,ng/L,,Accepted,,Actual,,,,,3,,,,,- LOFO_2018_wat_1-RFS0-PFHxS,,,,,,,,,,Clarkson-PFC,EPA_GLNPO,PFCs by UPLC-QToF,,,,2018-07-09,,https://www.waterqualitydata.us/data/providers/STORET/organizations/EPA_GLNPO/activities/EPA_GLNPO-P607%3AWAT2018%3ALOFO_2018_w%3A4036280/results/792889832/resdetectqntlmts,Method Detection Level,0.0387,ng/L,,2019-07-23T15:03:13,STORET
EPA_GLNPO,EPA Great Lakes National Program,EPA_GLNPO-P607:WAT2018:LOFO_2018_w:4036285,Sample-Routine,Water,Surface Water,2018-06-13,00:00:00,EDT,2018-06-13,00:00:00,EDT,Other,,,,,,,,FMP-CSMISSP2018,Fish Monitoring Program CSMI Special Studies Program - 2018,Clarkson University,EPA_GLNPO-P607,Grid0713-North Hamlin,,,,,43.4166670000,-77.9166670000,DipPole,EPA_GLNPO,Dip Pole,Pole used for water sample collection,Dip Pole,STORET-792889991,,,Perfluorohexanesulfonic acid,,1.50954834798424,ng/L,,Accepted,,Actual,,,,,3,,,,,- LOFO_2018_watp_3-RFS0-PFHxS,,,,,,,,,,Clarkson-PFC,EPA_GLNPO,PFCs by UPLC-QToF,,,,2018-07-10,,https://www.waterqualitydata.us/data/providers/STORET/organizations/EPA_GLNPO/activities/EPA_GLNPO-P607%3AWAT2018%3ALOFO_2018_w%3A4036285/results/792889991/resdetectqntlmts,Method Detection Level,0.0387,ng/L,,2019-07-23T15:03:14,STORET
21NYDECA_WQX,New York State Dec Division Of Water,21NYDECA_WQX-17-BRNX-5.6_20191023T1300:CEC-00090,Sample-Routine,Water,,2019-10-23,13:00:00,EDT,,,,,,,,,,,,Routine,Routine River Network,NYSDEC,21NYDECA_WQX-8366,17-BRNX-5.6,,,,,40.8800000000,-73.8686000000,,,,,,STORET-1060245251,,None,Perfluorohexanesulfonic acid,Total,3.3,ng/L,CON,Accepted,,Actual,,,,,,,,,,,,,,,,,,,,537M,USEPA,"MODIFIED, Determination of Selected Perfluorinated Alkyl Acids in Drinking Water by Solid Phase Extraction and Liquid Chromatography/Tandem Mass Spectrometry (LC/MS/MS)",,,TALBURL,2019-11-06,,https://www.waterqualitydata.us/data/providers/STORET/organizations/21NYDECA_WQX/activities/21NYDECA_WQX-17-BRNX-5.6_20191023T1300%3ACEC-00090/results/1060245251/resdetectqntlmts,Lower Quantitation Limit,1.7,ng/L,,2025-04-18T14:28:08,STORET
21NYDECA_WQX,New York State Dec Division Of Water,21NYDECA_WQX-14-WDEL-16.2_20191023T1300:CEC-00092,Sample-Routine,Water,,2019-10-23,13:00:00,EDT,,,,,,,,,,,,Routine,Routine River Network,NYSDEC,21NYDECA_WQX-7774,14-WDEL-16.2,,,,,42.0800000000,-75.4013800000,,,,,,STORET-1060245293,Not Detected,None,Perfluorohexanesulfonic acid,Total,,,U,Accepted,,,,,,,,,,,,,,,,,,,,,,537M,USEPA,"MODIFIED, Determination of Selected Perfluorinated Alkyl Acids in Drinking Water by Solid Phase Extraction and Liquid Chromatography/Tandem Mass Spectrometry (LC/MS/MS)",,,TALBURL,2019-11-06,,https://www.waterqualitydata.us/data/providers/STORET/organizations/21NYDECA_WQX/activities/21NYDECA_WQX-14-WDEL-16.2_20191023T1300%3ACEC-00092/results/1060245293/resdetectqntlmts,Lower Quantitation Limit,1.7,ng/L,,2025-04-18T14:28:08,STORET
21NYDECA_WQX,New York State Dec Division Of Water,21NYDECA_WQX-12-SCHO-14.6_20191021T0900:CEC-00088,Sample-Routine,Water,,2019-10-21,09:00:00,EDT,,,,,,,,,,,,Routine,Routine River Network,NYSDEC,21NYDECA_WQX-3489,12-SCHO-14.6,,,,,42.8000000000,-74.2633400000,,,,,,STORET-1060245209,Not Detected,None,Perfluorohexanesulfonic acid,Total,,,U,Accepted,,,,,,,,,,,,,,,,,,,,,,537M,USEPA,"MODIFIED, Determination of Selected Perfluorinated Alkyl Acids in Drinking Water by Solid Phase Extraction and Liquid Chromatography/Tandem Mass Spectrometry (LC/MS/MS)",,,TALBURL,2019-11-01,,https://www.waterqualitydata.us/data/providers/STORET/organizations/21NYDECA_WQX/activities/21NYDECA_WQX-12-SCHO-14.6_20191021T0900%3ACEC-00088/results/1060245209/resdetectqntlmts,Lower Quantitation Limit,1.8,ng/L,,2025-04-18T14:28:08,STORET
21NYDECA_WQX,New York State Dec Division Of Water,21NYDECA_WQX-11-HOOS-20.8_20191024T1100:CEC-00094,Sample-Routine,Water,,2019-10-24,11:00:00,EDT,,,,,,,,,,,,Routine,Routine River Network,NYSDEC,21NYDECA_WQX-2923,11-HOOS-20.8,,,,,42.9513900000,-73.3911100000,,,,,,STORET-1060245335,Not Detected,None,Perfluorohexanesulfonic acid,Total,,,U,Accepted,,,,,,,,,,,,,,,,,,,,,,537M,USEPA,"MODIFIED, Determination of Selected Perfluorinated Alkyl Acids in Drinking Water by Solid Phase Extraction and Liquid Chromatography/Tandem Mass Spectrometry (LC/MS/MS)",,,TALBURL,2019-11-07,,https://www.waterqualitydata.us/data/providers/STORET/organizations/21NYDECA_WQX/activities/21NYDECA_WQX-11-HOOS-20.8_20191024T1100%3ACEC-00094/results/1060245335/resdetectqntlmts,Lower Quantitation Limit,1.7,ng/L,,2025-04-18T14:28:09,STORET
21NYDECA_WQX,New York State Dec Division Of Water,21NYDECA_WQX-06-DILA-5.4_20191023T1300:CEC-00091,Sample-Routine,Water,,2019-10-23,13:00:00,EDT,,,,,,,,,,,,Routine,Routine River Network,NYSDEC,21NYDECA_WQX-1143,06-DILA-5.4,,,,,42.3772200000,-75.4050000000,,,,,,STORET-1060245272,Not Detected,None,Perfluorohexanesulfonic acid,Total,,,U,Accepted,,,,,,,,,,,,,,,,,,,,,,537M,USEPA,"MODIFIED, Determination of Selected Perfluorinated Alkyl Acids in Drinking Water by Solid Phase Extraction and Liquid Chromatography/Tandem Mass Spectrometry (LC/MS/MS)",,,TALBURL,2019-11-06,,https://www.waterqualitydata.us/data/providers/STORET/organizations/21NYDECA_WQX/activities/21NYDECA_WQX-06-DILA-5.4_20191023T1300%3ACEC-00091/results/1060245272/resdetectqntlmts,Lower Quantitation Limit,1.7,ng/L,,2025-04-18T14:28:08,STORET
21NYDECA_WQX,New York State Dec Division Of Water,21NYDECA_WQX-13-LHUD-130.6_20191022T0000:CEC-00089,Sample-Routine,Water,,2019-10-22,00:00:00,EDT,,,,,,,,,,,,Routine,Routine River Network,NYSDEC,21NYDECA_WQX-3664,13-LHUD-130.6,,,,,42.6194950000,-73.7587960000,,,,,,STORET-1060245230,Not Detected,None,Perfluorohexanesulfonic acid,Total,,,U,Accepted,,,,,,,,,,,,,,,,,,,,,,537M,USEPA,"MODIFIED, Determination of Selected Perfluorinated Alkyl Acids in Drinking Water by Solid Phase Extraction and Liquid Chromatography/Tandem Mass Spectrometry (LC/MS/MS)",,,TALBURL,2019-10-31,,https://www.waterqualitydata.us/data/providers/STORET/organizations/21NYDECA_WQX/activities/21NYDECA_WQX-13-LHUD-130.6_20191022T0000%3ACEC-00089/results/1060245230/resdetectqntlmts,Lower Quantitation Limit,1.7,ng/L,,2025-04-18T14:28:08,STORET
21NYDECA_WQX,New York State Dec Division Of Water,21NYDECA_WQX-17-CARM-9.0_20191024T1030:CEC-00093,Sample-Routine,Water,,2019-10-24,10:30:00,EDT,,,,,,,,,,,,Routine,Routine River Network,NYSDEC,21NYDECA_WQX-8498,17-CARM-9.0,,,,,40.8300000000,-72.9069400000,,,,,,STORET-1060245314,,None,Perfluorohexanesulfonic acid,Total,3.5,ng/L,CON,Accepted,,Actual,,,,,,,,,,,,,,,,,,,,537M,USEPA,"MODIFIED, Determination of Selected Perfluorinated Alkyl Acids in Drinking Water by Solid Phase Extraction and Liquid Chromatography/Tandem Mass Spectrometry (LC/MS/MS)",,,TALBURL,2019-11-07,,https://www.waterqualitydata.us/data/providers/STORET/organizations/21NYDECA_WQX/activities/21NYDECA_WQX-17-CARM-9.0_20191024T1030%3ACEC-00093/results/1060245314/resdetectqntlmts,Lower Quantitation Limit,1.7,ng/L,,2025-04-18T14:28:08,STORET
21NYDECA_WQX,New York State Dec Division Of Water,21NYDECA_WQX-03-NRUP-3.1_20210413T1245:CEC-00113,Sample-Routine,Water,,2021-04-13,12:45:00,EDT,,,,,,,,,,,,Routine,Routine River Network,NYSDEC,21NYDECA_WQX-634,03-NRUP-3.1,,,,,43.2540000000,-77.7420000000,,,,,,STORET-1060245734,Not Detected,None,Perfluorohexanesulfonic acid,Total,,,U,Accepted,,,,,,,,,,,,,,,,,,,,,,537M,USEPA,"MODIFIED, Determination of Selected Perfluorinated Alkyl Acids in Drinking Water by Solid Phase Extraction and Liquid Chromatography/Tandem Mass Spectrometry (LC/MS/MS)",,,TALBURL,2021-04-20,,https://www.waterqualitydata.us/data/providers/STORET/organizations/21NYDECA_WQX/activities/21NYDECA_WQX-03-NRUP-3.1_20210413T1245%3ACEC-00113/results/1060245734/resdetectqntlmts,Lower Quantitation Limit,2,ng/L,,2025-04-18T14:28:11,STORET
21NYDECA_WQX,New York State Dec Division Of Water,21NYDECA_WQX-12-MOHK-17.1_20210825T0900:CEC-00206,Sample-Routine,Water,,2021-08-25,09:00:00,EDT,,,,,,,,,,,,PFAS Monitoring,PFAS Monitoring,NYSDEC,21NYDECA_WQX-3388,12-MOHK-17.1,,,,,42.8382480000,-73.8773130000,,,,,,STORET-1060247687,Not Detected,None,Perfluorohexanesulfonic acid,Total,,,U,Accepted,,,,,,,,,,,,,,,,,,,,,,537M,USEPA,"MODIFIED, Determination of Selected Perfluorinated Alkyl Acids in Drinking Water by Solid Phase Extraction and Liquid Chromatography/Tandem Mass Spectrometry (LC/MS/MS)",,,TALBURL,2021-08-27,,https://www.waterqualitydata.us/data/providers/STORET/organizations/21NYDECA_WQX/activities/21NYDECA_WQX-12-MOHK-17.1_20210825T0900%3ACEC-00206/results/1060247687/resdetectqntlmts,Lower Quantitation Limit,1.6,ng/L,,2025-04-18T14:28:22,STORET
21NYDECA_WQX,New York State Dec Division Of Water,21NYDECA_WQX-07-ONON-1.0_20210421T0900:CEC-00134,Sample-Routine,Water,,2021-04-21,09:00:00,EDT,,,,,,,,,,,,Routine,Routine River Network,NYSDEC,21NYDECA_WQX-1672,07-ONON-1.0,,,,,43.0577800000,-76.1634500000,,,,,,STORET-1060246175,Not Detected,None,Perfluorohexanesulfonic acid,Total,,,U,Accepted,,,,,,,,,,,,,,,,,,,,,,537M,USEPA,"MODIFIED, Determination of Selected Perfluorinated Alkyl Acids in Drinking Water by Solid Phase Extraction and Liquid Chromatography/Tandem Mass Spectrometry (LC/MS/MS)",,,TALBURL,2021-05-04,,https://www.waterqualitydata.us/data/providers/STORET/organizations/21NYDECA_WQX/activities/21NYDECA_WQX-07-ONON-1.0_20210421T0900%3ACEC-00134/results/1060246175/resdetectqntlmts,Lower Quantitation Limit,1.6,ng/L,,2025-04-18T14:28:13,STORET
21NYDECA_WQX,New York State Dec Division Of Water,21NYDECA_WQX-13-WALK-18.6_20210412T1100:CEC-00099,Sample-Routine,Water,,2021-04-12,11:00:00,EDT,,,,,,,,,,,,Routine,Routine River Network,NYSDEC,21NYDECA_WQX-4087,13-WALK-18.6,,,,,41.6878310000,-74.1657000000,,,,,,STORET-1060245440,Not Detected,None,Perfluorohexanesulfonic acid,Total,,,U,Accepted,,,,,,,,,,,,,,,,,,,,,,537M,USEPA,"MODIFIED, Determination of Selected Perfluorinated Alkyl Acids in Drinking Water by Solid Phase Extraction and Liquid Chromatography/Tandem Mass Spectrometry (LC/MS/MS)",,,TALBURL,2021-04-15,,https://www.waterqualitydata.us/data/providers/STORET/organizations/21NYDECA_WQX/activities/21NYDECA_WQX-13-WALK-18.6_20210412T1100%3ACEC-00099/results/1060245440/resdetectqntlmts,Lower Quantitation Limit,1.8,ng/L,,2025-04-18T14:28:09,STORET
21NYDECA_WQX,New York State Dec Division Of Water,21NYDECA_WQX-01-NIAG-17.8_20210824T1615:CEC-00197,Sample-Routine,Water,,2021-08-24,16:15:00,EDT,,,,,,,,,,,,PFAS Monitoring,PFAS Monitoring,NYSDEC,21NYDECA_WQX-77,01-NIAG-17.8,,,,,43.0657450000,-78.9999900000,,,,,,STORET-1060247498,Not Detected,None,Perfluorohexanesulfonic acid,Total,,,U,Accepted,,,,,,,,,,,,,,,,,,,,,,537M,USEPA,"MODIFIED, Determination of Selected Perfluorinated Alkyl Acids in Drinking Water by Solid Phase Extraction and Liquid Chromatography/Tandem Mass Spectrometry (LC/MS/MS)",,,TALBURL,2021-08-27,,https://www.waterqualitydata.us/data/providers/STORET/organizations/21NYDECA_WQX/activities/21NYDECA_WQX-01-NIAG-17.8_20210824T1615%3ACEC-00197/results/1060247498/resdetectqntlmts,Lower Quantitation Limit,1.6,ng/L,,2025-04-18T14:28:21,STORET
21NYDECA_WQX,New York State Dec Division Of Water,21NYDECA_WQX-01-NIAG-17.8_20210427T1400:CEC-00184,Sample-Routine,Water,,2021-04-27,14:00:00,EDT,,,,,,,,,,,,PFAS Monitoring,PFAS Monitoring,NYSDEC,21NYDECA_WQX-77,01-NIAG-17.8,,,,,43.0657450000,-78.9999900000,,,,,,STORET-1060247225,Not Detected,None,Perfluorohexanesulfonic acid,Total,,,U,Accepted,,,,,,,,,,,,,,,,,,,,,,537M,USEPA,"MODIFIED, Determination of Selected Perfluorinated Alkyl Acids in Drinking Water by Solid Phase Extraction and Liquid Chromatography/Tandem Mass Spectrometry (LC/MS/MS)",,,TALBURL,2021-05-12,,https://www.waterqualitydata.us/data/providers/STORET/organizations/21NYDECA_WQX/activities/21NYDECA_WQX-01-NIAG-17.8_20210427T1400%3ACEC-00184/results/1060247225/resdetectqntlmts,Lower Quantitation Limit,1.6,ng/L,,2025-04-18T14:28:19,STORET
21NYDECA_WQX,New York State Dec Division Of Water,21NYDECA_WQX-14-NEVR-8.9_20210817T1200:CEC-00161,Sample-Routine,Water,,2021-08-17,12:00:00,EDT,,,,,,,,,,,,Routine,Routine River Network,NYSDEC,21NYDECA_WQX-7476,14-NEVR-8.9,,,,,41.4422000000,-74.6002000000,,,,,,STORET-1060246742,Not Detected,None,Perfluorohexanesulfonic acid,Total,,,U,Accepted,,,,,,,,,,,,,,,,,,,,,,537M,USEPA,"MODIFIED, Determination of Selected Perfluorinated Alkyl Acids in Drinking Water by Solid Phase Extraction and Liquid Chromatography/Tandem Mass Spectrometry (LC/MS/MS)",,,TALBURL,2021-08-19,,https://www.waterqualitydata.us/data/providers/STORET/organizations/21NYDECA_WQX/activities/21NYDECA_WQX-14-NEVR-8.9_20210817T1200%3ACEC-00161/results/1060246742/resdetectqntlmts,Lower Quantitation Limit,1.7,ng/L,,2025-04-18T14:28:16,STORET
21NYDECA_WQX,New York State Dec Division Of Water,21NYDECA_WQX-04-UGNS-137.8_20210413T1130:CEC-00120,Sample-Routine,Water,,2021-04-13,11:30:00,EDT,,,,,,,,,,,,Routine,Routine River Network,NYSDEC,21NYDECA_WQX-823,04-UGNS-137.8,,,,,42.1186600000,-77.9465400000,,,,,,STORET-1060245881,Not Detected,None,Perfluorohexanesulfonic acid,Total,,,U,Accepted,,,,,,,,,,,,,,,,,,,,,,537M,USEPA,"MODIFIED, Determination of Selected Perfluorinated Alkyl Acids in Drinking Water by Solid Phase Extraction and Liquid Chromatography/Tandem Mass Spectrometry (LC/MS/MS)",,,TALBURL,2021-04-16,,https://www.waterqualitydata.us/data/providers/STORET/organizations/21NYDECA_WQX/activities/21NYDECA_WQX-04-UGNS-137.8_20210413T1130%3ACEC-00120/results/1060245881/resdetectqntlmts,Lower Quantitation Limit,1.6,ng/L,,2025-04-18T14:28:11,STORET
21NYDECA_WQX,New York State Dec Division Of Water,21NYDECA_WQX-07-KEUK-0.3_20210830T1200:CEC-00171,Sample-Routine,Water,,2021-08-30,12:00:00,EDT,,,,,,,,,,,,Routine,Routine River Network,NYSDEC,21NYDECA_WQX-1772,07-KEUK-0.3,,,,,42.6803700000,-76.9539500000,,,,,,STORET-1060246952,Not Detected,None,Perfluorohexanesulfonic acid,Total,,,U,Accepted,,,,,,,,,,,,,,,,,,,,,,537M,USEPA,"MODIFIED, Determination of Selected Perfluorinated Alkyl Acids in Drinking Water by Solid Phase Extraction and Liquid Chromatography/Tandem Mass Spectrometry (LC/MS/MS)",,,TALBURL,2021-09-01,,https://www.waterqualitydata.us/data/providers/STORET/organizations/21NYDECA_WQX/activities/21NYDECA_WQX-07-KEUK-0.3_20210830T1200%3ACEC-00171/results/1060246952/resdetectqntlmts,Lower Quantitation Limit,1.6,ng/L,,2025-04-18T14:28:17,STORET
21NYDECA_WQX,New York State Dec Division Of Water,21NYDECA_WQX-02-CHAD-2.2_20210412T0000:CEC-00106,Sample-Routine,Water,,2021-04-12,00:00:00,EDT,,,,,,,,,,,,Routine,Routine River Network,NYSDEC,21NYDECA_WQX-458,02-CHAD-2.2,,,,,42.1124500000,-79.2030300000,,,,,,STORET-1060245587,Not Detected,None,Perfluorohexanesulfonic acid,Total,,,U,Accepted,,,,,,,,,,,,,,,,,,,,,,537M,USEPA,"MODIFIED, Determination of Selected Perfluorinated Alkyl Acids in Drinking Water by Solid Phase Extraction and Liquid Chromatography/Tandem Mass Spectrometry (LC/MS/MS)",,,TALBURL,2021-04-16,,https://www.waterqualitydata.us/data/providers/STORET/organizations/21NYDECA_WQX/activities/21NYDECA_WQX-02-CHAD-2.2_20210412T0000%3ACEC-00106/results/1060245587/resdetectqntlmts,Lower Quantitation Limit,1.7,ng/L,,2025-04-18T14:28:10,STORET
21NYDECA_WQX,New York State Dec Division Of Water,21NYDECA_WQX-01-NIAG-18.4_20210427T1400:CEC-00185,Sample-Routine,Water,,2021-04-27,14:00:00,EDT,,,,,,,,,,,,PFAS Monitoring,PFAS Monitoring,NYSDEC,21NYDECA_WQX-78,01-NIAG-18.4,,,,,43.0647780000,-78.9880480000,,,,,,STORET-1060247246,Not Detected,None,Perfluorohexanesulfonic acid,Total,,,U,Accepted,,,,,,,,,,,,,,,,,,,,,,537M,USEPA,"MODIFIED, Determination of Selected Perfluorinated Alkyl Acids in Drinking Water by Solid Phase Extraction and Liquid Chromatography/Tandem Mass Spectrometry (LC/MS/MS)",,,TALBURL,2021-05-12,,https://www.waterqualitydata.us/data/providers/STORET/organizations/21NYDECA_WQX/activities/21NYDECA_WQX-01-NIAG-18.4_20210427T1400%3ACEC-00185/results/1060247246/resdetectqntlmts,Lower Quantitation Limit,1.6,ng/L,,2025-04-18T14:28:19,STORET
21NYDECA_WQX,New York State Dec Division Of Water,21NYDECA_WQX-10-SARA-0.3_20210413T1145:CEC-00112,Sample-Routine,Water,,2021-04-13,11:45:00,EDT,,,,,,,,,,,,Routine,Routine River Network,NYSDEC,21NYDECA_WQX-2957,10-SARA-0.3,,,,,44.6975380000,-73.4508500000,,,,,,STORET-1060245713,Not Detected,None,Perfluorohexanesulfonic acid,Total,,,U,Accepted,,,,,,,,,,,,,,,,,,,,,,537M,USEPA,"MODIFIED, Determination of Selected Perfluorinated Alkyl Acids in Drinking Water by Solid Phase Extraction and Liquid Chromatography/Tandem Mass Spectrometry (LC/MS/MS)",,,TALBURL,2021-04-20,,https://www.waterqualitydata.us/data/providers/STORET/organizations/21NYDECA_WQX/activities/21NYDECA_WQX-10-SARA-0.3_20210413T1145%3ACEC-00112/results/1060245713/resdetectqntlmts,Lower Quantitation Limit,1.6,ng/L,,2025-04-18T14:28:11,STORET
21NYDECA_WQX,New York State Dec Division Of Water,21NYDECA_WQX-04-GENS-3.8_20210428T1015:CEC-00188,Sample-Routine,Water,,2021-04-28,10:15:00,EDT,,,,,,,,,,,,PFAS Monitoring,PFAS Monitoring,NYSDEC,21NYDECA_WQX-976,04-GENS-3.8,,,,,43.2036090000,-77.6257360000,,,,,,STORET-1060247309,Not Detected,None,Perfluorohexanesulfonic acid,Total,,,U,Accepted,,,,,,,,,,,,,,,,,,,,,,537M,USEPA,"MODIFIED, Determination of Selected Perfluorinated Alkyl Acids in Drinking Water by Solid Phase Extraction and Liquid Chromatography/Tandem Mass Spectrometry (LC/MS/MS)",,,TALBURL,2021-05-10,,https://www.waterqualitydata.us/data/providers/STORET/organizations/21NYDECA_WQX/activities/21NYDECA_WQX-04-GENS-3.8_20210428T1015%3ACEC-00188/results/1060247309/resdetectqntlmts,Lower Quantitation Limit,1.6,ng/L,,2025-04-18T14:28:20,STORET
21NYDECA_WQX,New York State Dec Division Of Water,21NYDECA_WQX-17-KENE-0.3_20210421T1030:CEC-00182,Sample-Routine,Water,,2021-04-21,10:30:00,EDT,,,,,,,,,,,,PFAS Monitoring,PFAS Monitoring,NYSDEC,21NYDECA_WQX-8521,17-KENE-0.3,,,,,41.0804960000,-73.7137590000,,,,,,STORET-1060247189,,None,Perfluorohexanesulfonic acid,Total,820,ng/L,CON,Accepted,,Actual,,,,,,,,,,,,,,,,,,,,537M,USEPA,"MODIFIED, Determination of Selected Perfluorinated Alkyl Acids in Drinking Water by Solid Phase Extraction and Liquid Chromatography/Tandem Mass Spectrometry (LC/MS/MS)",,,TALBURL,2021-05-05,,https://www.waterqualitydata.us/data/providers/STORET/organizations/21NYDECA_WQX/activities/21NYDECA_WQX-17-KENE-0.3_20210421T1030%3ACEC-00182/results/1060247189/resdetectqntlmts,Lower Quantitation Limit,16,ng/L,,2025-04-18T14:28:19,STORET
21NYDECA_WQX,New York State Dec Division Of Water,21NYDECA_WQX-01-BUFF-1.7_20210413T1430:CEC-00119,Sample-Routine,Water,,2021-04-13,14:30:00,EDT,,,,,,,,,,,,Routine,Routine River Network,NYSDEC,21NYDECA_WQX-139,01-BUFF-1.7,,,,,42.8619400000,-78.8678700000,,,,,,STORET-1060245860,Not Detected,None,Perfluorohexanesulfonic acid,Total,,,U,Accepted,,,,,,,,,,,,,,,,,,,,,,537M,USEPA,"MODIFIED, Determination of Selected Perfluorinated Alkyl Acids in Drinking Water by Solid Phase Extraction and Liquid Chromatography/Tandem Mass Spectrometry (LC/MS/MS)",,,TALBURL,2021-04-16,,https://www.waterqualitydata.us/data/providers/STORET/organizations/21NYDECA_WQX/activities/21NYDECA_WQX-01-BUFF-1.7_20210413T1430%3ACEC-00119/results/1060245860/resdetectqntlmts,Lower Quantitation Limit,1.6,ng/L,,2025-04-18T14:28:11,STORET
21NYDECA_WQX,New York State Dec Division Of Water,21NYDECA_WQX-17-CARM-9.0_20210412T1100:CEC-00107,Sample-Routine,Water,,2021-04-12,11:00:00,EDT,,,,,,,,,,,,Routine,Routine River Network,NYSDEC,21NYDECA_WQX-8498,17-CARM-9.0,,,,,40.8300000000,-72.9069400000,,,,,,STORET-1060245608,,None,Perfluorohexanesulfonic acid,Total,3.1,ng/L,CON,Accepted,,Actual,,,,,,,,,,,,,,,,,,,,537M,USEPA,"MODIFIED, Determination of Selected Perfluorinated Alkyl Acids in Drinking Water by Solid Phase Extraction and Liquid Chromatography/Tandem Mass Spectrometry (LC/MS/MS)",,,TALBURL,2021-04-16,,https://www.waterqualitydata.us/data/providers/STORET/organizations/21NYDECA_WQX/activities/21NYDECA_WQX-17-CARM-9.0_20210412T1100%3ACEC-00107/results/1060245608/resdetectqntlmts,Lower Quantitation Limit,1.6,ng/L,,2025-04-18T14:28:10,STORET
21NYDECA_WQX,New York State Dec Division Of Water,21NYDECA_WQX-03-NRUP-3.1_20210816T1130:CEC-00140,Sample-Routine,Water,,2021-08-16,11:30:00,EDT,,,,,,,,,,,,Routine,Routine River Network,NYSDEC,21NYDECA_WQX-634,03-NRUP-3.1,,,,,43.2540000000,-77.7420000000,,,,,,STORET-1060246301,Not Detected,None,Perfluorohexanesulfonic acid,Total,,,U,Accepted,,,,,,,,,,,,,,,,,,,,,,537M,USEPA,"MODIFIED, Determination of Selected Perfluorinated Alkyl Acids in Drinking Water by Solid Phase Extraction and Liquid Chromatography/Tandem Mass Spectrometry (LC/MS/MS)",,,TALBURL,2021-08-18,,https://www.waterqualitydata.us/data/providers/STORET/organizations/21NYDECA_WQX/activities/21NYDECA_WQX-03-NRUP-3.1_20210816T1130%3ACEC-00140/results/1060246301/resdetectqntlmts,Lower Quantitation Limit,1.7,ng/L,,2025-04-18T14:28:14,STORET
21NYDECA_WQX,New York State Dec Division Of Water,21NYDECA_WQX-04-GENS-4.2_20210825T0900:CEC-00202,Sample-Routine,Water,,2021-08-25,09:00:00,EDT,,,,,,,,,,,,PFAS Monitoring,PFAS Monitoring,NYSDEC,21NYDECA_WQX-978,04-GENS-4.2,,,,,43.1983890000,-77.6207460000,,,,,,STORET-1060247603,Not Detected,None,Perfluorohexanesulfonic acid,Total,,,U,Accepted,,,,,,,,,,,,,,,,,,,,,,537M,USEPA,"MODIFIED, Determination of Selected Perfluorinated Alkyl Acids in Drinking Water by Solid Phase Extraction and Liquid Chromatography/Tandem Mass Spectrometry (LC/MS/MS)",,,TALBURL,2021-08-27,,https://www.waterqualitydata.us/data/providers/STORET/organizations/21NYDECA_WQX/activities/21NYDECA_WQX-04-GENS-4.2_20210825T0900%3ACEC-00202/results/1060247603/resdetectqntlmts,Lower Quantitation Limit,1.6,ng/L,,2025-04-18T14:28:21,STORET
21NYDECA_WQX,New York State Dec Division Of Water,21NYDECA_WQX-09-GRAS-7.8_20210413T1215:CEC-00108,Sample-Routine,Water,,2021-04-13,12:15:00,EDT,,,,,,,,,,,,Routine,Routine River Network,NYSDEC,21NYDECA_WQX-2312,09-GRAS-7.8,,,,,44.8469330000,-75.0789520000,,,,,,STORET-1060245629,Not Detected,None,Perfluorohexanesulfonic acid,Total,,,U,Accepted,,,,,,,,,,,,,,,,,,,,,,537M,USEPA,"MODIFIED, Determination of Selected Perfluorinated Alkyl Acids in Drinking Water by Solid Phase Extraction and Liquid Chromatography/Tandem Mass Spectrometry (LC/MS/MS)",,,TALBURL,2021-04-16,,https://www.waterqualitydata.us/data/providers/STORET/organizations/21NYDECA_WQX/activities/21NYDECA_WQX-09-GRAS-7.8_20210413T1215%3ACEC-00108/results/1060245629/resdetectqntlmts,Lower Quantitation Limit,1.6,ng/L,,2025-04-18T14:28:10,STORET
21NYDECA_WQX,New York State Dec Division Of Water,21NYDECA_WQX-03-SALM-12.0_20210817T1130:CEC-00144,Sample-Routine,Water,,2021-08-17,11:30:00,EDT,,,,,,,,,,,,Routine,Routine River Network,NYSDEC,21NYDECA_WQX-666,03-SALM-12.0,,,,,43.5311100000,-76.0380600000,,,,,,STORET-1060246385,Not Detected,None,Perfluorohexanesulfonic acid,Total,,,U,Accepted,,,,,,,,,,,,,,,,,,,,,,537M,USEPA,"MODIFIED, Determination of Selected Perfluorinated Alkyl Acids in Drinking Water by Solid Phase Extraction and Liquid Chromatography/Tandem Mass Spectrometry (LC/MS/MS)",,,TALBURL,2021-08-20,,https://www.waterqualitydata.us/data/providers/STORET/organizations/21NYDECA_WQX/activities/21NYDECA_WQX-03-SALM-12.0_20210817T1130%3ACEC-00144/results/1060246385/resdetectqntlmts,Lower Quantitation Limit,1.6,ng/L,,2025-04-18T14:28:14,STORET
21NYDECA_WQX,New York State Dec Division Of Water,21NYDECA_WQX-11-UHUD-43.1_20210817T1330:CEC-00154,Sample-Routine,Water,,2021-08-17,13:30:00,EDT,,,,,,,,,,,,Routine,Routine River Network,NYSDEC,21NYDECA_WQX-3192,11-UHUD-43.1,,,,,43.2965500000,-73.5904900000,,,,,,STORET-1060246595,Not Detected,None,Perfluorohexanesulfonic acid,Total,,,U,Accepted,,,,,,,,,,,,,,,,,,,,,,537M,USEPA,"MODIFIED, Determination of Selected Perfluorinated Alkyl Acids in Drinking Water by Solid Phase Extraction and Liquid Chromatography/Tandem Mass Spectrometry (LC/MS/MS)",,,TALBURL,2021-08-19,,https://www.waterqualitydata.us/data/providers/STORET/organizations/21NYDECA_WQX/activities/21NYDECA_WQX-11-UHUD-43.1_20210817T1330%3ACEC-00154/results/1060246595/resdetectqntlmts,Lower Quantitation Limit,1.7,ng/L,,2025-04-18T14:28:15,STORET
21NYDECA_WQX,New York State Dec Division Of Water,21NYDECA_WQX-17-BRNX-5.6_20210413T1030:CEC-00116,Sample-Routine,Water,,2021-04-13,10:30:00,EDT,,,,,,,,,,,,Routine,Routine River Network,NYSDEC,21NYDECA_WQX-8366,17-BRNX-5.6,,,,,40.8800000000,-73.8686000000,,,,,,STORET-1060245797,,None,Perfluorohexanesulfonic acid,Total,4.7,ng/L,CON,Accepted,,Actual,,,,,,,,,,,,,,,,,,,,537M,USEPA,"MODIFIED, Determination of Selected Perfluorinated Alkyl Acids in Drinking Water by Solid Phase Extraction and Liquid Chromatography/Tandem Mass Spectrometry (LC/MS/MS)",,,TALBURL,2021-04-16,,https://www.waterqualitydata.us/data/providers/STORET/organizations/21NYDECA_WQX/activities/21NYDECA_WQX-17-BRNX-5.6_20210413T1030%3ACEC-00116/results/1060245797/resdetectqntlmts,Lower Quantitation Limit,1.6,ng/L,,2025-04-18T14:28:11,STORET
21NYDECA_WQX,New York State Dec Division Of Water,21NYDECA_WQX-05-CHEM-5.4_20210816T0930:CEC-00136,Sample-Routine,Water,,2021-08-16,09:30:00,EDT,,,,,,,,,,,,Routine,Routine River Network,NYSDEC,21NYDECA_WQX-1295,05-CHEM-5.4,,,,,42.0027800000,-76.6349900000,,,,,,STORET-1060246217,Not Detected,None,Perfluorohexanesulfonic acid,Total,,,U,Accepted,,,,,,,,,,,,,,,,,,,,,,537M,USEPA,"MODIFIED, Determination of Selected Perfluorinated Alkyl Acids in Drinking Water by Solid Phase Extraction and Liquid Chromatography/Tandem Mass Spectrometry (LC/MS/MS)",,,TALBURL,2021-08-18,,https://www.waterqualitydata.us/data/providers/STORET/organizations/21NYDECA_WQX/activities/21NYDECA_WQX-05-CHEM-5.4_20210816T0930%3ACEC-00136/results/1060246217/resdetectqntlmts,Lower Quantitation Limit,1.6,ng/L,,2025-04-18T14:28:13,STORET
21NYDECA_WQX,New York State Dec Division Of Water,21NYDECA_WQX-09-LSAL-7.6_20210413T1200:CEC-00111,Sample-Routine,Water,,2021-04-13,12:00:00,EDT,,,,,,,,,,,,Routine,Routine River Network,NYSDEC,21NYDECA_WQX-2202,09-LSAL-7.6,,,,,44.9398510000,-74.5569440000,,,,,,STORET-1060245692,Not Detected,None,Perfluorohexanesulfonic acid,Total,,,U,Accepted,,,,,,,,,,,,,,,,,,,,,,537M,USEPA,"MODIFIED, Determination of Selected Perfluorinated Alkyl Acids in Drinking Water by Solid Phase Extraction and Liquid Chromatography/Tandem Mass Spectrometry (LC/MS/MS)",,,TALBURL,2021-04-20,,https://www.waterqualitydata.us/data/providers/STORET/organizations/21NYDECA_WQX/activities/21NYDECA_WQX-09-LSAL-7.6_20210413T1200%3ACEC-00111/results/1060245692/resdetectqntlmts,Lower Quantitation Limit,1.7,ng/L,,2025-04-18T14:28:10,STORET
21NYDECA_WQX,New York State Dec Division Of Water,21NYDECA_WQX-10-BOQT-2.6_20210818T0945:CEC-00157,Sample-Routine,Water,,2021-08-18,09:45:00,EDT,,,,,,,,,,,,Routine,Routine River Network,NYSDEC,21NYDECA_WQX-2676,10-BOQT-2.6,,,,,44.3638900000,-73.3908810000,,,,,,STORET-1060246658,Not Detected,None,Perfluorohexanesulfonic acid,Total,,,U,Accepted,,,,,,,,,,,,,,,,,,,,,,537M,USEPA,"MODIFIED, Determination of Selected Perfluorinated Alkyl Acids in Drinking Water by Solid Phase Extraction and Liquid Chromatography/Tandem Mass Spectrometry (LC/MS/MS)",,,TALBURL,2021-08-20,,https://www.waterqualitydata.us/data/providers/STORET/organizations/21NYDECA_WQX/activities/21NYDECA_WQX-10-BOQT-2.6_20210818T0945%3ACEC-00157/results/1060246658/resdetectqntlmts,Lower Quantitation Limit,1.6,ng/L,,2025-04-18T14:28:15,STORET
21NYDECA_WQX,New York State Dec Division Of Water,21NYDECA_WQX-03-LONT_T63-1.3_20210420T1130:CEC-00174,Sample-Routine,Water,,2021-04-20,11:30:00,EDT,,,,,,,,,,,,PFAS Monitoring,PFAS Monitoring,NYSDEC,21NYDECA_WQX-602,03-LONT_T63-1.3,,,,,43.4865610000,-76.4490000000,,,,,,STORET-1060247015,Not Detected,None,Perfluorohexanesulfonic acid,Total,,,U,Accepted,,,,,,,,,,,,,,,,,,,,,,537M,USEPA,"MODIFIED, Determination of Selected Perfluorinated Alkyl Acids in Drinking Water by Solid Phase Extraction and Liquid Chromatography/Tandem Mass Spectrometry (LC/MS/MS)",,,TALBURL,2021-04-29,,https://www.waterqualitydata.us/data/providers/STORET/organizations/21NYDECA_WQX/activities/21NYDECA_WQX-03-LONT_T63-1.3_20210420T1130%3ACEC-00174/results/1060247015/resdetectqntlmts,Lower Quantitation Limit,1.7,ng/L,,2025-04-18T14:28:17,STORET
21NYDECA_WQX,New York State Dec Division Of Water,21NYDECA_WQX-12-MOHK-17.1_20210422T1015:CEC-00180,Sample-Routine,Water,,2021-04-22,10:15:00,EDT,,,,,,,,,,,,PFAS Monitoring,PFAS Monitoring,NYSDEC,21NYDECA_WQX-3388,12-MOHK-17.1,,,,,42.8382480000,-73.8773130000,,,,,,STORET-1060247141,Not Detected,None,Perfluorohexanesulfonic acid,Total,,,U,Accepted,,,,,,,,,,,,,,,,,,,,,,537M,USEPA,"MODIFIED, Determination of Selected Perfluorinated Alkyl Acids in Drinking Water by Solid Phase Extraction and Liquid Chromatography/Tandem Mass Spectrometry (LC/MS/MS)",,,TALBURL,2021-05-06,,https://www.waterqualitydata.us/data/providers/STORET/organizations/21NYDECA_WQX/activities/21NYDECA_WQX-12-MOHK-17.1_20210422T1015%3ACEC-00180/results/1060247141/resdetectqntlmts,Lower Quantitation Limit,1.6,ng/L,,2025-04-18T14:28:18,STORET
21NYDECA_WQX,New York State Dec Division Of Water,21NYDECA_WQX-10-SARA-0.3_20210817T1130:CEC-00159,Sample-Routine,Water,,2021-08-17,11:30:00,EDT,,,,,,,,,,,,Routine,Routine River Network,NYSDEC,21NYDECA_WQX-2957,10-SARA-0.3,,,,,44.6975380000,-73.4508500000,,,,,,STORET-1060246700,Not Detected,None,Perfluorohexanesulfonic acid,Total,,,U,Accepted,,,,,,,,,,,,,,,,,,,,,,537M,USEPA,"MODIFIED, Determination of Selected Perfluorinated Alkyl Acids in Drinking Water by Solid Phase Extraction and Liquid Chromatography/Tandem Mass Spectrometry (LC/MS/MS)",,,TALBURL,2021-08-19,,https://www.waterqualitydata.us/data/providers/STORET/organizations/21NYDECA_WQX/activities/21NYDECA_WQX-10-SARA-0.3_20210817T1130%3ACEC-00159/results/1060246700/resdetectqntlmts,Lower Quantitation Limit,1.7,ng/L,,2025-04-18T14:28:16,STORET
21NYDECA_WQX,New York State Dec Division Of Water,21NYDECA_WQX-03-SALM-7.8_20210420T1415:CEC-00175,Sample-Routine,Water,,2021-04-20,14:15:00,EDT,,,,,,,,,,,,PFAS Monitoring,PFAS Monitoring,NYSDEC,21NYDECA_WQX-672,03-SALM-7.8,,,,,43.5500000000,-76.0944400000,,,,,,STORET-1060247036,Not Detected,None,Perfluorohexanesulfonic acid,Total,,,U,Accepted,,,,,,,,,,,,,,,,,,,,,,537M,USEPA,"MODIFIED, Determination of Selected Perfluorinated Alkyl Acids in Drinking Water by Solid Phase Extraction and Liquid Chromatography/Tandem Mass Spectrometry (LC/MS/MS)",,,TALBURL,2021-04-29,,https://www.waterqualitydata.us/data/providers/STORET/organizations/21NYDECA_WQX/activities/21NYDECA_WQX-03-SALM-7.8_20210420T1415%3ACEC-00175/results/1060247036/resdetectqntlmts,Lower Quantitation Limit,1.7,ng/L,,2025-04-18T14:28:18,STORET
21NYDECA_WQX,New York State Dec Division Of Water,21NYDECA_WQX-04-GENS-2.6_20210414T1000:CEC-00123,Sample-Routine,Water,,2021-04-14,10:00:00,EDT,,,,,,,,,,,,Routine,Routine River Network,NYSDEC,21NYDECA_WQX-974,04-GENS-2.6,,,,,43.2272200000,-77.6163900000,,,,,,STORET-1060245944,Not Detected,None,Perfluorohexanesulfonic acid,Total,,,U,Accepted,,,,,,,,,,,,,,,,,,,,,,537M,USEPA,"MODIFIED, Determination of Selected Perfluorinated Alkyl Acids in Drinking Water by Solid Phase Extraction and Liquid Chromatography/Tandem Mass Spectrometry (LC/MS/MS)",,,TALBURL,2021-04-21,,https://www.waterqualitydata.us/data/providers/STORET/organizations/21NYDECA_WQX/activities/21NYDECA_WQX-04-GENS-2.6_20210414T1000%3ACEC-00123/results/1060245944/resdetectqntlmts,Lower Quantitation Limit,1.6,ng/L,,2025-04-18T14:28:12,STORET
21NYDECA_WQX,New York State Dec Division Of Water,21NYDECA_WQX-04-RAGA-1.4_20210413T0915:CEC-00114,Sample-Routine,Water,,2021-04-13,09:15:00,EDT,,,,,,,,,,,,Routine,Routine River Network,NYSDEC,21NYDECA_WQX-776,04-RAGA-1.4,,,,,42.7359800000,-77.8418300000,,,,,,STORET-1060245755,Not Detected,None,Perfluorohexanesulfonic acid,Total,,,U,Accepted,,,,,,,,,,,,,,,,,,,,,,537M,USEPA,"MODIFIED, Determination of Selected Perfluorinated Alkyl Acids in Drinking Water by Solid Phase Extraction and Liquid Chromatography/Tandem Mass Spectrometry (LC/MS/MS)",,,TALBURL,2021-04-20,,https://www.waterqualitydata.us/data/providers/STORET/organizations/21NYDECA_WQX/activities/21NYDECA_WQX-04-RAGA-1.4_20210413T0915%3ACEC-00114/results/1060245755/resdetectqntlmts,Lower Quantitation Limit,1.7,ng/L,,2025-04-18T14:28:11,STORET
21NYDECA_WQX,New York State Dec Division Of Water,21NYDECA_WQX-11-UHUD-267.8_20210413T1000:CEC-00117,Sample-Routine,Water,,2021-04-13,14:00:00,EDT,,,,,,,,,,,,Routine,Routine River Network,NYSDEC,21NYDECA_WQX-16216,11-UHUD-267.8,,,,,43.7008300000,-73.9825000000,,,,,,STORET-1060245818,Not Detected,None,Perfluorohexanesulfonic acid,Total,,,U,Accepted,,,,,,,,,,,,,,,,,,,,,,537M,USEPA,"MODIFIED, Determination of Selected Perfluorinated Alkyl Acids in Drinking Water by Solid Phase Extraction and Liquid Chromatography/Tandem Mass Spectrometry (LC/MS/MS)",,,TALBURL,2021-04-16,,https://www.waterqualitydata.us/data/providers/STORET/organizations/21NYDECA_WQX/activities/21NYDECA_WQX-11-UHUD-267.8_20210413T1000%3ACEC-00117/results/1060245818/resdetectqntlmts,Lower Quantitation Limit,1.6,ng/L,,2025-04-18T14:28:11,STORET
21NYDECA_WQX,New York State Dec Division Of Water,21NYDECA_WQX-12-MOHK-79.5_20210816T1130:CEC-00139,Sample-Routine,Water,,2021-08-16,11:30:00,EDT,,,,,,,,,,,,Routine,Routine River Network,NYSDEC,21NYDECA_WQX-3399,12-MOHK-79.5,,,,,43.0377800000,-74.8405500000,,,,,,STORET-1060246280,Not Detected,None,Perfluorohexanesulfonic acid,Total,,,U,Accepted,,,,,,,,,,,,,,,,,,,,,,537M,USEPA,"MODIFIED, Determination of Selected Perfluorinated Alkyl Acids in Drinking Water by Solid Phase Extraction and Liquid Chromatography/Tandem Mass Spectrometry (LC/MS/MS)",,,TALBURL,2021-08-18,,https://www.waterqualitydata.us/data/providers/STORET/organizations/21NYDECA_WQX/activities/21NYDECA_WQX-12-MOHK-79.5_20210816T1130%3ACEC-00139/results/1060246280/resdetectqntlmts,Lower Quantitation Limit,1.6,ng/L,,2025-04-18T14:28:13,STORET
21NYDECA_WQX,New York State Dec Division Of Water,21NYDECA_WQX-04-GENS-2.6_20210817T0915:CEC-00149,Sample-Routine,Water,,2021-08-17,09:15:00,EDT,,,,,,,,,,,,Routine,Routine River Network,NYSDEC,21NYDECA_WQX-974,04-GENS-2.6,,,,,43.2272200000,-77.6163900000,,,,,,STORET-1060246490,Not Detected,None,Perfluorohexanesulfonic acid,Total,,,U,Accepted,,,,,,,,,,,,,,,,,,,,,,537M,USEPA,"MODIFIED, Determination of Selected Perfluorinated Alkyl Acids in Drinking Water by Solid Phase Extraction and Liquid Chromatography/Tandem Mass Spectrometry (LC/MS/MS)",,,TALBURL,2021-08-19,,https://www.waterqualitydata.us/data/providers/STORET/organizations/21NYDECA_WQX/activities/21NYDECA_WQX-04-GENS-2.6_20210817T0915%3ACEC-00149/results/1060246490/resdetectqntlmts,Lower Quantitation Limit,1.8,ng/L,,2025-04-18T14:28:14,STORET
21NYDECA_WQX,New York State Dec Division Of Water,21NYDECA_WQX-07-KEUK-0.3_20210412T0930:CEC-00103,Sample-Routine,Water,,2021-04-12,09:30:00,EDT,,,,,,,,,,,,Routine,Routine River Network,NYSDEC,21NYDECA_WQX-1772,07-KEUK-0.3,,,,,42.6803700000,-76.9539500000,,,,,,STORET-1060245524,Not Detected,None,Perfluorohexanesulfonic acid,Total,,,U,Accepted,,,,,,,,,,,,,,,,,,,,,,537M,USEPA,"MODIFIED, Determination of Selected Perfluorinated Alkyl Acids in Drinking Water by Solid Phase Extraction and Liquid Chromatography/Tandem Mass Spectrometry (LC/MS/MS)",,,TALBURL,2021-04-19,,https://www.waterqualitydata.us/data/providers/STORET/organizations/21NYDECA_WQX/activities/21NYDECA_WQX-07-KEUK-0.3_20210412T0930%3ACEC-00103/results/1060245524/resdetectqntlmts,Lower Quantitation Limit,1.7,ng/L,,2025-04-18T14:28:10,STORET
21NYDECA_WQX,New York State Dec Division Of Water,21NYDECA_WQX-05-CDEA-1.8_20210816T1300:CEC-00135,Sample-Routine,Water,,2021-08-16,13:00:00,EDT,,,,,,,,,,,,Routine,Routine River Network,NYSDEC,21NYDECA_WQX-1282,05-CDEA-1.8,,,,,42.3356700000,-77.6826700000,,,,,,STORET-1060246196,Not Detected,None,Perfluorohexanesulfonic acid,Total,,,U,Accepted,,,,,,,,,,,,,,,,,,,,,,537M,USEPA,"MODIFIED, Determination of Selected Perfluorinated Alkyl Acids in Drinking Water by Solid Phase Extraction and Liquid Chromatography/Tandem Mass Spectrometry (LC/MS/MS)",,,TALBURL,2021-08-18,,https://www.waterqualitydata.us/data/providers/STORET/organizations/21NYDECA_WQX/activities/21NYDECA_WQX-05-CDEA-1.8_20210816T1300%3ACEC-00135/results/1060246196/resdetectqntlmts,Lower Quantitation Limit,1.6,ng/L,,2025-04-18T14:28:13,STORET
21NYDECA_WQX,New York State Dec Division Of Water,21NYDECA_WQX-14-NEVR-8.9_20210414T1315:CEC-00127,Sample-Routine,Water,,2021-04-14,13:15:00,EDT,,,,,,,,,,,,Routine,Routine River Network,NYSDEC,21NYDECA_WQX-7476,14-NEVR-8.9,,,,,41.4422000000,-74.6002000000,,,,,,STORET-1060246028,Not Detected,None,Perfluorohexanesulfonic acid,Total,,,U,Accepted,,,,,,,,,,,,,,,,,,,,,,537M,USEPA,"MODIFIED, Determination of Selected Perfluorinated Alkyl Acids in Drinking Water by Solid Phase Extraction and Liquid Chromatography/Tandem Mass Spectrometry (LC/MS/MS)",,,TALBURL,2021-04-21,,https://www.waterqualitydata.us/data/providers/STORET/organizations/21NYDECA_WQX/activities/21NYDECA_WQX-14-NEVR-8.9_20210414T1315%3ACEC-00127/results/1060246028/resdetectqntlmts,Lower Quantitation Limit,1.7,ng/L,,2025-04-18T14:28:12,STORET
21NYDECA_WQX,New York State Dec Division Of Water,21NYDECA_WQX-03-SALM-6.0_20210825T1330:CEC-00196,Sample-Routine,Water,,2021-08-25,13:30:00,EDT,,,,,,,,,,,,PFAS Monitoring,PFAS Monitoring,NYSDEC,21NYDECA_WQX-671,03-SALM-6.0,,,,,43.5612220000,-76.1181390000,,,,,,STORET-1060247477,Not Detected,None,Perfluorohexanesulfonic acid,Total,,,U,Accepted,,,,,,,,,,,,,,,,,,,,,,537M,USEPA,"MODIFIED, Determination of Selected Perfluorinated Alkyl Acids in Drinking Water by Solid Phase Extraction and Liquid Chromatography/Tandem Mass Spectrometry (LC/MS/MS)",,,TALBURL,2021-08-27,,https://www.waterqualitydata.us/data/providers/STORET/organizations/21NYDECA_WQX/activities/21NYDECA_WQX-03-SALM-6.0_20210825T1330%3ACEC-00196/results/1060247477/resdetectqntlmts,Lower Quantitation Limit,1.9,ng/L,,2025-04-18T14:28:20,STORET
21NYDECA_WQX,New York State Dec Division Of Water,21NYDECA_WQX-17-BLND_Tb-2.0_20210824T1015:CEC-00190,Sample-Routine,Water,,2021-08-24,10:15:00,EDT,,,,,,,,,,,,PFAS Monitoring,PFAS Monitoring,NYSDEC,21NYDECA_WQX-8359,17-BLND_Tb-2.0,,,,,41.0457200000,-73.7099010000,,,,,,STORET-1060247351,Not Detected,None,Perfluorohexanesulfonic acid,Total,,,U,Accepted,,,,,,,,,,,,,,,,,,,,,,537M,USEPA,"MODIFIED, Determination of Selected Perfluorinated Alkyl Acids in Drinking Water by Solid Phase Extraction and Liquid Chromatography/Tandem Mass Spectrometry (LC/MS/MS)",,,TALBURL,2021-08-26,,https://www.waterqualitydata.us/data/providers/STORET/organizations/21NYDECA_WQX/activities/21NYDECA_WQX-17-BLND_Tb-2.0_20210824T1015%3ACEC-00190/results/1060247351/resdetectqntlmts,Lower Quantitation Limit,1.7,ng/L,,2025-04-18T14:28:20,STORET
21NYDECA_WQX,New York State Dec Division Of Water,21NYDECA_WQX-09-LSAL-7.6_20210817T1130:CEC-00156,Sample-Routine,Water,,2021-08-17,11:30:00,EDT,,,,,,,,,,,,Routine,Routine River Network,NYSDEC,21NYDECA_WQX-2202,09-LSAL-7.6,,,,,44.9398510000,-74.5569440000,,,,,,STORET-1060246637,Not Detected,None,Perfluorohexanesulfonic acid,Total,,,U,Accepted,,,,,,,,,,,,,,,,,,,,,,537M,USEPA,"MODIFIED, Determination of Selected Perfluorinated Alkyl Acids in Drinking Water by Solid Phase Extraction and Liquid Chromatography/Tandem Mass Spectrometry (LC/MS/MS)",,,TALBURL,2021-08-19,,https://www.waterqualitydata.us/data/providers/STORET/organizations/21NYDECA_WQX/activities/21NYDECA_WQX-09-LSAL-7.6_20210817T1130%3ACEC-00156/results/1060246637/resdetectqntlmts,Lower Quantitation Limit,1.6,ng/L,,2025-04-18T14:28:15,STORET
21NYDECA_WQX,New York State Dec Division Of Water,21NYDECA_WQX-12-SCHO-14.6_20210415T0945:CEC-00132,Sample-Routine,Water,,2021-04-15,09:45:00,EDT,,,,,,,,,,,,Routine,Routine River Network,NYSDEC,21NYDECA_WQX-3489,12-SCHO-14.6,,,,,42.8000000000,-74.2633400000,,,,,,STORET-1060246133,Not Detected,None,Perfluorohexanesulfonic acid,Total,,,U,Accepted,,,,,,,,,,,,,,,,,,,,,,537M,USEPA,"MODIFIED, Determination of Selected Perfluorinated Alkyl Acids in Drinking Water by Solid Phase Extraction and Liquid Chromatography/Tandem Mass Spectrometry (LC/MS/MS)",,,TALBURL,2021-04-26,,https://www.waterqualitydata.us/data/providers/STORET/organizations/21NYDECA_WQX/activities/21NYDECA_WQX-12-SCHO-14.6_20210415T0945%3ACEC-00132/results/1060246133/resdetectqntlmts,Lower Quantitation Limit,1.6,ng/L,,2025-04-18T14:28:13,STORET
21NYDECA_WQX,New York State Dec Division Of Water,21NYDECA_WQX-10-SABL-14.6_20210414T0830:CEC-00131,Sample-Routine,Water,,2021-04-14,08:30:00,EDT,,,,,,,,,,,,Routine,Routine River Network,NYSDEC,21NYDECA_WQX-2546,10-SABL-14.6,,,,,44.4643750000,-73.5752550000,,,,,,STORET-1060246112,Not Detected,None,Perfluorohexanesulfonic acid,Total,,,U,Accepted,,,,,,,,,,,,,,,,,,,,,,537M,USEPA,"MODIFIED, Determination of Selected Perfluorinated Alkyl Acids in Drinking Water by Solid Phase Extraction and Liquid Chromatography/Tandem Mass Spectrometry (LC/MS/MS)",,,TALBURL,2021-04-21,,https://www.waterqualitydata.us/data/providers/STORET/organizations/21NYDECA_WQX/activities/21NYDECA_WQX-10-SABL-14.6_20210414T0830%3ACEC-00131/results/1060246112/resdetectqntlmts,Lower Quantitation Limit,1.8,ng/L,,2025-04-18T14:28:13,STORET
21NYDECA_WQX,New York State Dec Division Of Water,21NYDECA_WQX-01-TONA-19.4_20210826T1530:CEC-00169,Sample-Routine,Water,,2021-08-26,15:30:00,EDT,,,,,,,,,,,,Routine,Routine River Network,NYSDEC,21NYDECA_WQX-375,01-TONA-19.4,,,,,43.0954960000,-78.6380210000,,,,,,STORET-1060246910,Not Detected,None,Perfluorohexanesulfonic acid,Total,,,U,Accepted,,,,,,,,,,,,,,,,,,,,,,537M,USEPA,"MODIFIED, Determination of Selected Perfluorinated Alkyl Acids in Drinking Water by Solid Phase Extraction and Liquid Chromatography/Tandem Mass Spectrometry (LC/MS/MS)",,,TALBURL,2021-08-31,,https://www.waterqualitydata.us/data/providers/STORET/organizations/21NYDECA_WQX/activities/21NYDECA_WQX-01-TONA-19.4_20210826T1530%3ACEC-00169/results/1060246910/resdetectqntlmts,Lower Quantitation Limit,1.7,ng/L,,2025-04-18T14:28:17,STORET
21NYDECA_WQX,New York State Dec Division Of Water,21NYDECA_WQX-02-ALGY-20.3_20210412T1145:CEC-00105,Sample-Routine,Water,,2021-04-12,11:45:00,EDT,,,,,,,,,,,,Routine,Routine River Network,NYSDEC,21NYDECA_WQX-427,02-ALGY-20.3,,,,,42.1571600000,-78.7179300000,,,,,,STORET-1060245566,Not Detected,None,Perfluorohexanesulfonic acid,Total,,,U,Accepted,,,,,,,,,,,,,,,,,,,,,,537M,USEPA,"MODIFIED, Determination of Selected Perfluorinated Alkyl Acids in Drinking Water by Solid Phase Extraction and Liquid Chromatography/Tandem Mass Spectrometry (LC/MS/MS)",,,TALBURL,2021-04-16,,https://www.waterqualitydata.us/data/providers/STORET/organizations/21NYDECA_WQX/activities/21NYDECA_WQX-02-ALGY-20.3_20210412T1145%3ACEC-00105/results/1060245566/resdetectqntlmts,Lower Quantitation Limit,1.7,ng/L,,2025-04-18T14:28:10,STORET
21NYDECA_WQX,New York State Dec Division Of Water,21NYDECA_WQX-09-GTCH-17.7_20210413T1000:CEC-00109,Sample-Routine,Water,,2021-04-13,10:00:00,EDT,,,,,,,,,,,,Routine,Routine River Network,NYSDEC,21NYDECA_WQX-2323,09-GTCH-17.7,,,,,44.5891700000,-75.3213900000,,,,,,STORET-1060245650,Not Detected,None,Perfluorohexanesulfonic acid,Total,,,U,Accepted,,,,,,,,,,,,,,,,,,,,,,537M,USEPA,"MODIFIED, Determination of Selected Perfluorinated Alkyl Acids in Drinking Water by Solid Phase Extraction and Liquid Chromatography/Tandem Mass Spectrometry (LC/MS/MS)",,,TALBURL,2021-04-16,,https://www.waterqualitydata.us/data/providers/STORET/organizations/21NYDECA_WQX/activities/21NYDECA_WQX-09-GTCH-17.7_20210413T1000%3ACEC-00109/results/1060245650/resdetectqntlmts,Lower Quantitation Limit,1.6,ng/L,,2025-04-18T14:28:10,STORET
21NYDECA_WQX,New York State Dec Division Of Water,21NYDECA_WQX-03-LONT_T63-1.3_20210825T1145:CEC-00194,Sample-Routine,Water,,2021-08-25,11:45:00,EDT,,,,,,,,,,,,PFAS Monitoring,PFAS Monitoring,NYSDEC,21NYDECA_WQX-602,03-LONT_T63-1.3,,,,,43.4865610000,-76.4490000000,,,,,,STORET-1060247435,Not Detected,None,Perfluorohexanesulfonic acid,Total,,,U,Accepted,,,,,,,,,,,,,,,,,,,,,,537M,USEPA,"MODIFIED, Determination of Selected Perfluorinated Alkyl Acids in Drinking Water by Solid Phase Extraction and Liquid Chromatography/Tandem Mass Spectrometry (LC/MS/MS)",,,TALBURL,2021-08-27,,https://www.waterqualitydata.us/data/providers/STORET/organizations/21NYDECA_WQX/activities/21NYDECA_WQX-03-LONT_T63-1.3_20210825T1145%3ACEC-00194/results/1060247435/resdetectqntlmts,Lower Quantitation Limit,1.9,ng/L,,2025-04-18T14:28:20,STORET
21NYDECA_WQX,New York State Dec Division Of Water,21NYDECA_WQX-02-CHAD-2.2_20210816T0000:CEC-00143,Sample-Routine,Water,,2021-08-16,00:00:00,EDT,,,,,,,,,,,,Routine,Routine River Network,NYSDEC,21NYDECA_WQX-458,02-CHAD-2.2,,,,,42.1124500000,-79.2030300000,,,,,,STORET-1060246364,Not Detected,None,Perfluorohexanesulfonic acid,Total,,,U,Accepted,,,,,,,,,,,,,,,,,,,,,,537M,USEPA,"MODIFIED, Determination of Selected Perfluorinated Alkyl Acids in Drinking Water by Solid Phase Extraction and Liquid Chromatography/Tandem Mass Spectrometry (LC/MS/MS)",,,TALBURL,2021-08-18,,https://www.waterqualitydata.us/data/providers/STORET/organizations/21NYDECA_WQX/activities/21NYDECA_WQX-02-CHAD-2.2_20210816T0000%3ACEC-00143/results/1060246364/resdetectqntlmts,Lower Quantitation Limit,1.6,ng/L,,2025-04-18T14:28:14,STORET
21NYDECA_WQX,New York State Dec Division Of Water,21NYDECA_WQX-07-OSWE-5.2_20210817T0915:CEC-00148,Sample-Routine,Water,,2021-08-17,09:15:00,EDT,,,,,,,,,,,,Routine,Routine River Network,NYSDEC,21NYDECA_WQX-1681,07-OSWE-5.2,,,,,43.3980600000,-76.4716600000,,,,,,STORET-1060246469,Not Detected,None,Perfluorohexanesulfonic acid,Total,,,U,Accepted,,,,,,,,,,,,,,,,,,,,,,537M,USEPA,"MODIFIED, Determination of Selected Perfluorinated Alkyl Acids in Drinking Water by Solid Phase Extraction and Liquid Chromatography/Tandem Mass Spectrometry (LC/MS/MS)",,,TALBURL,2021-08-20,,https://www.waterqualitydata.us/data/providers/STORET/organizations/21NYDECA_WQX/activities/21NYDECA_WQX-07-OSWE-5.2_20210817T0915%3ACEC-00148/results/1060246469/resdetectqntlmts,Lower Quantitation Limit,1.7,ng/L,,2025-04-18T14:28:14,STORET
21NYDECA_WQX,New York State Dec Division Of Water,21NYDECA_WQX-14-DELA-1.3_20210817T1000:CEC-00160,Sample-Routine,Water,,2021-08-17,10:00:00,EDT,,,,,,,,,,,,Routine,Routine River Network,NYSDEC,21NYDECA_WQX-6902,14-DELA-1.3,,,,,41.3719400000,-74.6969500000,,,,,,STORET-1060246721,Not Detected,None,Perfluorohexanesulfonic acid,Total,,,U,Accepted,,,,,,,,,,,,,,,,,,,,,,537M,USEPA,"MODIFIED, Determination of Selected Perfluorinated Alkyl Acids in Drinking Water by Solid Phase Extraction and Liquid Chromatography/Tandem Mass Spectrometry (LC/MS/MS)",,,TALBURL,2021-08-19,,https://www.waterqualitydata.us/data/providers/STORET/organizations/21NYDECA_WQX/activities/21NYDECA_WQX-14-DELA-1.3_20210817T1000%3ACEC-00160/results/1060246721/resdetectqntlmts,Lower Quantitation Limit,1.6,ng/L,,2025-04-18T14:28:16,STORET
21NYDECA_WQX,New York State Dec Division Of Water,21NYDECA_WQX-11-HOOS-20.8_20210818T1000:CEC-00165,Sample-Routine,Water,,2021-08-18,10:00:00,EDT,,,,,,,,,,,,Routine,Routine River Network,NYSDEC,21NYDECA_WQX-2923,11-HOOS-20.8,,,,,42.9513900000,-73.3911100000,,,,,,STORET-1060246826,Not Detected,None,Perfluorohexanesulfonic acid,Total,,,U,Accepted,,,,,,,,,,,,,,,,,,,,,,537M,USEPA,"MODIFIED, Determination of Selected Perfluorinated Alkyl Acids in Drinking Water by Solid Phase Extraction and Liquid Chromatography/Tandem Mass Spectrometry (LC/MS/MS)",,,TALBURL,2021-08-20,,https://www.waterqualitydata.us/data/providers/STORET/organizations/21NYDECA_WQX/activities/21NYDECA_WQX-11-HOOS-20.8_20210818T1000%3ACEC-00165/results/1060246826/resdetectqntlmts,Lower Quantitation Limit,1.7,ng/L,,2025-04-18T14:28:16,STORET
21NYDECA_WQX,New York State Dec Division Of Water,21NYDECA_WQX-11-UHUD-5.5_20210426T1030:CEC-00178,Sample-Routine,Water,,2021-04-26,10:30:00,EDT,,,,,,,,,,,,PFAS Monitoring,PFAS Monitoring,NYSDEC,21NYDECA_WQX-3194,11-UHUD-5.5,,,,,42.8227400000,-73.6613700000,,,,,,STORET-1060247099,Not Detected,None,Perfluorohexanesulfonic acid,Total,,,U,Accepted,,,,,,,,,,,,,,,,,,,,,,537M,USEPA,"MODIFIED, Determination of Selected Perfluorinated Alkyl Acids in Drinking Water by Solid Phase Extraction and Liquid Chromatography/Tandem Mass Spectrometry (LC/MS/MS)",,,TALBURL,2021-05-06,,https://www.waterqualitydata.us/data/providers/STORET/organizations/21NYDECA_WQX/activities/21NYDECA_WQX-11-UHUD-5.5_20210426T1030%3ACEC-00178/results/1060247099/resdetectqntlmts,Lower Quantitation Limit,1.6,ng/L,,2025-04-18T14:28:18,STORET
21NYDECA_WQX,New York State Dec Division Of Water,21NYDECA_WQX-14-DELA-1.3_20210414T1030:CEC-00126,Sample-Routine,Water,,2021-04-14,10:30:00,EDT,,,,,,,,,,,,Routine,Routine River Network,NYSDEC,21NYDECA_WQX-6902,14-DELA-1.3,,,,,41.3719400000,-74.6969500000,,,,,,STORET-1060246007,Not Detected,None,Perfluorohexanesulfonic acid,Total,,,U,Accepted,,,,,,,,,,,,,,,,,,,,,,537M,USEPA,"MODIFIED, Determination of Selected Perfluorinated Alkyl Acids in Drinking Water by Solid Phase Extraction and Liquid Chromatography/Tandem Mass Spectrometry (LC/MS/MS)",,,TALBURL,2021-04-21,,https://www.waterqualitydata.us/data/providers/STORET/organizations/21NYDECA_WQX/activities/21NYDECA_WQX-14-DELA-1.3_20210414T1030%3ACEC-00126/results/1060246007/resdetectqntlmts,Lower Quantitation Limit,1.8,ng/L,,2025-04-18T14:28:12,STORET
21NYDECA_WQX,New York State Dec Division Of Water,21NYDECA_WQX-07-OSWE-5.2_20210412T1130:CEC-00096,Sample-Routine,Water,,2021-04-12,11:30:00,EDT,,,,,,,,,,,,Routine,Routine River Network,NYSDEC,21NYDECA_WQX-1681,07-OSWE-5.2,,,,,43.3980600000,-76.4716600000,,,,,,STORET-1060245377,Not Detected,None,Perfluorohexanesulfonic acid,Total,,,U,Accepted,,,,,,,,,,,,,,,,,,,,,,537M,USEPA,"MODIFIED, Determination of Selected Perfluorinated Alkyl Acids in Drinking Water by Solid Phase Extraction and Liquid Chromatography/Tandem Mass Spectrometry (LC/MS/MS)",,,TALBURL,2021-04-19,,https://www.waterqualitydata.us/data/providers/STORET/organizations/21NYDECA_WQX/activities/21NYDECA_WQX-07-OSWE-5.2_20210412T1130%3ACEC-00096/results/1060245377/resdetectqntlmts,Lower Quantitation Limit,1.6,ng/L,,2025-04-18T14:28:09,STORET
21NYDECA_WQX,New York State Dec Division Of Water,21NYDECA_WQX-12-MOHK-79.5_20210412T1115:CEC-00101,Sample-Routine,Water,,2021-04-12,11:15:00,EDT,,,,,,,,,,,,Routine,Routine River Network,NYSDEC,21NYDECA_WQX-3399,12-MOHK-79.5,,,,,43.0377800000,-74.8405500000,,,,,,STORET-1060245482,Not Detected,None,Perfluorohexanesulfonic acid,Total,,,U,Accepted,,,,,,,,,,,,,,,,,,,,,,537M,USEPA,"MODIFIED, Determination of Selected Perfluorinated Alkyl Acids in Drinking Water by Solid Phase Extraction and Liquid Chromatography/Tandem Mass Spectrometry (LC/MS/MS)",,,TALBURL,2021-04-19,,https://www.waterqualitydata.us/data/providers/STORET/organizations/21NYDECA_WQX/activities/21NYDECA_WQX-12-MOHK-79.5_20210412T1115%3ACEC-00101/results/1060245482/resdetectqntlmts,Lower Quantitation Limit,1.6,ng/L,,2025-04-18T14:28:09,STORET
21NYDECA_WQX,New York State Dec Division Of Water,21NYDECA_WQX-06-SUSQ-31.4_20210818T1330:CEC-00145,Sample-Routine,Water,,2021-08-18,13:30:00,EDT,,,,,,,,,,,,Routine,Routine River Network,NYSDEC,21NYDECA_WQX-1363,06-SUSQ-31.4,,,,,42.0909700000,-76.0557870000,,,,,,STORET-1060246406,Not Detected,None,Perfluorohexanesulfonic acid,Total,,,U,Accepted,,,,,,,,,,,,,,,,,,,,,,537M,USEPA,"MODIFIED, Determination of Selected Perfluorinated Alkyl Acids in Drinking Water by Solid Phase Extraction and Liquid Chromatography/Tandem Mass Spectrometry (LC/MS/MS)",,,TALBURL,2021-08-20,,https://www.waterqualitydata.us/data/providers/STORET/organizations/21NYDECA_WQX/activities/21NYDECA_WQX-06-SUSQ-31.4_20210818T1330%3ACEC-00145/results/1060246406/resdetectqntlmts,Lower Quantitation Limit,1.6,ng/L,,2025-04-18T14:28:14,STORET
21NYDECA_WQX,New York State Dec Division Of Water,21NYDECA_WQX-12-SCHO-14.6_20210819T1000:CEC-00166,Sample-Routine,Water,,2021-08-19,10:00:00,EDT,,,,,,,,,,,,Routine,Routine River Network,NYSDEC,21NYDECA_WQX-3489,12-SCHO-14.6,,,,,42.8000000000,-74.2633400000,,,,,,STORET-1060246847,Not Detected,None,Perfluorohexanesulfonic acid,Total,,,U,Accepted,,,,,,,,,,,,,,,,,,,,,,537M,USEPA,"MODIFIED, Determination of Selected Perfluorinated Alkyl Acids in Drinking Water by Solid Phase Extraction and Liquid Chromatography/Tandem Mass Spectrometry (LC/MS/MS)",,,TALBURL,2021-08-23,,https://www.waterqualitydata.us/data/providers/STORET/organizations/21NYDECA_WQX/activities/21NYDECA_WQX-12-SCHO-14.6_20210819T1000%3ACEC-00166/results/1060246847/resdetectqntlmts,Lower Quantitation Limit,1.6,ng/L,,2025-04-18T14:28:16,STORET
21NYDECA_WQX,New York State Dec Division Of Water,21NYDECA_WQX-04-GENS-3.8_20210825T0930:CEC-00201,Sample-Routine,Water,,2021-08-25,09:30:00,EDT,,,,,,,,,,,,PFAS Monitoring,PFAS Monitoring,NYSDEC,21NYDECA_WQX-976,04-GENS-3.8,,,,,43.2036090000,-77.6257360000,,,,,,STORET-1060247582,Not Detected,None,Perfluorohexanesulfonic acid,Total,,,U,Accepted,,,,,,,,,,,,,,,,,,,,,,537M,USEPA,"MODIFIED, Determination of Selected Perfluorinated Alkyl Acids in Drinking Water by Solid Phase Extraction and Liquid Chromatography/Tandem Mass Spectrometry (LC/MS/MS)",,,TALBURL,2021-08-27,,https://www.waterqualitydata.us/data/providers/STORET/organizations/21NYDECA_WQX/activities/21NYDECA_WQX-04-GENS-3.8_20210825T0930%3ACEC-00201/results/1060247582/resdetectqntlmts,Lower Quantitation Limit,1.6,ng/L,,2025-04-18T14:28:21,STORET
21NYDECA_WQX,New York State Dec Division Of Water,21NYDECA_WQX-12-MOHK-1.5_20210415T1115:CEC-00133,Sample-Routine,Water,,2021-04-15,11:15:00,EDT,,,,,,,,,,,,Routine,Routine River Network,NYSDEC,21NYDECA_WQX-3301,12-MOHK-1.5,,,,,42.7783300000,-73.6966700000,,,,,,STORET-1060246154,Not Detected,None,Perfluorohexanesulfonic acid,Total,,,U,Accepted,,,,,,,,,,,,,,,,,,,,,,537M,USEPA,"MODIFIED, Determination of Selected Perfluorinated Alkyl Acids in Drinking Water by Solid Phase Extraction and Liquid Chromatography/Tandem Mass Spectrometry (LC/MS/MS)",,,TALBURL,2021-04-28,,https://www.waterqualitydata.us/data/providers/STORET/organizations/21NYDECA_WQX/activities/21NYDECA_WQX-12-MOHK-1.5_20210415T1115%3ACEC-00133/results/1060246154/resdetectqntlmts,Lower Quantitation Limit,1.7,ng/L,,2025-04-18T14:28:13,STORET
21NYDECA_WQX,New York State Dec Division Of Water,21NYDECA_WQX-06-DILA-5.4_20210817T1300:CEC-00164,Sample-Routine,Water,,2021-08-17,13:00:00,EDT,,,,,,,,,,,,Routine,Routine River Network,NYSDEC,21NYDECA_WQX-1143,06-DILA-5.4,,,,,42.3772200000,-75.4050000000,,,,,,STORET-1060246805,Not Detected,None,Perfluorohexanesulfonic acid,Total,,,U,Accepted,,,,,,,,,,,,,,,,,,,,,,537M,USEPA,"MODIFIED, Determination of Selected Perfluorinated Alkyl Acids in Drinking Water by Solid Phase Extraction and Liquid Chromatography/Tandem Mass Spectrometry (LC/MS/MS)",,,TALBURL,2021-08-20,,https://www.waterqualitydata.us/data/providers/STORET/organizations/21NYDECA_WQX/activities/21NYDECA_WQX-06-DILA-5.4_20210817T1300%3ACEC-00164/results/1060246805/resdetectqntlmts,Lower Quantitation Limit,1.6,ng/L,,2025-04-18T14:28:16,STORET
21NYDECA_WQX,New York State Dec Division Of Water,21NYDECA_WQX-01-TONA-19.4_20210414T1130:CEC-00128,Sample-Routine,Water,,2021-04-14,11:30:00,EDT,,,,,,,,,,,,Routine,Routine River Network,NYSDEC,21NYDECA_WQX-375,01-TONA-19.4,,,,,43.0954960000,-78.6380210000,,,,,,STORET-1060246049,Not Detected,None,Perfluorohexanesulfonic acid,Total,,,U,Accepted,,,,,,,,,,,,,,,,,,,,,,537M,USEPA,"MODIFIED, Determination of Selected Perfluorinated Alkyl Acids in Drinking Water by Solid Phase Extraction and Liquid Chromatography/Tandem Mass Spectrometry (LC/MS/MS)",,,TALBURL,2021-04-21,,https://www.waterqualitydata.us/data/providers/STORET/organizations/21NYDECA_WQX/activities/21NYDECA_WQX-01-TONA-19.4_20210414T1130%3ACEC-00128/results/1060246049/resdetectqntlmts,Lower Quantitation Limit,1.6,ng/L,,2025-04-18T14:28:12,STORET
21NYDECA_WQX,New York State Dec Division Of Water,21NYDECA_WQX-11-UHUD-4.5_20210825T1130:CEC-00203,Sample-Routine,Water,,2021-08-25,11:30:00,EDT,,,,,,,,,,,,PFAS Monitoring,PFAS Monitoring,NYSDEC,21NYDECA_WQX-3191,11-UHUD-4.5,,,,,42.8091220000,-73.6583080000,,,,,,STORET-1060247624,Not Detected,None,Perfluorohexanesulfonic acid,Total,,,U,Accepted,,,,,,,,,,,,,,,,,,,,,,537M,USEPA,"MODIFIED, Determination of Selected Perfluorinated Alkyl Acids in Drinking Water by Solid Phase Extraction and Liquid Chromatography/Tandem Mass Spectrometry (LC/MS/MS)",,,TALBURL,2021-08-27,,https://www.waterqualitydata.us/data/providers/STORET/organizations/21NYDECA_WQX/activities/21NYDECA_WQX-11-UHUD-4.5_20210825T1130%3ACEC-00203/results/1060247624/resdetectqntlmts,Lower Quantitation Limit,1.6,ng/L,,2025-04-18T14:28:21,STORET
21NYDECA_WQX,New York State Dec Division Of Water,21NYDECA_WQX-01-NIAG-2.6_20210824T1415:CEC-00199,Sample-Routine,Water,,2021-08-24,14:15:00,EDT,,,,,,,,,,,,PFAS Monitoring,PFAS Monitoring,NYSDEC,21NYDECA_WQX-79,01-NIAG-2.6,,,,,43.2282330000,-79.0517930000,,,,,,STORET-1060247540,Not Detected,None,Perfluorohexanesulfonic acid,Total,,,U,Accepted,,,,,,,,,,,,,,,,,,,,,,537M,USEPA,"MODIFIED, Determination of Selected Perfluorinated Alkyl Acids in Drinking Water by Solid Phase Extraction and Liquid Chromatography/Tandem Mass Spectrometry (LC/MS/MS)",,,TALBURL,2021-08-27,,https://www.waterqualitydata.us/data/providers/STORET/organizations/21NYDECA_WQX/activities/21NYDECA_WQX-01-NIAG-2.6_20210824T1415%3ACEC-00199/results/1060247540/resdetectqntlmts,Lower Quantitation Limit,1.6,ng/L,,2025-04-18T14:28:21,STORET
21NYDECA_WQX,New York State Dec Division Of Water,21NYDECA_WQX-14-WDEL-16.2_20210414T0945:CEC-00122,Sample-Routine,Water,,2021-04-14,09:45:00,EDT,,,,,,,,,,,,Routine,Routine River Network,NYSDEC,21NYDECA_WQX-7774,14-WDEL-16.2,,,,,42.0800000000,-75.4013800000,,,,,,STORET-1060245923,Not Detected,None,Perfluorohexanesulfonic acid,Total,,,U,Accepted,,,,,,,,,,,,,,,,,,,,,,537M,USEPA,"MODIFIED, Determination of Selected Perfluorinated Alkyl Acids in Drinking Water by Solid Phase Extraction and Liquid Chromatography/Tandem Mass Spectrometry (LC/MS/MS)",,,TALBURL,2021-04-21,,https://www.waterqualitydata.us/data/providers/STORET/organizations/21NYDECA_WQX/activities/21NYDECA_WQX-14-WDEL-16.2_20210414T0945%3ACEC-00122/results/1060245923/resdetectqntlmts,Lower Quantitation Limit,1.7,ng/L,,2025-04-18T14:28:12,STORET
21NYDECA_WQX,New York State Dec Division Of Water,21NYDECA_WQX-17-CARM-9.0_20210817T0930:CEC-00168,Sample-Routine,Water,,2021-08-17,09:30:00,EDT,,,,,,,,,,,,Routine,Routine River Network,NYSDEC,21NYDECA_WQX-8498,17-CARM-9.0,,,,,40.8300000000,-72.9069400000,,,,,,STORET-1060246889,,None,Perfluorohexanesulfonic acid,Total,3.8,ng/L,CON,Accepted,,Actual,,,,,,,,,,,,,,,,,,,,537M,USEPA,"MODIFIED, Determination of Selected Perfluorinated Alkyl Acids in Drinking Water by Solid Phase Extraction and Liquid Chromatography/Tandem Mass Spectrometry (LC/MS/MS)",,,TALBURL,2021-08-20,,https://www.waterqualitydata.us/data/providers/STORET/organizations/21NYDECA_WQX/activities/21NYDECA_WQX-17-CARM-9.0_20210817T0930%3ACEC-00168/results/1060246889/resdetectqntlmts,Lower Quantitation Limit,2,ng/L,,2025-04-18T14:28:17,STORET
21NYDECA_WQX,New York State Dec Division Of Water,21NYDECA_WQX-11-UHUD-43.1_20210413T1230:CEC-00118,Sample-Routine,Water,,2021-04-13,12:30:00,EDT,,,,,,,,,,,,Routine,Routine River Network,NYSDEC,21NYDECA_WQX-3192,11-UHUD-43.1,,,,,43.2965500000,-73.5904900000,,,,,,STORET-1060245839,Not Detected,None,Perfluorohexanesulfonic acid,Total,,,U,Accepted,,,,,,,,,,,,,,,,,,,,,,537M,USEPA,"MODIFIED, Determination of Selected Perfluorinated Alkyl Acids in Drinking Water by Solid Phase Extraction and Liquid Chromatography/Tandem Mass Spectrometry (LC/MS/MS)",,,TALBURL,2021-04-16,,https://www.waterqualitydata.us/data/providers/STORET/organizations/21NYDECA_WQX/activities/21NYDECA_WQX-11-UHUD-43.1_20210413T1230%3ACEC-00118/results/1060245839/resdetectqntlmts,Lower Quantitation Limit,1.6,ng/L,,2025-04-18T14:28:11,STORET
21NYDECA_WQX,New York State Dec Division Of Water,21NYDECA_WQX-05-CHEM-5.4_20210413T0945:CEC-00110,Sample-Routine,Water,,2021-04-13,09:45:00,EDT,,,,,,,,,,,,Routine,Routine River Network,NYSDEC,21NYDECA_WQX-1295,05-CHEM-5.4,,,,,42.0027800000,-76.6349900000,,,,,,STORET-1060245671,Not Detected,None,Perfluorohexanesulfonic acid,Total,,,U,Accepted,,,,,,,,,,,,,,,,,,,,,,537M,USEPA,"MODIFIED, Determination of Selected Perfluorinated Alkyl Acids in Drinking Water by Solid Phase Extraction and Liquid Chromatography/Tandem Mass Spectrometry (LC/MS/MS)",,,TALBURL,2021-04-20,,https://www.waterqualitydata.us/data/providers/STORET/organizations/21NYDECA_WQX/activities/21NYDECA_WQX-05-CHEM-5.4_20210413T0945%3ACEC-00110/results/1060245671/resdetectqntlmts,Lower Quantitation Limit,1.7,ng/L,,2025-04-18T14:28:10,STORET
21NYDECA_WQX,New York State Dec Division Of Water,21NYDECA_WQX-01-NIAG-3.4_20210824T1400:CEC-00200,Sample-Routine,Water,,2021-08-24,14:00:00,EDT,,,,,,,,,,,,PFAS Monitoring,PFAS Monitoring,NYSDEC,21NYDECA_WQX-84,01-NIAG-3.4,,,,,43.2143370000,-79.0532060000,,,,,,STORET-1060247561,Not Detected,None,Perfluorohexanesulfonic acid,Total,,,U,Accepted,,,,,,,,,,,,,,,,,,,,,,537M,USEPA,"MODIFIED, Determination of Selected Perfluorinated Alkyl Acids in Drinking Water by Solid Phase Extraction and Liquid Chromatography/Tandem Mass Spectrometry (LC/MS/MS)",,,TALBURL,2021-08-27,,https://www.waterqualitydata.us/data/providers/STORET/organizations/21NYDECA_WQX/activities/21NYDECA_WQX-01-NIAG-3.4_20210824T1400%3ACEC-00200/results/1060247561/resdetectqntlmts,Lower Quantitation Limit,1.6,ng/L,,2025-04-18T14:28:21,STORET
21NYDECA_WQX,New York State Dec Division Of Water,21NYDECA_WQX-10-SABL-14.6_20210818T0830:CEC-00158,Sample-Routine,Water,,2021-08-18,08:30:00,EDT,,,,,,,,,,,,Routine,Routine River Network,NYSDEC,21NYDECA_WQX-2546,10-SABL-14.6,,,,,44.4643750000,-73.5752550000,,,,,,STORET-1060246679,Not Detected,None,Perfluorohexanesulfonic acid,Total,,,U,Accepted,,,,,,,,,,,,,,,,,,,,,,537M,USEPA,"MODIFIED, Determination of Selected Perfluorinated Alkyl Acids in Drinking Water by Solid Phase Extraction and Liquid Chromatography/Tandem Mass Spectrometry (LC/MS/MS)",,,TALBURL,2021-08-20,,https://www.waterqualitydata.us/data/providers/STORET/organizations/21NYDECA_WQX/activities/21NYDECA_WQX-10-SABL-14.6_20210818T0830%3ACEC-00158/results/1060246679/resdetectqntlmts,Lower Quantitation Limit,1.6,ng/L,,2025-04-18T14:28:15,STORET
21NYDECA_WQX,New York State Dec Division Of Water,21NYDECA_WQX-17-BLND_Tb-2.0_20210421T0945:CEC-00181,Sample-Routine,Water,,2021-04-21,09:45:00,EDT,,,,,,,,,,,,PFAS Monitoring,PFAS Monitoring,NYSDEC,21NYDECA_WQX-8359,17-BLND_Tb-2.0,,,,,41.0457200000,-73.7099010000,,,,,,STORET-1060247162,Not Detected,None,Perfluorohexanesulfonic acid,Total,,,U,Accepted,,,,,,,,,,,,,,,,,,,,,,537M,USEPA,"MODIFIED, Determination of Selected Perfluorinated Alkyl Acids in Drinking Water by Solid Phase Extraction and Liquid Chromatography/Tandem Mass Spectrometry (LC/MS/MS)",,,TALBURL,2021-05-04,,https://www.waterqualitydata.us/data/providers/STORET/organizations/21NYDECA_WQX/activities/21NYDECA_WQX-17-BLND_Tb-2.0_20210421T0945%3ACEC-00181/results/1060247162/resdetectqntlmts,Lower Quantitation Limit,1.6,ng/L,,2025-04-18T14:28:18,STORET
21NYDECA_WQX,New York State Dec Division Of Water,21NYDECA_WQX-17-KENE-0.3_20210824T1100:CEC-00191,Sample-Routine,Water,,2021-08-24,11:00:00,EDT,,,,,,,,,,,,PFAS Monitoring,PFAS Monitoring,NYSDEC,21NYDECA_WQX-8521,17-KENE-0.3,,,,,41.0804960000,-73.7137590000,,,,,,STORET-1060247361,,None,Perfluorohexanesulfonic acid,Total,1100,ng/L,CON,Accepted,,Actual,,,,,,,,,,,,,,,,,,,,537M,USEPA,"MODIFIED, Determination of Selected Perfluorinated Alkyl Acids in Drinking Water by Solid Phase Extraction and Liquid Chromatography/Tandem Mass Spectrometry (LC/MS/MS)",,,TALBURL,2021-08-31,,https://www.waterqualitydata.us/data/providers/STORET/organizations/21NYDECA_WQX/activities/21NYDECA_WQX-17-KENE-0.3_20210824T1100%3ACEC-00191/results/1060247361/resdetectqntlmts,Lower Quantitation Limit,17,ng/L,,2025-04-18T14:28:20,STORET
21NYDECA_WQX,New York State Dec Division Of Water,21NYDECA_WQX-03-SALM-6.0_20210420T1500:CEC-00176,Sample-Routine,Water,,2021-04-20,15:00:00,EDT,,,,,,,,,,,,PFAS Monitoring,PFAS Monitoring,NYSDEC,21NYDECA_WQX-671,03-SALM-6.0,,,,,43.5612220000,-76.1181390000,,,,,,STORET-1060247057,Not Detected,None,Perfluorohexanesulfonic acid,Total,,,U,Accepted,,,,,,,,,,,,,,,,,,,,,,537M,USEPA,"MODIFIED, Determination of Selected Perfluorinated Alkyl Acids in Drinking Water by Solid Phase Extraction and Liquid Chromatography/Tandem Mass Spectrometry (LC/MS/MS)",,,TALBURL,2021-04-29,,https://www.waterqualitydata.us/data/providers/STORET/organizations/21NYDECA_WQX/activities/21NYDECA_WQX-03-SALM-6.0_20210420T1500%3ACEC-00176/results/1060247057/resdetectqntlmts,Lower Quantitation Limit,1.7,ng/L,,2025-04-18T14:28:18,STORET
21NYDECA_WQX,New York State Dec Division Of Water,21NYDECA_WQX-11-UHUD-5.5_20210825T1100:CEC-00204,Sample-Routine,Water,,2021-08-25,11:00:00,EDT,,,,,,,,,,,,PFAS Monitoring,PFAS Monitoring,NYSDEC,21NYDECA_WQX-3194,11-UHUD-5.5,,,,,42.8227400000,-73.6613700000,,,,,,STORET-1060247645,Not Detected,None,Perfluorohexanesulfonic acid,Total,,,U,Accepted,,,,,,,,,,,,,,,,,,,,,,537M,USEPA,"MODIFIED, Determination of Selected Perfluorinated Alkyl Acids in Drinking Water by Solid Phase Extraction and Liquid Chromatography/Tandem Mass Spectrometry (LC/MS/MS)",,,TALBURL,2021-08-27,,https://www.waterqualitydata.us/data/providers/STORET/organizations/21NYDECA_WQX/activities/21NYDECA_WQX-11-UHUD-5.5_20210825T1100%3ACEC-00204/results/1060247645/resdetectqntlmts,Lower Quantitation Limit,1.7,ng/L,,2025-04-18T14:28:21,STORET
21NYDECA_WQX,New York State Dec Division Of Water,21NYDECA_WQX-14-WDEL-16.2_20210817T1000:CEC-00167,Sample-Routine,Water,,2021-08-17,10:00:00,EDT,,,,,,,,,,,,Routine,Routine River Network,NYSDEC,21NYDECA_WQX-7774,14-WDEL-16.2,,,,,42.0800000000,-75.4013800000,,,,,,STORET-1060246868,Not Detected,None,Perfluorohexanesulfonic acid,Total,,,U,Accepted,,,,,,,,,,,,,,,,,,,,,,537M,USEPA,"MODIFIED, Determination of Selected Perfluorinated Alkyl Acids in Drinking Water by Solid Phase Extraction and Liquid Chromatography/Tandem Mass Spectrometry (LC/MS/MS)",,,TALBURL,2021-08-20,,https://www.waterqualitydata.us/data/providers/STORET/organizations/21NYDECA_WQX/activities/21NYDECA_WQX-14-WDEL-16.2_20210817T1000%3ACEC-00167/results/1060246868/resdetectqntlmts,Lower Quantitation Limit,1.6,ng/L,,2025-04-18T14:28:17,STORET
21NYDECA_WQX,New York State Dec Division Of Water,21NYDECA_WQX-13-LHUD-130.6_20210816T1030:CEC-00137,Sample-Routine,Water,,2021-08-16,10:30:00,EDT,,,,,,,,,,,,Routine,Routine River Network,NYSDEC,21NYDECA_WQX-3664,13-LHUD-130.6,,,,,42.6194950000,-73.7587960000,,,,,,STORET-1060246238,Not Detected,None,Perfluorohexanesulfonic acid,Total,,,U,Accepted,,,,,,,,,,,,,,,,,,,,,,537M,USEPA,"MODIFIED, Determination of Selected Perfluorinated Alkyl Acids in Drinking Water by Solid Phase Extraction and Liquid Chromatography/Tandem Mass Spectrometry (LC/MS/MS)",,,TALBURL,2021-08-18,,https://www.waterqualitydata.us/data/providers/STORET/organizations/21NYDECA_WQX/activities/21NYDECA_WQX-13-LHUD-130.6_20210816T1030%3ACEC-00137/results/1060246238/resdetectqntlmts,Lower Quantitation Limit,1.7,ng/L,,2025-04-18T14:28:13,STORET
21NYDECA_WQX,New York State Dec Division Of Water,21NYDECA_WQX-12-MOHK-15.5_20210825T0915:CEC-00205,Sample-Routine,Water,,2021-08-25,09:15:00,EDT,,,,,,,,,,,,PFAS Monitoring,PFAS Monitoring,NYSDEC,21NYDECA_WQX-3387,12-MOHK-15.5,,,,,42.8206240000,-73.8586170000,,,,,,STORET-1060247666,Not Detected,None,Perfluorohexanesulfonic acid,Total,,,U,Accepted,,,,,,,,,,,,,,,,,,,,,,537M,USEPA,"MODIFIED, Determination of Selected Perfluorinated Alkyl Acids in Drinking Water by Solid Phase Extraction and Liquid Chromatography/Tandem Mass Spectrometry (LC/MS/MS)",,,TALBURL,2021-08-27,,https://www.waterqualitydata.us/data/providers/STORET/organizations/21NYDECA_WQX/activities/21NYDECA_WQX-12-MOHK-15.5_20210825T0915%3ACEC-00205/results/1060247666/resdetectqntlmts,Lower Quantitation Limit,1.6,ng/L,,2025-04-18T14:28:21,STORET
21NYDECA_WQX,New York State Dec Division Of Water,21NYDECA_WQX-03-EMIL-5.1_20210826T1000:CEC-00170,Sample-Routine,Water,,2021-08-26,10:00:00,EDT,,,,,,,,,,,,Routine,Routine River Network,NYSDEC,21NYDECA_WQX-728,03-EMIL-5.1,,,,,43.2778500000,-78.7118500000,,,,,,STORET-1060246931,Not Detected,None,Perfluorohexanesulfonic acid,Total,,,U,Accepted,,,,,,,,,,,,,,,,,,,,,,537M,USEPA,"MODIFIED, Determination of Selected Perfluorinated Alkyl Acids in Drinking Water by Solid Phase Extraction and Liquid Chromatography/Tandem Mass Spectrometry (LC/MS/MS)",,,TALBURL,2021-09-01,,https://www.waterqualitydata.us/data/providers/STORET/organizations/21NYDECA_WQX/activities/21NYDECA_WQX-03-EMIL-5.1_20210826T1000%3ACEC-00170/results/1060246931/resdetectqntlmts,Lower Quantitation Limit,1.6,ng/L,,2025-04-18T14:28:17,STORET
21NYDECA_WQX,New York State Dec Division Of Water,21NYDECA_WQX-13-ROND-9.2_20210817T1115:CEC-00162,Sample-Routine,Water,,2021-08-17,11:15:00,EDT,,,,,,,,,,,,Routine,Routine River Network,NYSDEC,21NYDECA_WQX-4259,13-ROND-9.2,,,,,41.8461780000,-74.0742820000,,,,,,STORET-1060246763,Not Detected,None,Perfluorohexanesulfonic acid,Total,,,U,Accepted,,,,,,,,,,,,,,,,,,,,,,537M,USEPA,"MODIFIED, Determination of Selected Perfluorinated Alkyl Acids in Drinking Water by Solid Phase Extraction and Liquid Chromatography/Tandem Mass Spectrometry (LC/MS/MS)",,,TALBURL,2021-08-20,,https://www.waterqualitydata.us/data/providers/STORET/organizations/21NYDECA_WQX/activities/21NYDECA_WQX-13-ROND-9.2_20210817T1115%3ACEC-00162/results/1060246763/resdetectqntlmts,Lower Quantitation Limit,1.6,ng/L,,2025-04-18T14:28:16,STORET
21NYDECA_WQX,New York State Dec Division Of Water,21NYDECA_WQX-11-UHUD-4.5_20210426T1100:CEC-00177,Sample-Routine,Water,,2021-04-26,11:00:00,EDT,,,,,,,,,,,,PFAS Monitoring,PFAS Monitoring,NYSDEC,21NYDECA_WQX-3191,11-UHUD-4.5,,,,,42.8091220000,-73.6583080000,,,,,,STORET-1060247078,Not Detected,None,Perfluorohexanesulfonic acid,Total,,,U,Accepted,,,,,,,,,,,,,,,,,,,,,,537M,USEPA,"MODIFIED, Determination of Selected Perfluorinated Alkyl Acids in Drinking Water by Solid Phase Extraction and Liquid Chromatography/Tandem Mass Spectrometry (LC/MS/MS)",,,TALBURL,2021-05-06,,https://www.waterqualitydata.us/data/providers/STORET/organizations/21NYDECA_WQX/activities/21NYDECA_WQX-11-UHUD-4.5_20210426T1100%3ACEC-00177/results/1060247078/resdetectqntlmts,Lower Quantitation Limit,1.7,ng/L,,2025-04-18T14:28:18,STORET
21NYDECA_WQX,New York State Dec Division Of Water,21NYDECA_WQX-13-ROND-9.2_20210412T1330:CEC-00098,Sample-Routine,Water,,2021-04-12,13:30:00,EDT,,,,,,,,,,,,Routine,Routine River Network,NYSDEC,21NYDECA_WQX-4259,13-ROND-9.2,,,,,41.8461780000,-74.0742820000,,,,,,STORET-1060245419,Not Detected,None,Perfluorohexanesulfonic acid,Total,,,U,Accepted,,,,,,,,,,,,,,,,,,,,,,537M,USEPA,"MODIFIED, Determination of Selected Perfluorinated Alkyl Acids in Drinking Water by Solid Phase Extraction and Liquid Chromatography/Tandem Mass Spectrometry (LC/MS/MS)",,,TALBURL,2021-04-15,,https://www.waterqualitydata.us/data/providers/STORET/organizations/21NYDECA_WQX/activities/21NYDECA_WQX-13-ROND-9.2_20210412T1330%3ACEC-00098/results/1060245419/resdetectqntlmts,Lower Quantitation Limit,1.7,ng/L,,2025-04-18T14:28:09,STORET
21NYDECA_WQX,New York State Dec Division Of Water,21NYDECA_WQX-08-BLCK-8.0_20210817T1100:CEC-00150,Sample-Routine,Water,,2021-08-17,11:00:00,EDT,,,,,,,,,,,,Routine,Routine River Network,NYSDEC,21NYDECA_WQX-1887,08-BLCK-8.0,,,,,43.9847200000,-75.9250000000,,,,,,STORET-1060246511,Not Detected,None,Perfluorohexanesulfonic acid,Total,,,U,Accepted,,,,,,,,,,,,,,,,,,,,,,537M,USEPA,"MODIFIED, Determination of Selected Perfluorinated Alkyl Acids in Drinking Water by Solid Phase Extraction and Liquid Chromatography/Tandem Mass Spectrometry (LC/MS/MS)",,,TALBURL,2021-08-19,,https://www.waterqualitydata.us/data/providers/STORET/organizations/21NYDECA_WQX/activities/21NYDECA_WQX-08-BLCK-8.0_20210817T1100%3ACEC-00150/results/1060246511/resdetectqntlmts,Lower Quantitation Limit,1.6,ng/L,,2025-04-18T14:28:15,STORET
21NYDECA_WQX,New York State Dec Division Of Water,21NYDECA_WQX-03-EMIL-5.1_20210414T1000:CEC-00129,Sample-Routine,Water,,2021-04-14,10:00:00,EDT,,,,,,,,,,,,Routine,Routine River Network,NYSDEC,21NYDECA_WQX-728,03-EMIL-5.1,,,,,43.2778500000,-78.7118500000,,,,,,STORET-1060246070,Not Detected,None,Perfluorohexanesulfonic acid,Total,,,U,Accepted,,,,,,,,,,,,,,,,,,,,,,537M,USEPA,"MODIFIED, Determination of Selected Perfluorinated Alkyl Acids in Drinking Water by Solid Phase Extraction and Liquid Chromatography/Tandem Mass Spectrometry (LC/MS/MS)",,,TALBURL,2021-04-21,,https://www.waterqualitydata.us/data/providers/STORET/organizations/21NYDECA_WQX/activities/21NYDECA_WQX-03-EMIL-5.1_20210414T1000%3ACEC-00129/results/1060246070/resdetectqntlmts,Lower Quantitation Limit,1.7,ng/L,,2025-04-18T14:28:12,STORET
21NYDECA_WQX,New York State Dec Division Of Water,21NYDECA_WQX-11-UHUD-267.8_20210817T0930:CEC-00153,Sample-Routine,Water,,2021-08-17,13:30:00,EDT,,,,,,,,,,,,Routine,Routine River Network,NYSDEC,21NYDECA_WQX-16216,11-UHUD-267.8,,,,,43.7008300000,-73.9825000000,,,,,,STORET-1060246574,Not Detected,None,Perfluorohexanesulfonic acid,Total,,,U,Accepted,,,,,,,,,,,,,,,,,,,,,,537M,USEPA,"MODIFIED, Determination of Selected Perfluorinated Alkyl Acids in Drinking Water by Solid Phase Extraction and Liquid Chromatography/Tandem Mass Spectrometry (LC/MS/MS)",,,TALBURL,2021-08-19,,https://www.waterqualitydata.us/data/providers/STORET/organizations/21NYDECA_WQX/activities/21NYDECA_WQX-11-UHUD-267.8_20210817T0930%3ACEC-00153/results/1060246574/resdetectqntlmts,Lower Quantitation Limit,1.7,ng/L,,2025-04-18T14:28:15,STORET
21NYDECA_WQX,New York State Dec Division Of Water,21NYDECA_WQX-06-SUSQ-31.4_20210414T1100:CEC-00124,Sample-Routine,Water,,2021-04-14,11:00:00,EDT,,,,,,,,,,,,Routine,Routine River Network,NYSDEC,21NYDECA_WQX-1363,06-SUSQ-31.4,,,,,42.0909700000,-76.0557870000,,,,,,STORET-1060245965,Not Detected,None,Perfluorohexanesulfonic acid,Total,,,U,Accepted,,,,,,,,,,,,,,,,,,,,,,537M,USEPA,"MODIFIED, Determination of Selected Perfluorinated Alkyl Acids in Drinking Water by Solid Phase Extraction and Liquid Chromatography/Tandem Mass Spectrometry (LC/MS/MS)",,,TALBURL,2021-04-21,,https://www.waterqualitydata.us/data/providers/STORET/organizations/21NYDECA_WQX/activities/21NYDECA_WQX-06-SUSQ-31.4_20210414T1100%3ACEC-00124/results/1060245965/resdetectqntlmts,Lower Quantitation Limit,1.6,ng/L,,2025-04-18T14:28:12,STORET
21NYDECA_WQX,New York State Dec Division Of Water,21NYDECA_WQX-04-GENS-4.2_20210428T0945:CEC-00189,Sample-Routine,Water,,2021-04-28,09:45:00,EDT,,,,,,,,,,,,PFAS Monitoring,PFAS Monitoring,NYSDEC,21NYDECA_WQX-978,04-GENS-4.2,,,,,43.1983890000,-77.6207460000,,,,,,STORET-1060247330,Not Detected,None,Perfluorohexanesulfonic acid,Total,,,U,Accepted,,,,,,,,,,,,,,,,,,,,,,537M,USEPA,"MODIFIED, Determination of Selected Perfluorinated Alkyl Acids in Drinking Water by Solid Phase Extraction and Liquid Chromatography/Tandem Mass Spectrometry (LC/MS/MS)",,,TALBURL,2021-05-10,,https://www.waterqualitydata.us/data/providers/STORET/organizations/21NYDECA_WQX/activities/21NYDECA_WQX-04-GENS-4.2_20210428T0945%3ACEC-00189/results/1060247330/resdetectqntlmts,Lower Quantitation Limit,1.7,ng/L,,2025-04-18T14:28:20,STORET
21NYDECA_WQX,New York State Dec Division Of Water,21NYDECA_WQX-01-NIAG-3.4_20210427T1145:CEC-00187,Sample-Routine,Water,,2021-04-27,11:45:00,EDT,,,,,,,,,,,,PFAS Monitoring,PFAS Monitoring,NYSDEC,21NYDECA_WQX-84,01-NIAG-3.4,,,,,43.2143370000,-79.0532060000,,,,,,STORET-1060247288,Not Detected,None,Perfluorohexanesulfonic acid,Total,,,U,Accepted,,,,,,,,,,,,,,,,,,,,,,537M,USEPA,"MODIFIED, Determination of Selected Perfluorinated Alkyl Acids in Drinking Water by Solid Phase Extraction and Liquid Chromatography/Tandem Mass Spectrometry (LC/MS/MS)",,,TALBURL,2021-05-12,,https://www.waterqualitydata.us/data/providers/STORET/organizations/21NYDECA_WQX/activities/21NYDECA_WQX-01-NIAG-3.4_20210427T1145%3ACEC-00187/results/1060247288/resdetectqntlmts,Lower Quantitation Limit,1.6,ng/L,,2025-04-18T14:28:19,STORET
21NYDECA_WQX,New York State Dec Division Of Water,21NYDECA_WQX-06-DILA-5.4_20210414T1145:CEC-00121,Sample-Routine,Water,,2021-04-14,11:45:00,EDT,,,,,,,,,,,,Routine,Routine River Network,NYSDEC,21NYDECA_WQX-1143,06-DILA-5.4,,,,,42.3772200000,-75.4050000000,,,,,,STORET-1060245902,Not Detected,None,Perfluorohexanesulfonic acid,Total,,,U,Accepted,,,,,,,,,,,,,,,,,,,,,,537M,USEPA,"MODIFIED, Determination of Selected Perfluorinated Alkyl Acids in Drinking Water by Solid Phase Extraction and Liquid Chromatography/Tandem Mass Spectrometry (LC/MS/MS)",,,TALBURL,2021-04-21,,https://www.waterqualitydata.us/data/providers/STORET/organizations/21NYDECA_WQX/activities/21NYDECA_WQX-06-DILA-5.4_20210414T1145%3ACEC-00121/results/1060245902/resdetectqntlmts,Lower Quantitation Limit,1.6,ng/L,,2025-04-18T14:28:12,STORET
21NYDECA_WQX,New York State Dec Division Of Water,21NYDECA_WQX-01-BUFF-1.7_20210817T0830:CEC-00151,Sample-Routine,Water,,2021-08-17,08:30:00,EDT,,,,,,,,,,,,Routine,Routine River Network,NYSDEC,21NYDECA_WQX-139,01-BUFF-1.7,,,,,42.8619400000,-78.8678700000,,,,,,STORET-1060246532,Not Detected,None,Perfluorohexanesulfonic acid,Total,,,U,Accepted,,,,,,,,,,,,,,,,,,,,,,537M,USEPA,"MODIFIED, Determination of Selected Perfluorinated Alkyl Acids in Drinking Water by Solid Phase Extraction and Liquid Chromatography/Tandem Mass Spectrometry (LC/MS/MS)",,,TALBURL,2021-08-19,,https://www.waterqualitydata.us/data/providers/STORET/organizations/21NYDECA_WQX/activities/21NYDECA_WQX-01-BUFF-1.7_20210817T0830%3ACEC-00151/results/1060246532/resdetectqntlmts,Lower Quantitation Limit,1.6,ng/L,,2025-04-18T14:28:15,STORET
21NYDECA_WQX,New York State Dec Division Of Water,21NYDECA_WQX-05-CDEA-1.8_20210412T1245:CEC-00102,Sample-Routine,Water,,2021-04-12,12:45:00,EDT,,,,,,,,,,,,Routine,Routine River Network,NYSDEC,21NYDECA_WQX-1282,05-CDEA-1.8,,,,,42.3356700000,-77.6826700000,,,,,,STORET-1060245503,Not Detected,None,Perfluorohexanesulfonic acid,Total,,,U,Accepted,,,,,,,,,,,,,,,,,,,,,,537M,USEPA,"MODIFIED, Determination of Selected Perfluorinated Alkyl Acids in Drinking Water by Solid Phase Extraction and Liquid Chromatography/Tandem Mass Spectrometry (LC/MS/MS)",,,TALBURL,2021-04-19,,https://www.waterqualitydata.us/data/providers/STORET/organizations/21NYDECA_WQX/activities/21NYDECA_WQX-05-CDEA-1.8_20210412T1245%3ACEC-00102/results/1060245503/resdetectqntlmts,Lower Quantitation Limit,1.7,ng/L,,2025-04-18T14:28:09,STORET
21NYDECA_WQX,New York State Dec Division Of Water,21NYDECA_WQX-12-MOHK-1.5_20210818T1100:CEC-00155,Sample-Routine,Water,,2021-08-18,11:00:00,EDT,,,,,,,,,,,,Routine,Routine River Network,NYSDEC,21NYDECA_WQX-3301,12-MOHK-1.5,,,,,42.7783300000,-73.6966700000,,,,,,STORET-1060246616,Not Detected,None,Perfluorohexanesulfonic acid,Total,,,U,Accepted,,,,,,,,,,,,,,,,,,,,,,537M,USEPA,"MODIFIED, Determination of Selected Perfluorinated Alkyl Acids in Drinking Water by Solid Phase Extraction and Liquid Chromatography/Tandem Mass Spectrometry (LC/MS/MS)",,,TALBURL,2021-08-20,,https://www.waterqualitydata.us/data/providers/STORET/organizations/21NYDECA_WQX/activities/21NYDECA_WQX-12-MOHK-1.5_20210818T1100%3ACEC-00155/results/1060246616/resdetectqntlmts,Lower Quantitation Limit,1.6,ng/L,,2025-04-18T14:28:15,STORET
21NYDECA_WQX,New York State Dec Division Of Water,21NYDECA_WQX-13-WALK-18.6_20210817T0915:CEC-00163,Sample-Routine,Water,,2021-08-17,09:15:00,EDT,,,,,,,,,,,,Routine,Routine River Network,NYSDEC,21NYDECA_WQX-4087,13-WALK-18.6,,,,,41.6878310000,-74.1657000000,,,,,,STORET-1060246784,Not Detected,None,Perfluorohexanesulfonic acid,Total,,,U,Accepted,,,,,,,,,,,,,,,,,,,,,,537M,USEPA,"MODIFIED, Determination of Selected Perfluorinated Alkyl Acids in Drinking Water by Solid Phase Extraction and Liquid Chromatography/Tandem Mass Spectrometry (LC/MS/MS)",,,TALBURL,2021-08-20,,https://www.waterqualitydata.us/data/providers/STORET/organizations/21NYDECA_WQX/activities/21NYDECA_WQX-13-WALK-18.6_20210817T0915%3ACEC-00163/results/1060246784/resdetectqntlmts,Lower Quantitation Limit,1.6,ng/L,,2025-04-18T14:28:16,STORET
21NYDECA_WQX,New York State Dec Division Of Water,21NYDECA_WQX-01-NIAG-2.6_20210427T1200:CEC-00186,Sample-Routine,Water,,2021-04-27,12:00:00,EDT,,,,,,,,,,,,PFAS Monitoring,PFAS Monitoring,NYSDEC,21NYDECA_WQX-79,01-NIAG-2.6,,,,,43.2282330000,-79.0517930000,,,,,,STORET-1060247267,Not Detected,None,Perfluorohexanesulfonic acid,Total,,,U,Accepted,,,,,,,,,,,,,,,,,,,,,,537M,USEPA,"MODIFIED, Determination of Selected Perfluorinated Alkyl Acids in Drinking Water by Solid Phase Extraction and Liquid Chromatography/Tandem Mass Spectrometry (LC/MS/MS)",,,TALBURL,2021-05-12,,https://www.waterqualitydata.us/data/providers/STORET/organizations/21NYDECA_WQX/activities/21NYDECA_WQX-01-NIAG-2.6_20210427T1200%3ACEC-00186/results/1060247267/resdetectqntlmts,Lower Quantitation Limit,1.7,ng/L,,2025-04-18T14:28:19,STORET
21NYDECA_WQX,New York State Dec Division Of Water,21NYDECA_WQX-02-ALGY-20.3_20210816T1045:CEC-00142,Sample-Routine,Water,,2021-08-16,10:45:00,EDT,,,,,,,,,,,,Routine,Routine River Network,NYSDEC,21NYDECA_WQX-427,02-ALGY-20.3,,,,,42.1571600000,-78.7179300000,,,,,,STORET-1060246343,Not Detected,None,Perfluorohexanesulfonic acid,Total,,,U,Accepted,,,,,,,,,,,,,,,,,,,,,,537M,USEPA,"MODIFIED, Determination of Selected Perfluorinated Alkyl Acids in Drinking Water by Solid Phase Extraction and Liquid Chromatography/Tandem Mass Spectrometry (LC/MS/MS)",,,TALBURL,2021-08-18,,https://www.waterqualitydata.us/data/providers/STORET/organizations/21NYDECA_WQX/activities/21NYDECA_WQX-02-ALGY-20.3_20210816T1045%3ACEC-00142/results/1060246343/resdetectqntlmts,Lower Quantitation Limit,1.6,ng/L,,2025-04-18T14:28:14,STORET
21NYDECA_WQX,New York State Dec Division Of Water,21NYDECA_WQX-17-KENF_Ta-0.2_20210824T0945:CEC-00192,Sample-Routine,Water,,2021-08-24,09:45:00,EDT,,,,,,,,,,,,PFAS Monitoring,PFAS Monitoring,NYSDEC,21NYDECA_WQX-8523,17-KENF_Ta-0.2,,,,,41.0674790000,-73.7175830000,,,,,,STORET-1060247393,,None,Perfluorohexanesulfonic acid,Total,12,ng/L,CON,Accepted,,Actual,,,,,,,,,,,,,,,,,,,,537M,USEPA,"MODIFIED, Determination of Selected Perfluorinated Alkyl Acids in Drinking Water by Solid Phase Extraction and Liquid Chromatography/Tandem Mass Spectrometry (LC/MS/MS)",,,TALBURL,2021-08-26,,https://www.waterqualitydata.us/data/providers/STORET/organizations/21NYDECA_WQX/activities/21NYDECA_WQX-17-KENF_Ta-0.2_20210824T0945%3ACEC-00192/results/1060247393/resdetectqntlmts,Lower Quantitation Limit,1.6,ng/L,,2025-04-18T14:28:20,STORET
21NYDECA_WQX,New York State Dec Division Of Water,21NYDECA_WQX-04-RAGA-1.4_20210816T0915:CEC-00141,Sample-Routine,Water,,2021-08-16,09:15:00,EDT,,,,,,,,,,,,Routine,Routine River Network,NYSDEC,21NYDECA_WQX-776,04-RAGA-1.4,,,,,42.7359800000,-77.8418300000,,,,,,STORET-1060246322,Not Detected,None,Perfluorohexanesulfonic acid,Total,,,U,Accepted,,,,,,,,,,,,,,,,,,,,,,537M,USEPA,"MODIFIED, Determination of Selected Perfluorinated Alkyl Acids in Drinking Water by Solid Phase Extraction and Liquid Chromatography/Tandem Mass Spectrometry (LC/MS/MS)",,,TALBURL,2021-08-18,,https://www.waterqualitydata.us/data/providers/STORET/organizations/21NYDECA_WQX/activities/21NYDECA_WQX-04-RAGA-1.4_20210816T0915%3ACEC-00141/results/1060246322/resdetectqntlmts,Lower Quantitation Limit,1.9,ng/L,,2025-04-18T14:28:14,STORET
21NYDECA_WQX,New York State Dec Division Of Water,21NYDECA_WQX-12-MOHK-15.5_20210422T1043:CEC-00179,Sample-Routine,Water,,2021-04-22,10:43:00,EDT,,,,,,,,,,,,PFAS Monitoring,PFAS Monitoring,NYSDEC,21NYDECA_WQX-3387,12-MOHK-15.5,,,,,42.8206240000,-73.8586170000,,,,,,STORET-1060247120,Not Detected,None,Perfluorohexanesulfonic acid,Total,,,U,Accepted,,,,,,,,,,,,,,,,,,,,,,537M,USEPA,"MODIFIED, Determination of Selected Perfluorinated Alkyl Acids in Drinking Water by Solid Phase Extraction and Liquid Chromatography/Tandem Mass Spectrometry (LC/MS/MS)",,,TALBURL,2021-05-06,,https://www.waterqualitydata.us/data/providers/STORET/organizations/21NYDECA_WQX/activities/21NYDECA_WQX-12-MOHK-15.5_20210422T1043%3ACEC-00179/results/1060247120/resdetectqntlmts,Lower Quantitation Limit,1.7,ng/L,,2025-04-18T14:28:18,STORET
21NYDECA_WQX,New York State Dec Division Of Water,21NYDECA_WQX-03-LONT_T63-1.0_20210825T1115:CEC-00193,Sample-Routine,Water,,2021-08-25,11:15:00,EDT,,,,,,,,,,,,PFAS Monitoring,PFAS Monitoring,NYSDEC,21NYDECA_WQX-601,03-LONT_T63-1.0,,,,,43.4858760000,-76.4566710000,,,,,,STORET-1060247414,,None,Perfluorohexanesulfonic acid,Total,1.9,ng/L,CON,Accepted,,Actual,,,,,,,,,,,,,,,,,,,,537M,USEPA,"MODIFIED, Determination of Selected Perfluorinated Alkyl Acids in Drinking Water by Solid Phase Extraction and Liquid Chromatography/Tandem Mass Spectrometry (LC/MS/MS)",,,TALBURL,2021-08-27,,https://www.waterqualitydata.us/data/providers/STORET/organizations/21NYDECA_WQX/activities/21NYDECA_WQX-03-LONT_T63-1.0_20210825T1115%3ACEC-00193/results/1060247414/resdetectqntlmts,Lower Quantitation Limit,1.7,ng/L,,2025-04-18T14:28:20,STORET
21NYDECA_WQX,New York State Dec Division Of Water,21NYDECA_WQX-01-NIAG-18.4_20210824T1600:CEC-00198,Sample-Routine,Water,,2021-08-24,16:00:00,EDT,,,,,,,,,,,,PFAS Monitoring,PFAS Monitoring,NYSDEC,21NYDECA_WQX-78,01-NIAG-18.4,,,,,43.0647780000,-78.9880480000,,,,,,STORET-1060247519,Not Detected,None,Perfluorohexanesulfonic acid,Total,,,U,Accepted,,,,,,,,,,,,,,,,,,,,,,537M,USEPA,"MODIFIED, Determination of Selected Perfluorinated Alkyl Acids in Drinking Water by Solid Phase Extraction and Liquid Chromatography/Tandem Mass Spectrometry (LC/MS/MS)",,,TALBURL,2021-08-27,,https://www.waterqualitydata.us/data/providers/STORET/organizations/21NYDECA_WQX/activities/21NYDECA_WQX-01-NIAG-18.4_20210824T1600%3ACEC-00198/results/1060247519/resdetectqntlmts,Lower Quantitation Limit,1.6,ng/L,,2025-04-18T14:28:21,STORET
21NYDECA_WQX,New York State Dec Division Of Water,21NYDECA_WQX-06-TOGH-32.8_20210818T1100:CEC-00146,Sample-Routine,Water,,2021-08-18,11:00:00,EDT,,,,,,,,,,,,Routine,Routine River Network,NYSDEC,21NYDECA_WQX-1382,06-TOGH-32.8,,,,,42.5986100000,-76.1586100000,,,,,,STORET-1060246427,Not Detected,None,Perfluorohexanesulfonic acid,Total,,,U,Accepted,,,,,,,,,,,,,,,,,,,,,,537M,USEPA,"MODIFIED, Determination of Selected Perfluorinated Alkyl Acids in Drinking Water by Solid Phase Extraction and Liquid Chromatography/Tandem Mass Spectrometry (LC/MS/MS)",,,TALBURL,2021-08-20,,https://www.waterqualitydata.us/data/providers/STORET/organizations/21NYDECA_WQX/activities/21NYDECA_WQX-06-TOGH-32.8_20210818T1100%3ACEC-00146/results/1060246427/resdetectqntlmts,Lower Quantitation Limit,1.6,ng/L,,2025-04-18T14:28:14,STORET
21NYDECA_WQX,New York State Dec Division Of Water,21NYDECA_WQX-08-BLCK-84.5_20210816T0830:CEC-00138,Sample-Routine,Water,,2021-08-16,08:30:00,EDT,,,,,,,,,,,,Routine,Routine River Network,NYSDEC,21NYDECA_WQX-1888,08-BLCK-84.5,,,,,43.5116700000,-75.3066600000,,,,,,STORET-1060246259,Not Detected,None,Perfluorohexanesulfonic acid,Total,,,U,Accepted,,,,,,,,,,,,,,,,,,,,,,537M,USEPA,"MODIFIED, Determination of Selected Perfluorinated Alkyl Acids in Drinking Water by Solid Phase Extraction and Liquid Chromatography/Tandem Mass Spectrometry (LC/MS/MS)",,,TALBURL,2021-08-18,,https://www.waterqualitydata.us/data/providers/STORET/organizations/21NYDECA_WQX/activities/21NYDECA_WQX-08-BLCK-84.5_20210816T0830%3ACEC-00138/results/1060246259/resdetectqntlmts,Lower Quantitation Limit,1.6,ng/L,,2025-04-18T14:28:13,STORET
21NYDECA_WQX,New York State Dec Division Of Water,21NYDECA_WQX-08-BLCK-84.5_20210412T0830:CEC-00100,Sample-Routine,Water,,2021-04-12,08:30:00,EDT,,,,,,,,,,,,Routine,Routine River Network,NYSDEC,21NYDECA_WQX-1888,08-BLCK-84.5,,,,,43.5116700000,-75.3066600000,,,,,,STORET-1060245461,Not Detected,None,Perfluorohexanesulfonic acid,Total,,,U,Accepted,,,,,,,,,,,,,,,,,,,,,,537M,USEPA,"MODIFIED, Determination of Selected Perfluorinated Alkyl Acids in Drinking Water by Solid Phase Extraction and Liquid Chromatography/Tandem Mass Spectrometry (LC/MS/MS)",,,TALBURL,2021-04-19,,https://www.waterqualitydata.us/data/providers/STORET/organizations/21NYDECA_WQX/activities/21NYDECA_WQX-08-BLCK-84.5_20210412T0830%3ACEC-00100/results/1060245461/resdetectqntlmts,Lower Quantitation Limit,1.6,ng/L,,2025-04-18T14:28:09,STORET
21NYDECA_WQX,New York State Dec Division Of Water,21NYDECA_WQX-03-LONT_T63-1.0_20210420T1215:CEC-00173,Sample-Routine,Water,,2021-04-20,12:15:00,EDT,,,,,,,,,,,,PFAS Monitoring,PFAS Monitoring,NYSDEC,21NYDECA_WQX-601,03-LONT_T63-1.0,,,,,43.4858760000,-76.4566710000,,,,,,STORET-1060246994,Not Detected,None,Perfluorohexanesulfonic acid,Total,,,U,Accepted,,,,,,,,,,,,,,,,,,,,,,537M,USEPA,"MODIFIED, Determination of Selected Perfluorinated Alkyl Acids in Drinking Water by Solid Phase Extraction and Liquid Chromatography/Tandem Mass Spectrometry (LC/MS/MS)",,,TALBURL,2021-05-03,,https://www.waterqualitydata.us/data/providers/STORET/organizations/21NYDECA_WQX/activities/21NYDECA_WQX-03-LONT_T63-1.0_20210420T1215%3ACEC-00173/results/1060246994/resdetectqntlmts,Lower Quantitation Limit,1.7,ng/L,,2025-04-18T14:28:17,STORET
21NYDECA_WQX,New York State Dec Division Of Water,21NYDECA_WQX-08-BLCK-8.0_20210412T0915:CEC-00097,Sample-Routine,Water,,2021-04-12,09:15:00,EDT,,,,,,,,,,,,Routine,Routine River Network,NYSDEC,21NYDECA_WQX-1887,08-BLCK-8.0,,,,,43.9847200000,-75.9250000000,,,,,,STORET-1060245398,Not Detected,None,Perfluorohexanesulfonic acid,Total,,,U,Accepted,,,,,,,,,,,,,,,,,,,,,,537M,USEPA,"MODIFIED, Determination of Selected Perfluorinated Alkyl Acids in Drinking Water by Solid Phase Extraction and Liquid Chromatography/Tandem Mass Spectrometry (LC/MS/MS)",,,TALBURL,2021-04-15,,https://www.waterqualitydata.us/data/providers/STORET/organizations/21NYDECA_WQX/activities/21NYDECA_WQX-08-BLCK-8.0_20210412T0915%3ACEC-00097/results/1060245398/resdetectqntlmts,Lower Quantitation Limit,1.7,ng/L,,2025-04-18T14:28:09,STORET
21NYDECA_WQX,New York State Dec Division Of Water,21NYDECA_WQX-07-ONON-1.0_20210816T0830:CEC-00147,Sample-Routine,Water,,2021-08-16,08:30:00,EDT,,,,,,,,,,,,Routine,Routine River Network,NYSDEC,21NYDECA_WQX-1672,07-ONON-1.0,,,,,43.0577800000,-76.1634500000,,,,,,STORET-1060246448,Not Detected,None,Perfluorohexanesulfonic acid,Total,,,U,Accepted,,,,,,,,,,,,,,,,,,,,,,537M,USEPA,"MODIFIED, Determination of Selected Perfluorinated Alkyl Acids in Drinking Water by Solid Phase Extraction and Liquid Chromatography/Tandem Mass Spectrometry (LC/MS/MS)",,,TALBURL,2021-08-19,,https://www.waterqualitydata.us/data/providers/STORET/organizations/21NYDECA_WQX/activities/21NYDECA_WQX-07-ONON-1.0_20210816T0830%3ACEC-00147/results/1060246448/resdetectqntlmts,Lower Quantitation Limit,1.6,ng/L,,2025-04-18T14:28:14,STORET
21NYDECA_WQX,New York State Dec Division Of Water,21NYDECA_WQX-17-KENF_Ta-0.2_20210421T1100:CEC-00183,Sample-Routine,Water,,2021-04-21,11:00:00,EDT,,,,,,,,,,,,PFAS Monitoring,PFAS Monitoring,NYSDEC,21NYDECA_WQX-8523,17-KENF_Ta-0.2,,,,,41.0674790000,-73.7175830000,,,,,,STORET-1060247204,,None,Perfluorohexanesulfonic acid,Total,8.3,ng/L,CON,Accepted,,Actual,,,,,,,,,,,,,,,,,,,,537M,USEPA,"MODIFIED, Determination of Selected Perfluorinated Alkyl Acids in Drinking Water by Solid Phase Extraction and Liquid Chromatography/Tandem Mass Spectrometry (LC/MS/MS)",,,TALBURL,2021-05-04,,https://www.waterqualitydata.us/data/providers/STORET/organizations/21NYDECA_WQX/activities/21NYDECA_WQX-17-KENF_Ta-0.2_20210421T1100%3ACEC-00183/results/1060247204/resdetectqntlmts,Lower Quantitation Limit,1.6,ng/L,,2025-04-18T14:28:19,STORET
21NYDECA_WQX,New York State Dec Division Of Water,21NYDECA_WQX-10-BOQT-2.6_20210414T1000:CEC-00130,Sample-Routine,Water,,2021-04-14,10:00:00,EDT,,,,,,,,,,,,Routine,Routine River Network,NYSDEC,21NYDECA_WQX-2676,10-BOQT-2.6,,,,,44.3638900000,-73.3908810000,,,,,,STORET-1060246091,Not Detected,None,Perfluorohexanesulfonic acid,Total,,,U,Accepted,,,,,,,,,,,,,,,,,,,,,,537M,USEPA,"MODIFIED, Determination of Selected Perfluorinated Alkyl Acids in Drinking Water by Solid Phase Extraction and Liquid Chromatography/Tandem Mass Spectrometry (LC/MS/MS)",,,TALBURL,2021-04-21,,https://www.waterqualitydata.us/data/providers/STORET/organizations/21NYDECA_WQX/activities/21NYDECA_WQX-10-BOQT-2.6_20210414T1000%3ACEC-00130/results/1060246091/resdetectqntlmts,Lower Quantitation Limit,1.6,ng/L,,2025-04-18T14:28:13,STORET
21NYDECA_WQX,New York State Dec Division Of Water,21NYDECA_WQX-06-TOGH-32.8_20210414T0900:CEC-00125,Sample-Routine,Water,,2021-04-14,09:00:00,EDT,,,,,,,,,,,,Routine,Routine River Network,NYSDEC,21NYDECA_WQX-1382,06-TOGH-32.8,,,,,42.5986100000,-76.1586100000,,,,,,STORET-1060245986,Not Detected,None,Perfluorohexanesulfonic acid,Total,,,U,Accepted,,,,,,,,,,,,,,,,,,,,,,537M,USEPA,"MODIFIED, Determination of Selected Perfluorinated Alkyl Acids in Drinking Water by Solid Phase Extraction and Liquid Chromatography/Tandem Mass Spectrometry (LC/MS/MS)",,,TALBURL,2021-04-21,,https://www.waterqualitydata.us/data/providers/STORET/organizations/21NYDECA_WQX/activities/21NYDECA_WQX-06-TOGH-32.8_20210414T0900%3ACEC-00125/results/1060245986/resdetectqntlmts,Lower Quantitation Limit,1.7,ng/L,,2025-04-18T14:28:12,STORET
21NYDECA_WQX,New York State Dec Division Of Water,21NYDECA_WQX-03-SALM-7.8_20210825T1300:CEC-00195,Sample-Routine,Water,,2021-08-25,13:00:00,EDT,,,,,,,,,,,,PFAS Monitoring,PFAS Monitoring,NYSDEC,21NYDECA_WQX-672,03-SALM-7.8,,,,,43.5500000000,-76.0944400000,,,,,,STORET-1060247456,Not Detected,None,Perfluorohexanesulfonic acid,Total,,,U,Accepted,,,,,,,,,,,,,,,,,,,,,,537M,USEPA,"MODIFIED, Determination of Selected Perfluorinated Alkyl Acids in Drinking Water by Solid Phase Extraction and Liquid Chromatography/Tandem Mass Spectrometry (LC/MS/MS)",,,TALBURL,2021-08-27,,https://www.waterqualitydata.us/data/providers/STORET/organizations/21NYDECA_WQX/activities/21NYDECA_WQX-03-SALM-7.8_20210825T1300%3ACEC-00195/results/1060247456/resdetectqntlmts,Lower Quantitation Limit,1.7,ng/L,,2025-04-18T14:28:20,STORET
21NYDECA_WQX,New York State Dec Division Of Water,21NYDECA_WQX-17-BRNX-5.6_20210826T0930:CEC-00172,Sample-Routine,Water,,2021-08-26,13:30:00,EDT,,,,,,,,,,,,Routine,Routine River Network,NYSDEC,21NYDECA_WQX-8366,17-BRNX-5.6,,,,,40.8800000000,-73.8686000000,,,,,,STORET-1060246973,,None,Perfluorohexanesulfonic acid,Total,5.1,ng/L,CON,Accepted,,Actual,,,,,,,,,,,,,,,,,,,,537M,USEPA,"MODIFIED, Determination of Selected Perfluorinated Alkyl Acids in Drinking Water by Solid Phase Extraction and Liquid Chromatography/Tandem Mass Spectrometry (LC/MS/MS)",,,TALBURL,2021-09-01,,https://www.waterqualitydata.us/data/providers/STORET/organizations/21NYDECA_WQX/activities/21NYDECA_WQX-17-BRNX-5.6_20210826T0930%3ACEC-00172/results/1060246973/resdetectqntlmts,Lower Quantitation Limit,1.6,ng/L,,2025-04-18T14:28:17,STORET
21NYDECA_WQX,New York State Dec Division Of Water,21NYDECA_WQX-13-LHUD-130.6_20210412T1000:CEC-00104,Sample-Routine,Water,,2021-04-12,10:00:00,EDT,,,,,,,,,,,,Routine,Routine River Network,NYSDEC,21NYDECA_WQX-3664,13-LHUD-130.6,,,,,42.6194950000,-73.7587960000,,,,,,STORET-1060245545,Not Detected,None,Perfluorohexanesulfonic acid,Total,,,U,Accepted,,,,,,,,,,,,,,,,,,,,,,537M,USEPA,"MODIFIED, Determination of Selected Perfluorinated Alkyl Acids in Drinking Water by Solid Phase Extraction and Liquid Chromatography/Tandem Mass Spectrometry (LC/MS/MS)",,,TALBURL,2021-04-19,,https://www.waterqualitydata.us/data/providers/STORET/organizations/21NYDECA_WQX/activities/21NYDECA_WQX-13-LHUD-130.6_20210412T1000%3ACEC-00104/results/1060245545/resdetectqntlmts,Lower Quantitation Limit,1.7,ng/L,,2025-04-18T14:28:10,STORET
21NYDECA_WQX,New York State Dec Division Of Water,21NYDECA_WQX-11-HOOS-20.8_20210413T1000:CEC-00115,Sample-Routine,Water,,2021-04-13,10:00:00,EDT,,,,,,,,,,,,Routine,Routine River Network,NYSDEC,21NYDECA_WQX-2923,11-HOOS-20.8,,,,,42.9513900000,-73.3911100000,,,,,,STORET-1060245776,Not Detected,None,Perfluorohexanesulfonic acid,Total,,,U,Accepted,,,,,,,,,,,,,,,,,,,,,,537M,USEPA,"MODIFIED, Determination of Selected Perfluorinated Alkyl Acids in Drinking Water by Solid Phase Extraction and Liquid Chromatography/Tandem Mass Spectrometry (LC/MS/MS)",,,TALBURL,2021-04-20,,https://www.waterqualitydata.us/data/providers/STORET/organizations/21NYDECA_WQX/activities/21NYDECA_WQX-11-HOOS-20.8_20210413T1000%3ACEC-00115/results/1060245776/resdetectqntlmts,Lower Quantitation Limit,1.7,ng/L,,2025-04-18T14:28:11,STORET
21NYDECA_WQX,New York State Dec Division Of Water,21NYDECA_WQX-03-SALM-12.0_20210412T0930:CEC-00095,Sample-Routine,Water,,2021-04-12,09:30:00,EDT,,,,,,,,,,,,Routine,Routine River Network,NYSDEC,21NYDECA_WQX-666,03-SALM-12.0,,,,,43.5311100000,-76.0380600000,,,,,,STORET-1060245356,Not Detected,None,Perfluorohexanesulfonic acid,Total,,,U,Accepted,,,,,,,,,,,,,,,,,,,,,,537M,USEPA,"MODIFIED, Determination of Selected Perfluorinated Alkyl Acids in Drinking Water by Solid Phase Extraction and Liquid Chromatography/Tandem Mass Spectrometry (LC/MS/MS)",,,TALBURL,2021-04-19,,https://www.waterqualitydata.us/data/providers/STORET/organizations/21NYDECA_WQX/activities/21NYDECA_WQX-03-SALM-12.0_20210412T0930%3ACEC-00095/results/1060245356/resdetectqntlmts,Lower Quantitation Limit,1.6,ng/L,,2025-04-18T14:28:09,STORET
21NYDECA_WQX,New York State Dec Division Of Water,21NYDECA_WQX-04-UGNS-137.8_20210817T1130:CEC-00152,Sample-Routine,Water,,2021-08-17,11:30:00,EDT,,,,,,,,,,,,Routine,Routine River Network,NYSDEC,21NYDECA_WQX-823,04-UGNS-137.8,,,,,42.1186600000,-77.9465400000,,,,,,STORET-1060246553,,None,Perfluorohexanesulfonic acid,Total,2.9,ng/L,CON,Accepted,,Actual,,,,,,,,,,,,,,,,,,,,537M,USEPA,"MODIFIED, Determination of Selected Perfluorinated Alkyl Acids in Drinking Water by Solid Phase Extraction and Liquid Chromatography/Tandem Mass Spectrometry (LC/MS/MS)",,,TALBURL,2021-08-19,,https://www.waterqualitydata.us/data/providers/STORET/organizations/21NYDECA_WQX/activities/21NYDECA_WQX-04-UGNS-137.8_20210817T1130%3ACEC-00152/results/1060246553/resdetectqntlmts,Lower Quantitation Limit,1.6,ng/L,,2025-04-18T14:28:15,STORET
21NYDECA_WQX,New York State Dec Division Of Water,21NYDECA_WQX-13-KAAT-8.4_20220721T1000:CEC-00250,Sample-Routine,Water,,2022-07-21,10:00:00,EDT,,,,,0,m,,,,,,RIBS Screening,Rotating Integrated Basin Studies (RIBS) Screening,NYSDEC,21NYDECA_WQX-3620,13-KAAT-8.4,,,,,42.1805280000,-73.9402470000,,,,,,STORET-1060249371,,None,Perfluorohexanesulfonic acid,Total,0.553,ng/L,CON,Accepted,,Actual,,,,,,,,,,,,,,,,,,,,1633,USEPA,"Analysis of Per- and Polyfluoroalkyl Substances (PFAS) in Aqueous, Solid, Biosolids, and Tissue Samples by LC-MS/MS",,,PACEBTR,2022-09-16,,https://www.waterqualitydata.us/data/providers/STORET/organizations/21NYDECA_WQX/activities/21NYDECA_WQX-13-KAAT-8.4_20220721T1000%3ACEC-00250/results/1060249371/resdetectqntlmts,Lower Quantitation Limit,0.949,ng/L,,2025-04-18T14:28:30,STORET
21NYDECA_WQX,New York State Dec Division Of Water,21NYDECA_WQX-1501LUC0982B_DH_20220914T073000:CEC-00273,Sample-Routine,Water,,2022-09-14,07:30:00,EDT,,,,,0,m,,,,,,Lake Probability 21-25,Lake Probability Sampling 2021-2025,NYSDEC,21NYDECA_WQX-19686,1501LUC0982B_DH,,,,,41.1842612700,-73.9951748000,,,,,,STORET-1060250256,,None,Perfluorohexanesulfonic acid,Total,1.16,ng/L,CON,Accepted,,Actual,,,,,,,,,,,,,,,,,,,,1633,USEPA,"Analysis of Per- and Polyfluoroalkyl Substances (PFAS) in Aqueous, Solid, Biosolids, and Tissue Samples by LC-MS/MS",,,PACEBTR,2022-11-09,,https://www.waterqualitydata.us/data/providers/STORET/organizations/21NYDECA_WQX/activities/21NYDECA_WQX-1501LUC0982B_DH_20220914T073000%3ACEC-00273/results/1060250256/resdetectqntlmts,Lower Quantitation Limit,0.921,ng/L,,2025-04-18T14:28:35,STORET
21NYDECA_WQX,New York State Dec Division Of Water,21NYDECA_WQX-13-WYNT-12.0_20220720T0800:CEC-00259,Sample-Routine,Water,,2022-07-20,08:00:00,EDT,,,,,0,m,,,,,,RIBS Screening,Rotating Integrated Basin Studies (RIBS) Screening,NYSDEC,21NYDECA_WQX-8916,13-WYNT-12.0,,,,,42.6236120000,-73.5712420000,,,,,,STORET-1060249714,,None,Perfluorohexanesulfonic acid,Total,1.46,ng/L,CON,Accepted,,Actual,,,,,,,,,,,,,,,,,,,,1633,USEPA,"Analysis of Per- and Polyfluoroalkyl Substances (PFAS) in Aqueous, Solid, Biosolids, and Tissue Samples by LC-MS/MS",,,PACEBTR,2022-09-15,,https://www.waterqualitydata.us/data/providers/STORET/organizations/21NYDECA_WQX/activities/21NYDECA_WQX-13-WYNT-12.0_20220720T0800%3ACEC-00259/results/1060249714/resdetectqntlmts,Lower Quantitation Limit,1,ng/L,,2025-04-18T14:28:32,STORET
21NYDECA_WQX,New York State Dec Division Of Water,21NYDECA_WQX-05-TIOG-11.7_20220830T1430:CEC-00219,Sample-Routine,Water,,2022-08-30,14:30:00,EDT,,,,,0,m,,,,,,RIBS Screening,Rotating Integrated Basin Studies (RIBS) Screening,NYSDEC,21NYDECA_WQX-1225,05-TIOG-11.7,,,,,42.0195920000,-77.1285630000,,,,,,STORET-1060248174,,None,Perfluorohexanesulfonic acid,Total,0.369,ng/L,CON,Accepted,,Actual,,,,,,,,,,,,,,,,,,,,1633,USEPA,"Analysis of Per- and Polyfluoroalkyl Substances (PFAS) in Aqueous, Solid, Biosolids, and Tissue Samples by LC-MS/MS",,,PACEBTR,2022-10-18,,https://www.waterqualitydata.us/data/providers/STORET/organizations/21NYDECA_WQX/activities/21NYDECA_WQX-05-TIOG-11.7_20220830T1430%3ACEC-00219/results/1060248174/resdetectqntlmts,Lower Quantitation Limit,0.891,ng/L,,2025-04-18T14:28:24,STORET
21NYDECA_WQX,New York State Dec Division Of Water,21NYDECA_WQX-1306STU0453A_DH_20220824T072900:CEC-00263,Sample-Routine,Water,,2022-08-24,07:29:00,EDT,,,,,0,m,,,,,,Lake Probability 21-25,Lake Probability Sampling 2021-2025,NYSDEC,21NYDECA_WQX-22466,1306STU0453A_DH,,,,,41.8476500000,-74.0396400000,,,,,,STORET-1060249880,,None,Perfluorohexanesulfonic acid,Total,0.956,ng/L,CON,Accepted,,Actual,,,,,,,,,,,,,,,,,,,,1633,USEPA,"Analysis of Per- and Polyfluoroalkyl Substances (PFAS) in Aqueous, Solid, Biosolids, and Tissue Samples by LC-MS/MS",,,PACEBTR,2022-09-06,,https://www.waterqualitydata.us/data/providers/STORET/organizations/21NYDECA_WQX/activities/21NYDECA_WQX-1306STU0453A_DH_20220824T072900%3ACEC-00263/results/1060249880/resdetectqntlmts,Lower Quantitation Limit,0.926,ng/L,,2025-04-18T14:28:33,STORET
21NYDECA_WQX,New York State Dec Division Of Water,21NYDECA_WQX-08-MLLL_T7-0.8_20220914T0830:CEC-00233,Sample-Routine,Water,,2022-09-14,08:30:00,EDT,,,,,0,m,,,,,,RIBS Screening,Rotating Integrated Basin Studies (RIBS) Screening,NYSDEC,21NYDECA_WQX-1974,08-MLLL_T7-0.8,,,,,43.7903000000,-75.5460730000,,,,,,STORET-1060248688,,None,Perfluorohexanesulfonic acid,Total,0.282,ng/L,CON,Accepted,,Actual,,,,,,,,,,,,,,,,,,,,1633,USEPA,"Analysis of Per- and Polyfluoroalkyl Substances (PFAS) in Aqueous, Solid, Biosolids, and Tissue Samples by LC-MS/MS",,,PACEBTR,2022-11-09,,https://www.waterqualitydata.us/data/providers/STORET/organizations/21NYDECA_WQX/activities/21NYDECA_WQX-08-MLLL_T7-0.8_20220914T0830%3ACEC-00233/results/1060248688/resdetectqntlmts,Lower Quantitation Limit,0.887,ng/L,,2025-04-18T14:28:27,STORET
21NYDECA_WQX,New York State Dec Division Of Water,21NYDECA_WQX-13-MONH-4.9_20220720T1430:CEC-00252,Sample-Routine,Water,,2022-07-20,14:30:00,EDT,,,,,0,m,,,,,,RIBS Screening,Rotating Integrated Basin Studies (RIBS) Screening,NYSDEC,21NYDECA_WQX-3974,13-MONH-4.9,,,,,41.4388130000,-74.4183550000,,,,,,STORET-1060249442,,None,Perfluorohexanesulfonic acid,Total,1.41,ng/L,CON,Accepted,,Actual,,,,,,,,,,,,,,,,,,,,1633,USEPA,"Analysis of Per- and Polyfluoroalkyl Substances (PFAS) in Aqueous, Solid, Biosolids, and Tissue Samples by LC-MS/MS",,,PACEBTR,2022-09-16,,https://www.waterqualitydata.us/data/providers/STORET/organizations/21NYDECA_WQX/activities/21NYDECA_WQX-13-MONH-4.9_20220720T1430%3ACEC-00252/results/1060249442/resdetectqntlmts,Lower Quantitation Limit,0.887,ng/L,,2025-04-18T14:28:30,STORET
21NYDECA_WQX,New York State Dec Division Of Water,21NYDECA_WQX-05-TUSC-9.3_20220901T1200:CEC-00220,Sample-Routine,Water,,2022-09-01,12:00:00,EDT,,,,,0,m,,,,,,RIBS Screening,Rotating Integrated Basin Studies (RIBS) Screening,NYSDEC,21NYDECA_WQX-1249,05-TUSC-9.3,,,,,42.0801580000,-77.3647340000,,,,,,STORET-1060248205,,None,Perfluorohexanesulfonic acid,Total,0.319,ng/L,CON,Accepted,,Actual,,,,,,,,,,,,,,,,,,,,1633,USEPA,"Analysis of Per- and Polyfluoroalkyl Substances (PFAS) in Aqueous, Solid, Biosolids, and Tissue Samples by LC-MS/MS",,,PACEBTR,2022-09-28,,https://www.waterqualitydata.us/data/providers/STORET/organizations/21NYDECA_WQX/activities/21NYDECA_WQX-05-TUSC-9.3_20220901T1200%3ACEC-00220/results/1060248205/resdetectqntlmts,Lower Quantitation Limit,0.888,ng/L,,2025-04-18T14:28:24,STORET
21NYDECA_WQX,New York State Dec Division Of Water,21NYDECA_WQX-13-TIOR-0.1_20220720T1000:CEC-00255,Sample-Routine,Water,,2022-07-20,10:00:00,EDT,,,,,0,m,,,,,,RIBS Screening,Rotating Integrated Basin Studies (RIBS) Screening,NYSDEC,21NYDECA_WQX-4345,13-TIOR-0.1,,,,,41.2421930000,-74.0256260000,,,,,,STORET-1060249559,Not Detected,None,Perfluorohexanesulfonic acid,Total,,,U,Accepted,,,,,,,,,,,,,,,,,,,,,,1633,USEPA,"Analysis of Per- and Polyfluoroalkyl Substances (PFAS) in Aqueous, Solid, Biosolids, and Tissue Samples by LC-MS/MS",,,PACEBTR,2022-09-16,,https://www.waterqualitydata.us/data/providers/STORET/organizations/21NYDECA_WQX/activities/21NYDECA_WQX-13-TIOR-0.1_20220720T1000%3ACEC-00255/results/1060249559/resdetectqntlmts,Lower Quantitation Limit,0.906,ng/L,,2025-04-18T14:28:31,STORET
21NYDECA_WQX,New York State Dec Division Of Water,21NYDECA_WQX-13-WAPP_E-3.2_20220721T0830:CEC-00257,Sample-Routine,Water,,2022-07-21,08:30:00,EDT,,,,,0,m,,,,,,RIBS Screening,Rotating Integrated Basin Studies (RIBS) Screening,NYSDEC,21NYDECA_WQX-4117,13-WAPP_E-3.2,,,,,41.7832640000,-73.7442830000,,,,,,STORET-1060249626,,None,Perfluorohexanesulfonic acid,Total,0.342,ng/L,CON,Accepted,,Actual,,,,,,,,,,,,,,,,,,,,1633,USEPA,"Analysis of Per- and Polyfluoroalkyl Substances (PFAS) in Aqueous, Solid, Biosolids, and Tissue Samples by LC-MS/MS",,,PACEBTR,2022-08-31,,https://www.waterqualitydata.us/data/providers/STORET/organizations/21NYDECA_WQX/activities/21NYDECA_WQX-13-WAPP_E-3.2_20220721T0830%3ACEC-00257/results/1060249626/resdetectqntlmts,Lower Quantitation Limit,0.894,ng/L,,2025-04-18T14:28:31,STORET
21NYDECA_WQX,New York State Dec Division Of Water,21NYDECA_WQX-0502WAN0048_DH_20220802T110000:CEC-00266,Sample-Routine,Water,,2022-08-02,11:00:00,EDT,,,,,0,m,,,,,,Lake Probability 21-25,Lake Probability Sampling 2021-2025,NYSDEC,21NYDECA_WQX-4548,0502WAN0048_DH,,,,,42.4447410000,-77.1007060000,,,,,,STORET-1060249997,,None,Perfluorohexanesulfonic acid,Total,0.247,ng/L,CON,Accepted,,Actual,,,,,,,,,,,,,,,,,,,,1633,USEPA,"Analysis of Per- and Polyfluoroalkyl Substances (PFAS) in Aqueous, Solid, Biosolids, and Tissue Samples by LC-MS/MS",,,PACEBTR,2022-09-07,,https://www.waterqualitydata.us/data/providers/STORET/organizations/21NYDECA_WQX/activities/21NYDECA_WQX-0502WAN0048_DH_20220802T110000%3ACEC-00266/results/1060249997/resdetectqntlmts,Lower Quantitation Limit,0.879,ng/L,,2025-04-18T14:28:33,STORET
21NYDECA_WQX,New York State Dec Division Of Water,21NYDECA_WQX-1601UWB6647_DH_20220829T131700:CEC-00260,Sample-Routine,Water,,2022-08-29,13:17:00,EDT,,,,,0,m,,,,,,Lake Probability 21-25,Lake Probability Sampling 2021-2025,NYSDEC,21NYDECA_WQX-18683,1601UWB6647_DH,,,,,42.3652001200,-73.4519582600,,,,,,STORET-1060249764,Not Detected,None,Perfluorohexanesulfonic acid,Total,,,U,Accepted,,,,,,,,,,,,,,,,,,,,,,1633,USEPA,"Analysis of Per- and Polyfluoroalkyl Substances (PFAS) in Aqueous, Solid, Biosolids, and Tissue Samples by LC-MS/MS",,,PACEBTR,2022-09-16,,https://www.waterqualitydata.us/data/providers/STORET/organizations/21NYDECA_WQX/activities/21NYDECA_WQX-1601UWB6647_DH_20220829T131700%3ACEC-00260/results/1060249764/resdetectqntlmts,Lower Quantitation Limit,0.899,ng/L,,2025-04-18T14:28:32,STORET
21NYDECA_WQX,New York State Dec Division Of Water,21NYDECA_WQX-1301LIT0355_DH_20220831T134800:CEC-00241,Sample-Routine,Water,,2022-08-31,13:48:00,EDT,,,,,0,m,,,,,,Lake Probability 21-25,Lake Probability Sampling 2021-2025,NYSDEC,21NYDECA_WQX-15610,1301LIT0355_DH,,,,,42.6972020000,-73.7399520000,,,,,,STORET-1060249014,,None,Perfluorohexanesulfonic acid,Total,1.92,ng/L,CON,Accepted,,Actual,,,,,,,,,,,,,,,,,,,,1633,USEPA,"Analysis of Per- and Polyfluoroalkyl Substances (PFAS) in Aqueous, Solid, Biosolids, and Tissue Samples by LC-MS/MS",,,PACEBTR,2022-09-16,,https://www.waterqualitydata.us/data/providers/STORET/organizations/21NYDECA_WQX/activities/21NYDECA_WQX-1301LIT0355_DH_20220831T134800%3ACEC-00241/results/1060249014/resdetectqntlmts,Lower Quantitation Limit,0.923,ng/L,,2025-04-18T14:28:28,STORET
21NYDECA_WQX,New York State Dec Division Of Water,21NYDECA_WQX-08-CUMM-0.1_20220915T1100:CEC-00227,Sample-Routine,Water,,2022-09-15,11:00:00,EDT,,,,,0,m,,,,,,RIBS Screening,Rotating Integrated Basin Studies (RIBS) Screening,NYSDEC,21NYDECA_WQX-1918,08-CUMM-0.1,,,,,43.5061980000,-75.2214610000,,,,,,STORET-1060248460,,None,Perfluorohexanesulfonic acid,Total,0.299,ng/L,CON,Accepted,,Actual,,,,,,,,,,,,,,,,,,,,1633,USEPA,"Analysis of Per- and Polyfluoroalkyl Substances (PFAS) in Aqueous, Solid, Biosolids, and Tissue Samples by LC-MS/MS",,,PACEBTR,2022-11-09,,https://www.waterqualitydata.us/data/providers/STORET/organizations/21NYDECA_WQX/activities/21NYDECA_WQX-08-CUMM-0.1_20220915T1100%3ACEC-00227/results/1060248460/resdetectqntlmts,Lower Quantitation Limit,0.879,ng/L,,2025-04-18T14:28:26,STORET
21NYDECA_WQX,New York State Dec Division Of Water,21NYDECA_WQX-05-MEAD-10.9_20220830T1345:CEC-00215,Sample-Routine,Water,,2022-08-30,13:45:00,EDT,,,,,0,m,,,,,,RIBS Screening,Rotating Integrated Basin Studies (RIBS) Screening,NYSDEC,21NYDECA_WQX-1172,05-MEAD-10.9,,,,,42.2911840000,-77.0652570000,,,,,,STORET-1060248002,,None,Perfluorohexanesulfonic acid,Total,0.172,ng/L,CON,Accepted,,Actual,,,,,,,,,,,,,,,,,,,,1633,USEPA,"Analysis of Per- and Polyfluoroalkyl Substances (PFAS) in Aqueous, Solid, Biosolids, and Tissue Samples by LC-MS/MS",,,PACEBTR,2022-09-28,,https://www.waterqualitydata.us/data/providers/STORET/organizations/21NYDECA_WQX/activities/21NYDECA_WQX-05-MEAD-10.9_20220830T1345%3ACEC-00215/results/1060248002/resdetectqntlmts,Lower Quantitation Limit,0.894,ng/L,,2025-04-18T14:28:23,STORET
21NYDECA_WQX,New York State Dec Division Of Water,21NYDECA_WQX-05-COHO-1.4_20220830T1315:CEC-00209,Sample-Routine,Water,,2022-08-30,17:15:00,EDT,,,,,0,m,,,,,,RIBS Screening,Rotating Integrated Basin Studies (RIBS) Screening,NYSDEC,21NYDECA_WQX-1297,05-COHO-1.4,,,,,42.1675100000,-77.1047700000,,,,,,STORET-1060247779,,None,Perfluorohexanesulfonic acid,Total,1.11,ng/L,CON,Accepted,,Actual,,,,,,,,,,,,,,,,,,,,1633,USEPA,"Analysis of Per- and Polyfluoroalkyl Substances (PFAS) in Aqueous, Solid, Biosolids, and Tissue Samples by LC-MS/MS",,,PACEBTR,2022-10-18,,https://www.waterqualitydata.us/data/providers/STORET/organizations/21NYDECA_WQX/activities/21NYDECA_WQX-05-COHO-1.4_20220830T1315%3ACEC-00209/results/1060247779/resdetectqntlmts,Lower Quantitation Limit,0.871,ng/L,,2025-04-18T14:28:22,STORET
21NYDECA_WQX,New York State Dec Division Of Water,21NYDECA_WQX-13-DOOD-0.4_20220720T0830:CEC-00248,Sample-Routine,Water,,2022-07-20,08:30:00,EDT,,,,,0,m,,,,,,RIBS Screening,Rotating Integrated Basin Studies (RIBS) Screening,NYSDEC,21NYDECA_WQX-3541,13-DOOD-0.4,,,,,41.3010300000,-73.9863400000,,,,,,STORET-1060249301,Not Detected,None,Perfluorohexanesulfonic acid,Total,,,U,Accepted,,,,,,,,,,,,,,,,,,,,,,1633,USEPA,"Analysis of Per- and Polyfluoroalkyl Substances (PFAS) in Aqueous, Solid, Biosolids, and Tissue Samples by LC-MS/MS",,,PACEBTR,2022-09-16,,https://www.waterqualitydata.us/data/providers/STORET/organizations/21NYDECA_WQX/activities/21NYDECA_WQX-13-DOOD-0.4_20220720T0830%3ACEC-00248/results/1060249301/resdetectqntlmts,Lower Quantitation Limit,0.904,ng/L,,2025-04-18T14:28:30,STORET
21NYDECA_WQX,New York State Dec Division Of Water,21NYDECA_WQX-1306UWB5602_DH_20220912T140000:CEC-00277,Sample-Routine,Water,,2022-09-12,14:00:00,EDT,,,,,0,m,,,,,,Lake Probability 21-25,Lake Probability Sampling 2021-2025,NYSDEC,21NYDECA_WQX-21177,1306UWB5602_DH,,,,,41.4031201200,-74.3513596700,,,,,,STORET-1060250405,,None,Perfluorohexanesulfonic acid,Total,0.681,ng/L,CON,Accepted,,Actual,,,,,,,,,,,,,,,,,,,,1633,USEPA,"Analysis of Per- and Polyfluoroalkyl Substances (PFAS) in Aqueous, Solid, Biosolids, and Tissue Samples by LC-MS/MS",,,PACEBTR,2022-10-27,,https://www.waterqualitydata.us/data/providers/STORET/organizations/21NYDECA_WQX/activities/21NYDECA_WQX-1306UWB5602_DH_20220912T140000%3ACEC-00277/results/1060250405/resdetectqntlmts,Lower Quantitation Limit,0.994,ng/L,,2025-04-18T14:28:35,STORET
21NYDECA_WQX,New York State Dec Division Of Water,21NYDECA_WQX-1305RYD0401_DH_20220802T090900:CEC-00262,Sample-Routine,Water,,2022-08-02,09:09:00,EDT,,,,,0,m,,,,,,Lake Probability 21-25,Lake Probability Sampling 2021-2025,NYSDEC,21NYDECA_WQX-21448,1305RYD0401_DH,,,,,41.8661765500,-73.6435258700,,,,,,STORET-1060249845,,None,Perfluorohexanesulfonic acid,Total,0.281,ng/L,CON,Accepted,,Actual,,,,,,,,,,,,,,,,,,,,1633,USEPA,"Analysis of Per- and Polyfluoroalkyl Substances (PFAS) in Aqueous, Solid, Biosolids, and Tissue Samples by LC-MS/MS",,,PACEBTR,2022-09-07,,https://www.waterqualitydata.us/data/providers/STORET/organizations/21NYDECA_WQX/activities/21NYDECA_WQX-1305RYD0401_DH_20220802T090900%3ACEC-00262/results/1060249845/resdetectqntlmts,Lower Quantitation Limit,0.909,ng/L,,2025-04-18T14:28:32,STORET
21NYDECA_WQX,New York State Dec Division Of Water,21NYDECA_WQX-08-TANE-0.7_20220914T1415:CEC-00238,Sample-Routine,Water,,2022-09-14,14:15:00,EDT,,,,,0,m,,,,,,RIBS Screening,Rotating Integrated Basin Studies (RIBS) Screening,NYSDEC,21NYDECA_WQX-2387,08-TANE-0.7,,,,,43.6770500000,-75.3429100000,,,,,,STORET-1060248880,Not Detected,None,Perfluorohexanesulfonic acid,Total,,,U,Accepted,,,,,,,,,,,,,,,,,,,,,,1633,USEPA,"Analysis of Per- and Polyfluoroalkyl Substances (PFAS) in Aqueous, Solid, Biosolids, and Tissue Samples by LC-MS/MS",,,PACEBTR,2022-11-09,,https://www.waterqualitydata.us/data/providers/STORET/organizations/21NYDECA_WQX/activities/21NYDECA_WQX-08-TANE-0.7_20220914T1415%3ACEC-00238/results/1060248880/resdetectqntlmts,Lower Quantitation Limit,0.916,ng/L,,2025-04-18T14:28:28,STORET
21NYDECA_WQX,New York State Dec Division Of Water,21NYDECA_WQX-05-MDCR-10.0_20220831T0900:CEC-00214,Sample-Routine,Water,,2022-08-31,09:00:00,EDT,,,,,0,m,,,,,,RIBS Screening,Rotating Integrated Basin Studies (RIBS) Screening,NYSDEC,21NYDECA_WQX-1170,05-MDCR-10.0,,,,,42.3555130000,-77.1360420000,,,,,,STORET-1060247995,Not Detected,None,Perfluorohexanesulfonic acid,Total,,,U,Accepted,,,,,,,,,,,,,,,,,,,,,,1633,USEPA,"Analysis of Per- and Polyfluoroalkyl Substances (PFAS) in Aqueous, Solid, Biosolids, and Tissue Samples by LC-MS/MS",,,PACEBTR,2022-09-28,,https://www.waterqualitydata.us/data/providers/STORET/organizations/21NYDECA_WQX/activities/21NYDECA_WQX-05-MDCR-10.0_20220831T0900%3ACEC-00214/results/1060247995/resdetectqntlmts,Lower Quantitation Limit,0.933,ng/L,,2025-04-18T14:28:23,STORET
21NYDECA_WQX,New York State Dec Division Of Water,21NYDECA_WQX-13-MUSC-8.4_20220720T0900:CEC-00253,Sample-Routine,Water,,2022-07-20,09:00:00,EDT,,,,,0,m,,,,,,RIBS Screening,Rotating Integrated Basin Studies (RIBS) Screening,NYSDEC,21NYDECA_WQX-3998,13-MUSC-8.4,,,,,41.3330600000,-73.7647200000,,,,,,STORET-1060249487,,None,Perfluorohexanesulfonic acid,Total,1.86,ng/L,CON,Accepted,,Actual,,,,,,,,,,,,,,,,,,,,1633,USEPA,"Analysis of Per- and Polyfluoroalkyl Substances (PFAS) in Aqueous, Solid, Biosolids, and Tissue Samples by LC-MS/MS",,,PACEBTR,2022-09-15,,https://www.waterqualitydata.us/data/providers/STORET/organizations/21NYDECA_WQX/activities/21NYDECA_WQX-13-MUSC-8.4_20220720T0900%3ACEC-00253/results/1060249487/resdetectqntlmts,Lower Quantitation Limit,0.882,ng/L,,2025-04-18T14:28:31,STORET
21NYDECA_WQX,New York State Dec Division Of Water,21NYDECA_WQX-0801MOS0478_DH_20220926T121200:CEC-00221,Sample-Routine,Water,,2022-09-26,12:12:00,EDT,,,,,0,m,,,,,,Lake Probability 21-25,Lake Probability Sampling 2021-2025,NYSDEC,21NYDECA_WQX-11784,0801MOS0478_DH,,,,,43.8941920000,-75.0605370000,,,,,,STORET-1060248242,,None,Perfluorohexanesulfonic acid,Total,3.71,ng/L,ISAC,Accepted,,Actual,,,,,,,,,,,,,,,,,,,,1633,USEPA,"Analysis of Per- and Polyfluoroalkyl Substances (PFAS) in Aqueous, Solid, Biosolids, and Tissue Samples by LC-MS/MS",,,PACEBTR,2022-11-03,,https://www.waterqualitydata.us/data/providers/STORET/organizations/21NYDECA_WQX/activities/21NYDECA_WQX-0801MOS0478_DH_20220926T121200%3ACEC-00221/results/1060248242/resdetectqntlmts,Lower Quantitation Limit,0.917,ng/L,,2025-04-18T14:28:24,STORET
21NYDECA_WQX,New York State Dec Division Of Water,21NYDECA_WQX-1311DUA0276A_DH_20220831T094700:CEC-00244,Sample-Routine,Water,,2022-08-31,09:47:00,EDT,,,,,0,m,,,,,,Lake Probability 21-25,Lake Probability Sampling 2021-2025,NYSDEC,21NYDECA_WQX-19015,1311DUA0276A_DH,,,,,42.7474272200,-74.1170123000,,,,,,STORET-1060249129,,None,Perfluorohexanesulfonic acid,Total,0.367,ng/L,CON,Accepted,,Actual,,,,,,,,,,,,,,,,,,,,1633,USEPA,"Analysis of Per- and Polyfluoroalkyl Substances (PFAS) in Aqueous, Solid, Biosolids, and Tissue Samples by LC-MS/MS",,,PACEBTR,2022-09-16,,https://www.waterqualitydata.us/data/providers/STORET/organizations/21NYDECA_WQX/activities/21NYDECA_WQX-1311DUA0276A_DH_20220831T094700%3ACEC-00244/results/1060249129/resdetectqntlmts,Lower Quantitation Limit,0.883,ng/L,,2025-04-18T14:28:29,STORET
21NYDECA_WQX,New York State Dec Division Of Water,21NYDECA_WQX-08-TWIN-1.0_20220915T1100:CEC-00239,Sample-Routine,Water,,2022-09-15,11:00:00,EDT,,,,,0,m,,,,,,RIBS Screening,Rotating Integrated Basin Studies (RIBS) Screening,NYSDEC,21NYDECA_WQX-2390,08-TWIN-1.0,,,,,43.4507000000,-75.0147450000,,,,,,STORET-1060248945,,None,Perfluorohexanesulfonic acid,Total,0.197,ng/L,CON,Accepted,,Actual,,,,,,,,,,,,,,,,,,,,1633,USEPA,"Analysis of Per- and Polyfluoroalkyl Substances (PFAS) in Aqueous, Solid, Biosolids, and Tissue Samples by LC-MS/MS",,,PACEBTR,2022-11-09,,https://www.waterqualitydata.us/data/providers/STORET/organizations/21NYDECA_WQX/activities/21NYDECA_WQX-08-TWIN-1.0_20220915T1100%3ACEC-00239/results/1060248945/resdetectqntlmts,Lower Quantitation Limit,0.921,ng/L,,2025-04-18T14:28:28,STORET
21NYDECA_WQX,New York State Dec Division Of Water,21NYDECA_WQX-08-MOOC-0.4_20220915T0930:CEC-00234,Sample-Routine,Water,,2022-09-15,09:30:00,EDT,,,,,0,m,,,,,,RIBS Screening,Rotating Integrated Basin Studies (RIBS) Screening,NYSDEC,21NYDECA_WQX-1975,08-MOOC-0.4,,,,,43.5219400000,-75.3452700000,,,,,,STORET-1060248756,,None,Perfluorohexanesulfonic acid,Total,0.364,ng/L,CON,Accepted,,Actual,,,,,,,,,,,,,,,,,,,,1633,USEPA,"Analysis of Per- and Polyfluoroalkyl Substances (PFAS) in Aqueous, Solid, Biosolids, and Tissue Samples by LC-MS/MS",,,PACEBTR,2022-11-10,,https://www.waterqualitydata.us/data/providers/STORET/organizations/21NYDECA_WQX/activities/21NYDECA_WQX-08-MOOC-0.4_20220915T0930%3ACEC-00234/results/1060248756/resdetectqntlmts,Lower Quantitation Limit,0.98,ng/L,,2025-04-18T14:28:27,STORET
21NYDECA_WQX,New York State Dec Division Of Water,21NYDECA_WQX-1310LYO0035_DH_20220830T090100:CEC-00243,Sample-Routine,Water,,2022-08-30,09:01:00,EDT,,,,,0,m,,,,,,Lake Probability 21-25,Lake Probability Sampling 2021-2025,NYSDEC,21NYDECA_WQX-22402,1310LYO0035_DH,,,,,42.5353443600,-73.5794800400,,,,,,STORET-1060249100,,None,Perfluorohexanesulfonic acid,Total,0.257,ng/L,CON,Accepted,,Actual,,,,,,,,,,,,,,,,,,,,1633,USEPA,"Analysis of Per- and Polyfluoroalkyl Substances (PFAS) in Aqueous, Solid, Biosolids, and Tissue Samples by LC-MS/MS",,,PACEBTR,2022-09-16,,https://www.waterqualitydata.us/data/providers/STORET/organizations/21NYDECA_WQX/activities/21NYDECA_WQX-1310LYO0035_DH_20220830T090100%3ACEC-00243/results/1060249100/resdetectqntlmts,Lower Quantitation Limit,0.935,ng/L,,2025-04-18T14:28:29,STORET
21NYDECA_WQX,New York State Dec Division Of Water,21NYDECA_WQX-1301DYK0445_DH_20220830T122700:CEC-00240,Sample-Routine,Water,,2022-08-30,12:27:00,EDT,,,,,0,m,,,,,,Lake Probability 21-25,Lake Probability Sampling 2021-2025,NYSDEC,21NYDECA_WQX-15437,1301DYK0445_DH,,,,,42.7203600000,-73.4306400000,,,,,,STORET-1060248951,,None,Perfluorohexanesulfonic acid,Total,0.233,ng/L,CON,Accepted,,Actual,,,,,,,,,,,,,,,,,,,,1633,USEPA,"Analysis of Per- and Polyfluoroalkyl Substances (PFAS) in Aqueous, Solid, Biosolids, and Tissue Samples by LC-MS/MS",,,PACEBTR,2022-09-16,,https://www.waterqualitydata.us/data/providers/STORET/organizations/21NYDECA_WQX/activities/21NYDECA_WQX-1301DYK0445_DH_20220830T122700%3ACEC-00240/results/1060248951/resdetectqntlmts,Lower Quantitation Limit,0.901,ng/L,,2025-04-18T14:28:28,STORET
21NYDECA_WQX,New York State Dec Division Of Water,21NYDECA_WQX-1304PRI0351H_DH_20220801T141000:CEC-00261,Sample-Routine,Water,,2022-08-01,14:10:00,EDT,,,,,0,m,,,,,,Lake Probability 21-25,Lake Probability Sampling 2021-2025,NYSDEC,21NYDECA_WQX-20714,1304PRI0351H_DH,,,,,41.6108603000,-73.6629061900,,,,,,STORET-1060249785,,None,Perfluorohexanesulfonic acid,Total,0.486,ng/L,CON,Accepted,,Actual,,,,,,,,,,,,,,,,,,,,1633,USEPA,"Analysis of Per- and Polyfluoroalkyl Substances (PFAS) in Aqueous, Solid, Biosolids, and Tissue Samples by LC-MS/MS",,,PACEBTR,2022-09-01,,https://www.waterqualitydata.us/data/providers/STORET/organizations/21NYDECA_WQX/activities/21NYDECA_WQX-1304PRI0351H_DH_20220801T141000%3ACEC-00261/results/1060249785/resdetectqntlmts,Lower Quantitation Limit,0.956,ng/L,,2025-04-18T14:28:32,STORET
21NYDECA_WQX,New York State Dec Division Of Water,21NYDECA_WQX-05-COHO-37.2_20220831T1200:CEC-00211,Sample-Routine,Water,,2022-08-31,12:00:00,EDT,,,,,0,m,,,,,,RIBS Screening,Rotating Integrated Basin Studies (RIBS) Screening,NYSDEC,21NYDECA_WQX-1308,05-COHO-37.2,,,,,42.4952600000,-77.5032100000,,,,,,STORET-1060247883,,None,Perfluorohexanesulfonic acid,Total,0.238,ng/L,CON,Accepted,,Actual,,,,,,,,,,,,,,,,,,,,1633,USEPA,"Analysis of Per- and Polyfluoroalkyl Substances (PFAS) in Aqueous, Solid, Biosolids, and Tissue Samples by LC-MS/MS",,,PACEBTR,2022-10-18,,https://www.waterqualitydata.us/data/providers/STORET/organizations/21NYDECA_WQX/activities/21NYDECA_WQX-05-COHO-37.2_20220831T1200%3ACEC-00211/results/1060247883/resdetectqntlmts,Lower Quantitation Limit,0.923,ng/L,,2025-04-18T14:28:23,STORET
21NYDECA_WQX,New York State Dec Division Of Water,21NYDECA_WQX-1309NOR6398_DH_20220803T140400:CEC-00265,Sample-Routine,Water,,2022-08-03,14:04:00,EDT,,,,,0,m,,,,,,Lake Probability 21-25,Lake Probability Sampling 2021-2025,NYSDEC,21NYDECA_WQX-21363,1309NOR6398_DH,,,,,42.1994580000,-74.0374090000,,,,,,STORET-1060249971,,None,Perfluorohexanesulfonic acid,Total,0.171,ng/L,CON,Accepted,,Actual,,,,,,,,,,,,,,,,,,,,1633,USEPA,"Analysis of Per- and Polyfluoroalkyl Substances (PFAS) in Aqueous, Solid, Biosolids, and Tissue Samples by LC-MS/MS",,,PACEBTR,2022-09-07,,https://www.waterqualitydata.us/data/providers/STORET/organizations/21NYDECA_WQX/activities/21NYDECA_WQX-1309NOR6398_DH_20220803T140400%3ACEC-00265/results/1060249971/resdetectqntlmts,Lower Quantitation Limit,0.919,ng/L,,2025-04-18T14:28:33,STORET
21NYDECA_WQX,New York State Dec Division Of Water,21NYDECA_WQX-05-COHO-28.6_20220831T1215:CEC-00210,Sample-Routine,Water,,2022-08-31,12:15:00,EDT,,,,,0,m,,,,,,RIBS Screening,Rotating Integrated Basin Studies (RIBS) Screening,NYSDEC,21NYDECA_WQX-1303,05-COHO-28.6,,,,,42.4117030000,-77.4267620000,,,,,,STORET-1060247837,,None,Perfluorohexanesulfonic acid,Total,0.156,ng/L,CON,Accepted,,Actual,,,,,,,,,,,,,,,,,,,,1633,USEPA,"Analysis of Per- and Polyfluoroalkyl Substances (PFAS) in Aqueous, Solid, Biosolids, and Tissue Samples by LC-MS/MS",,,PACEBTR,2022-09-28,,https://www.waterqualitydata.us/data/providers/STORET/organizations/21NYDECA_WQX/activities/21NYDECA_WQX-05-COHO-28.6_20220831T1215%3ACEC-00210/results/1060247837/resdetectqntlmts,Lower Quantitation Limit,0.882,ng/L,,2025-04-18T14:28:22,STORET
21NYDECA_WQX,New York State Dec Division Of Water,21NYDECA_WQX-08-MURM_T2-0.1_20220913T1245:CEC-00235,Sample-Routine,Water,,2022-09-13,12:45:00,EDT,,,,,0,m,,,,,,RIBS Screening,Rotating Integrated Basin Studies (RIBS) Screening,NYSDEC,21NYDECA_WQX-1989,08-MURM_T2-0.1,,,,,43.9107410000,-75.3665590000,,,,,,STORET-1060248767,,None,Perfluorohexanesulfonic acid,Total,2.11,ng/L,CON,Accepted,,Actual,,,,,,,,,,,,,,,,,,,,1633,USEPA,"Analysis of Per- and Polyfluoroalkyl Substances (PFAS) in Aqueous, Solid, Biosolids, and Tissue Samples by LC-MS/MS",,,PACEBTR,2022-10-27,,https://www.waterqualitydata.us/data/providers/STORET/organizations/21NYDECA_WQX/activities/21NYDECA_WQX-08-MURM_T2-0.1_20220913T1245%3ACEC-00235/results/1060248767/resdetectqntlmts,Lower Quantitation Limit,0.906,ng/L,,2025-04-18T14:28:27,STORET
21NYDECA_WQX,New York State Dec Division Of Water,21NYDECA_WQX-13-KIND-0.2_20220721T0900:CEC-00251,Sample-Routine,Water,,2022-07-21,09:00:00,EDT,,,,,0,m,,,,,,RIBS Screening,Rotating Integrated Basin Studies (RIBS) Screening,NYSDEC,21NYDECA_WQX-3621,13-KIND-0.2,,,,,42.3197200000,-73.7461100000,,,,,,STORET-1060249402,,None,Perfluorohexanesulfonic acid,Total,0.516,ng/L,CON,Accepted,,Actual,,,,,,,,,,,,,,,,,,,,1633,USEPA,"Analysis of Per- and Polyfluoroalkyl Substances (PFAS) in Aqueous, Solid, Biosolids, and Tissue Samples by LC-MS/MS",,,PACEBTR,2022-09-15,,https://www.waterqualitydata.us/data/providers/STORET/organizations/21NYDECA_WQX/activities/21NYDECA_WQX-13-KIND-0.2_20220721T0900%3ACEC-00251/results/1060249402/resdetectqntlmts,Lower Quantitation Limit,0.906,ng/L,,2025-04-18T14:28:30,STORET
21NYDECA_WQX,New York State Dec Division Of Water,21NYDECA_WQX-1302KIR0052_DH_20220913T113000:CEC-00269,Sample-Routine,Water,,2022-09-13,11:30:00,EDT,,,,,0,m,,,,,,Lake Probability 21-25,Lake Probability Sampling 2021-2025,NYSDEC,21NYDECA_WQX-14932,1302KIR0052_DH,,,,,41.3850535100,-73.7485300300,,,,,,STORET-1060250103,,None,Perfluorohexanesulfonic acid,Total,0.844,ng/L,ISAC,Accepted,,Actual,,,,,,,,,,,,,,,,,,,,1633,USEPA,"Analysis of Per- and Polyfluoroalkyl Substances (PFAS) in Aqueous, Solid, Biosolids, and Tissue Samples by LC-MS/MS",,,PACEBTR,2022-10-27,,https://www.waterqualitydata.us/data/providers/STORET/organizations/21NYDECA_WQX/activities/21NYDECA_WQX-1302KIR0052_DH_20220913T113000%3ACEC-00269/results/1060250103/resdetectqntlmts,Lower Quantitation Limit,0.888,ng/L,,2025-04-18T14:28:34,STORET
21NYDECA_WQX,New York State Dec Division Of Water,21NYDECA_WQX-05-STEO-24.7_20220831T1145:CEC-00218,Sample-Routine,Water,,2022-08-31,11:45:00,EDT,,,,,0,m,,,,,,RIBS Screening,Rotating Integrated Basin Studies (RIBS) Screening,NYSDEC,21NYDECA_WQX-1209,05-STEO-24.7,,,,,42.2489100000,-77.4524400000,,,,,,STORET-1060248129,,None,Perfluorohexanesulfonic acid,Total,0.544,ng/L,CON,Accepted,,Actual,,,,,,,,,,,,,,,,,,,,1633,USEPA,"Analysis of Per- and Polyfluoroalkyl Substances (PFAS) in Aqueous, Solid, Biosolids, and Tissue Samples by LC-MS/MS",,,PACEBTR,2022-09-28,,https://www.waterqualitydata.us/data/providers/STORET/organizations/21NYDECA_WQX/activities/21NYDECA_WQX-05-STEO-24.7_20220831T1145%3ACEC-00218/results/1060248129/resdetectqntlmts,Lower Quantitation Limit,0.883,ng/L,,2025-04-18T14:28:24,STORET
21NYDECA_WQX,New York State Dec Division Of Water,21NYDECA_WQX-1301UWB0391B_DH_20220829T084900:CEC-00242,Sample-Routine,Water,,2022-08-29,08:49:00,EDT,,,,,0,m,,,,,,Lake Probability 21-25,Lake Probability Sampling 2021-2025,NYSDEC,21NYDECA_WQX-15786,1301UWB0391B_DH,,,,,42.6342070300,-73.5611106500,,,,,,STORET-1060249048,,None,Perfluorohexanesulfonic acid,Total,0.941,ng/L,CON,Accepted,,Actual,,,,,,,,,,,,,,,,,,,,1633,USEPA,"Analysis of Per- and Polyfluoroalkyl Substances (PFAS) in Aqueous, Solid, Biosolids, and Tissue Samples by LC-MS/MS",,,PACEBTR,2022-09-16,,https://www.waterqualitydata.us/data/providers/STORET/organizations/21NYDECA_WQX/activities/21NYDECA_WQX-1301UWB0391B_DH_20220829T084900%3ACEC-00242/results/1060249048/resdetectqntlmts,Lower Quantitation Limit,0.911,ng/L,,2025-04-18T14:28:28,STORET
21NYDECA_WQX,New York State Dec Division Of Water,21NYDECA_WQX-08-LMKN-6.7_20220914T1000:CEC-00231,Sample-Routine,Water,,2022-09-14,10:00:00,EDT,,,,,0,m,,,,,,RIBS Screening,Rotating Integrated Basin Studies (RIBS) Screening,NYSDEC,21NYDECA_WQX-1951,08-LMKN-6.7,,,,,43.7124440000,-74.8136510000,,,,,,STORET-1060248630,,None,Perfluorohexanesulfonic acid,Total,0.295,ng/L,CON,Accepted,,Actual,,,,,,,,,,,,,,,,,,,,1633,USEPA,"Analysis of Per- and Polyfluoroalkyl Substances (PFAS) in Aqueous, Solid, Biosolids, and Tissue Samples by LC-MS/MS",,,PACEBTR,2022-11-09,,https://www.waterqualitydata.us/data/providers/STORET/organizations/21NYDECA_WQX/activities/21NYDECA_WQX-08-LMKN-6.7_20220914T1000%3ACEC-00231/results/1060248630/resdetectqntlmts,Lower Quantitation Limit,0.893,ng/L,,2025-04-18T14:28:26,STORET
21NYDECA_WQX,New York State Dec Division Of Water,21NYDECA_WQX-0801MOS0746_DH_20220927T093100:CEC-00222,Sample-Routine,Water,,2022-09-27,09:31:00,EDT,,,,,0,m,,,,,,Lake Probability 21-25,Lake Probability Sampling 2021-2025,NYSDEC,21NYDECA_WQX-11788,0801MOS0746_DH,,,,,43.7855227800,-74.8464205200,,,,,,STORET-1060248285,,None,Perfluorohexanesulfonic acid,Total,0.376,ng/L,CON,Accepted,,Actual,,,,,,,,,,,,,,,,,,,,1633,USEPA,"Analysis of Per- and Polyfluoroalkyl Substances (PFAS) in Aqueous, Solid, Biosolids, and Tissue Samples by LC-MS/MS",,,PACEBTR,2022-11-03,,https://www.waterqualitydata.us/data/providers/STORET/organizations/21NYDECA_WQX/activities/21NYDECA_WQX-0801MOS0746_DH_20220927T093100%3ACEC-00222/results/1060248285/resdetectqntlmts,Lower Quantitation Limit,0.919,ng/L,,2025-04-18T14:28:25,STORET
21NYDECA_WQX,New York State Dec Division Of Water,21NYDECA_WQX-13-VERK-2.9_20220721T0800:CEC-00256,Sample-Routine,Water,,2022-07-21,08:00:00,EDT,,,,,0,m,,,,,,RIBS Screening,Rotating Integrated Basin Studies (RIBS) Screening,NYSDEC,21NYDECA_WQX-4370,13-VERK-2.9,,,,,41.6280000000,-74.3310000000,,,,,,STORET-1060249593,,None,Perfluorohexanesulfonic acid,Total,0.19,ng/L,CON,Accepted,,Actual,,,,,,,,,,,,,,,,,,,,1633,USEPA,"Analysis of Per- and Polyfluoroalkyl Substances (PFAS) in Aqueous, Solid, Biosolids, and Tissue Samples by LC-MS/MS",,,PACEBTR,2022-09-15,,https://www.waterqualitydata.us/data/providers/STORET/organizations/21NYDECA_WQX/activities/21NYDECA_WQX-13-VERK-2.9_20220721T0800%3ACEC-00256/results/1060249593/resdetectqntlmts,Lower Quantitation Limit,0.901,ng/L,,2025-04-18T14:28:31,STORET
21NYDECA_WQX,New York State Dec Division Of Water,21NYDECA_WQX-13-BASC-4.7_20220720T1400:CEC-00245,Sample-Routine,Water,,2022-07-20,14:00:00,EDT,,,,,0,m,,,,,,RIBS Screening,Rotating Integrated Basin Studies (RIBS) Screening,NYSDEC,21NYDECA_WQX-3736,13-BASC-4.7,,,,,42.4127800000,-74.0358400000,,,,,,STORET-1060249167,,None,Perfluorohexanesulfonic acid,Total,0.267,ng/L,CON,Accepted,,Actual,,,,,,,,,,,,,,,,,,,,1633,USEPA,"Analysis of Per- and Polyfluoroalkyl Substances (PFAS) in Aqueous, Solid, Biosolids, and Tissue Samples by LC-MS/MS",,,PACEBTR,2022-09-15,,https://www.waterqualitydata.us/data/providers/STORET/organizations/21NYDECA_WQX/activities/21NYDECA_WQX-13-BASC-4.7_20220720T1400%3ACEC-00245/results/1060249167/resdetectqntlmts,Lower Quantitation Limit,1.09,ng/L,,2025-04-18T14:28:29,STORET
21NYDECA_WQX,New York State Dec Division Of Water,21NYDECA_WQX-1302CAR0062A_DH_20220912T140000:CEC-00267,Sample-Routine,Water,,2022-09-12,14:00:00,EDT,,,,,0,m,,,,,,Lake Probability 21-25,Lake Probability Sampling 2021-2025,NYSDEC,21NYDECA_WQX-15688,1302CAR0062A_DH,,,,,41.4655900000,-73.6639700000,,,,,,STORET-1060250045,,None,Perfluorohexanesulfonic acid,Total,0.848,ng/L,CON,Accepted,,Actual,,,,,,,,,,,,,,,,,,,,1633,USEPA,"Analysis of Per- and Polyfluoroalkyl Substances (PFAS) in Aqueous, Solid, Biosolids, and Tissue Samples by LC-MS/MS",,,PACEBTR,2022-10-27,,https://www.waterqualitydata.us/data/providers/STORET/organizations/21NYDECA_WQX/activities/21NYDECA_WQX-1302CAR0062A_DH_20220912T140000%3ACEC-00267/results/1060250045/resdetectqntlmts,Lower Quantitation Limit,0.914,ng/L,,2025-04-18T14:28:33,STORET
21NYDECA_WQX,New York State Dec Division Of Water,21NYDECA_WQX-05-STEO_T22-0.2_20220831T1015:CEC-00217,Sample-Routine,Water,,2022-08-31,10:15:00,EDT,,,,,0,m,,,,,,RIBS Screening,Rotating Integrated Basin Studies (RIBS) Screening,NYSDEC,21NYDECA_WQX-1219,05-STEO_T22-0.2,,,,,42.1990000000,-77.4070000000,,,,,,STORET-1060248108,,None,Perfluorohexanesulfonic acid,Total,0.171,ng/L,CON,Accepted,,Actual,,,,,,,,,,,,,,,,,,,,1633,USEPA,"Analysis of Per- and Polyfluoroalkyl Substances (PFAS) in Aqueous, Solid, Biosolids, and Tissue Samples by LC-MS/MS",,,PACEBTR,2022-10-18,,https://www.waterqualitydata.us/data/providers/STORET/organizations/21NYDECA_WQX/activities/21NYDECA_WQX-05-STEO_T22-0.2_20220831T1015%3ACEC-00217/results/1060248108/resdetectqntlmts,Lower Quantitation Limit,0.88,ng/L,,2025-04-18T14:28:24,STORET
21NYDECA_WQX,New York State Dec Division Of Water,21NYDECA_WQX-05-DIVN_T1-0.4_20220831T1545:CEC-00213,Sample-Routine,Water,,2022-08-31,15:45:00,EDT,,,,,0,m,,,,,,RIBS Screening,Rotating Integrated Basin Studies (RIBS) Screening,NYSDEC,21NYDECA_WQX-1059,05-DIVN_T1-0.4,,,,,42.1226160000,-76.8111080000,,,,,,STORET-1060247943,,None,Perfluorohexanesulfonic acid,Total,0.604,ng/L,CON,Accepted,,Actual,,,,,,,,,,,,,,,,,,,,1633,USEPA,"Analysis of Per- and Polyfluoroalkyl Substances (PFAS) in Aqueous, Solid, Biosolids, and Tissue Samples by LC-MS/MS",,,PACEBTR,2022-10-18,,https://www.waterqualitydata.us/data/providers/STORET/organizations/21NYDECA_WQX/activities/21NYDECA_WQX-05-DIVN_T1-0.4_20220831T1545%3ACEC-00213/results/1060247943/resdetectqntlmts,Lower Quantitation Limit,0.906,ng/L,,2025-04-18T14:28:23,STORET
21NYDECA_WQX,New York State Dec Division Of Water,21NYDECA_WQX-05-NEWT-6.8_20220901T0815:CEC-00216,Sample-Routine,Water,,2022-09-01,08:15:00,EDT,,,,,0,m,,,,,,RIBS Screening,Rotating Integrated Basin Studies (RIBS) Screening,NYSDEC,21NYDECA_WQX-1182,05-NEWT-6.8,,,,,42.1683300000,-76.8188900000,,,,,,STORET-1060248052,,None,Perfluorohexanesulfonic acid,Total,0.26,ng/L,CON,Accepted,,Actual,,,,,,,,,,,,,,,,,,,,1633,USEPA,"Analysis of Per- and Polyfluoroalkyl Substances (PFAS) in Aqueous, Solid, Biosolids, and Tissue Samples by LC-MS/MS",,,PACEBTR,2022-10-18,,https://www.waterqualitydata.us/data/providers/STORET/organizations/21NYDECA_WQX/activities/21NYDECA_WQX-05-NEWT-6.8_20220901T0815%3ACEC-00216/results/1060248052/resdetectqntlmts,Lower Quantitation Limit,0.911,ng/L,,2025-04-18T14:28:23,STORET
21NYDECA_WQX,New York State Dec Division Of Water,21NYDECA_WQX-05-COHO_T1-0.1_20220831T1030:CEC-00212,Sample-Routine,Water,,2022-08-31,10:30:00,EDT,,,,,0,m,,,,,,RIBS Screening,Rotating Integrated Basin Studies (RIBS) Screening,NYSDEC,21NYDECA_WQX-1050,05-COHO_T1-0.1,,,,,42.5632250000,-77.5100480000,,,,,,STORET-1060247903,,None,Perfluorohexanesulfonic acid,Total,0.183,ng/L,CON,Accepted,,Actual,,,,,,,,,,,,,,,,,,,,1633,USEPA,"Analysis of Per- and Polyfluoroalkyl Substances (PFAS) in Aqueous, Solid, Biosolids, and Tissue Samples by LC-MS/MS",,,PACEBTR,2022-10-18,,https://www.waterqualitydata.us/data/providers/STORET/organizations/21NYDECA_WQX/activities/21NYDECA_WQX-05-COHO_T1-0.1_20220831T1030%3ACEC-00212/results/1060247903/resdetectqntlmts,Lower Quantitation Limit,0.893,ng/L,,2025-04-18T14:28:23,STORET
21NYDECA_WQX,New York State Dec Division Of Water,21NYDECA_WQX-08-LWDH-2.7_20220915T1300:CEC-00232,Sample-Routine,Water,,2022-09-15,13:00:00,EDT,,,,,0,m,,,,,,RIBS Screening,Rotating Integrated Basin Studies (RIBS) Screening,NYSDEC,21NYDECA_WQX-1958,08-LWDH-2.7,,,,,43.4552800000,-75.1527800000,,,,,,STORET-1060248655,,None,Perfluorohexanesulfonic acid,Total,0.27,ng/L,CON,Accepted,,Actual,,,,,,,,,,,,,,,,,,,,1633,USEPA,"Analysis of Per- and Polyfluoroalkyl Substances (PFAS) in Aqueous, Solid, Biosolids, and Tissue Samples by LC-MS/MS",,,PACEBTR,2022-11-09,,https://www.waterqualitydata.us/data/providers/STORET/organizations/21NYDECA_WQX/activities/21NYDECA_WQX-08-LWDH-2.7_20220915T1300%3ACEC-00232/results/1060248655/resdetectqntlmts,Lower Quantitation Limit,0.903,ng/L,,2025-04-18T14:28:27,STORET
21NYDECA_WQX,New York State Dec Division Of Water,21NYDECA_WQX-0801SAN0436_DH_20220926T123000:CEC-00224,Sample-Routine,Water,,2022-09-26,12:30:00,EDT,,,,,0,m,,,,,,Lake Probability 21-25,Lake Probability Sampling 2021-2025,NYSDEC,21NYDECA_WQX-12086,0801SAN0436_DH,,,,,43.9497200000,-75.1620410000,,,,,,STORET-1060248377,,None,Perfluorohexanesulfonic acid,Total,0.182,ng/L,CON,Accepted,,Actual,,,,,,,,,,,,,,,,,,,,1633,USEPA,"Analysis of Per- and Polyfluoroalkyl Substances (PFAS) in Aqueous, Solid, Biosolids, and Tissue Samples by LC-MS/MS",,,PACEBTR,2022-11-03,,https://www.waterqualitydata.us/data/providers/STORET/organizations/21NYDECA_WQX/activities/21NYDECA_WQX-0801SAN0436_DH_20220926T123000%3ACEC-00224/results/1060248377/resdetectqntlmts,Lower Quantitation Limit,0.88,ng/L,,2025-04-18T14:28:25,STORET
21NYDECA_WQX,New York State Dec Division Of Water,21NYDECA_WQX-1501UWB1007A_DH_20220914T101500:CEC-00275,Sample-Routine,Water,,2022-09-14,10:15:00,EDT,,,,,0,m,,,,,,Lake Probability 21-25,Lake Probability Sampling 2021-2025,NYSDEC,21NYDECA_WQX-20125,1501UWB1007A_DH,,,,,41.2385003800,-74.2086655300,,,,,,STORET-1060250334,,None,Perfluorohexanesulfonic acid,Total,1.47,ng/L,CON,Accepted,,Actual,,,,,,,,,,,,,,,,,,,,1633,USEPA,"Analysis of Per- and Polyfluoroalkyl Substances (PFAS) in Aqueous, Solid, Biosolids, and Tissue Samples by LC-MS/MS",,,PACEBTR,2022-11-09,,https://www.waterqualitydata.us/data/providers/STORET/organizations/21NYDECA_WQX/activities/21NYDECA_WQX-1501UWB1007A_DH_20220914T101500%3ACEC-00275/results/1060250334/resdetectqntlmts,Lower Quantitation Limit,0.912,ng/L,,2025-04-18T14:28:35,STORET
21NYDECA_WQX,New York State Dec Division Of Water,21NYDECA_WQX-13-JACK-5.8_20220720T1200:CEC-00249,Sample-Routine,Water,,2022-07-20,12:00:00,EDT,,,,,0,m,,,,,,RIBS Screening,Rotating Integrated Basin Studies (RIBS) Screening,NYSDEC,21NYDECA_WQX-3616,13-JACK-5.8,,,,,41.6629080000,-73.7363860000,,,,,,STORET-1060249333,,None,Perfluorohexanesulfonic acid,Total,0.368,ng/L,CON,Accepted,,Actual,,,,,,,,,,,,,,,,,,,,1633,USEPA,"Analysis of Per- and Polyfluoroalkyl Substances (PFAS) in Aqueous, Solid, Biosolids, and Tissue Samples by LC-MS/MS",,,PACEBTR,2022-09-16,,https://www.waterqualitydata.us/data/providers/STORET/organizations/21NYDECA_WQX/activities/21NYDECA_WQX-13-JACK-5.8_20220720T1200%3ACEC-00249/results/1060249333/resdetectqntlmts,Lower Quantitation Limit,0.877,ng/L,,2025-04-18T14:28:30,STORET
21NYDECA_WQX,New York State Dec Division Of Water,21NYDECA_WQX-05-BAKE-0.3_20220831T1300:CEC-00207,Sample-Routine,Water,,2022-08-31,13:00:00,EDT,,,,,0,m,,,,,,RIBS Screening,Rotating Integrated Basin Studies (RIBS) Screening,NYSDEC,21NYDECA_WQX-874,05-BAKE-0.3,,,,,42.2649390000,-77.5477680000,,,,,,STORET-1060247705,,None,Perfluorohexanesulfonic acid,Total,0.209,ng/L,CON,Accepted,,Actual,,,,,,,,,,,,,,,,,,,,1633,USEPA,"Analysis of Per- and Polyfluoroalkyl Substances (PFAS) in Aqueous, Solid, Biosolids, and Tissue Samples by LC-MS/MS",,,PACEBTR,2022-09-28,,https://www.waterqualitydata.us/data/providers/STORET/organizations/21NYDECA_WQX/activities/21NYDECA_WQX-05-BAKE-0.3_20220831T1300%3ACEC-00207/results/1060247705/resdetectqntlmts,Lower Quantitation Limit,0.914,ng/L,,2025-04-18T14:28:22,STORET
21NYDECA_WQX,New York State Dec Division Of Water,21NYDECA_WQX-13-COXS-0.5_20220720T1230:CEC-00247,Sample-Routine,Water,,2022-07-20,12:30:00,EDT,,,,,0,m,,,,,,RIBS Screening,Rotating Integrated Basin Studies (RIBS) Screening,NYSDEC,21NYDECA_WQX-3818,13-COXS-0.5,,,,,42.3905000000,-73.8013900000,,,,,,STORET-1060249233,,None,Perfluorohexanesulfonic acid,Total,0.385,ng/L,CON,Accepted,,Actual,,,,,,,,,,,,,,,,,,,,1633,USEPA,"Analysis of Per- and Polyfluoroalkyl Substances (PFAS) in Aqueous, Solid, Biosolids, and Tissue Samples by LC-MS/MS",,,PACEBTR,2022-09-15,,https://www.waterqualitydata.us/data/providers/STORET/organizations/21NYDECA_WQX/activities/21NYDECA_WQX-13-COXS-0.5_20220720T1230%3ACEC-00247/results/1060249233/resdetectqntlmts,Lower Quantitation Limit,0.898,ng/L,,2025-04-18T14:28:29,STORET
21NYDECA_WQX,New York State Dec Division Of Water,21NYDECA_WQX-13-WFKIL-0.4_20220721T1115:CEC-00258,Sample-Routine,Water,,2022-07-21,11:15:00,EDT,,,,,0,m,,,,,,RIBS Screening,Rotating Integrated Basin Studies (RIBS) Screening,NYSDEC,21NYDECA_WQX-4155,13-WFKIL-0.4,,,,,41.7087640000,-73.9338880000,,,,,,STORET-1060249678,,None,Perfluorohexanesulfonic acid,Total,1.73,ng/L,CON,Accepted,,Actual,,,,,,,,,,,,,,,,,,,,1633,USEPA,"Analysis of Per- and Polyfluoroalkyl Substances (PFAS) in Aqueous, Solid, Biosolids, and Tissue Samples by LC-MS/MS",,,PACEBTR,2022-09-15,,https://www.waterqualitydata.us/data/providers/STORET/organizations/21NYDECA_WQX/activities/21NYDECA_WQX-13-WFKIL-0.4_20220721T1115%3ACEC-00258/results/1060249678/resdetectqntlmts,Lower Quantitation Limit,0.894,ng/L,,2025-04-18T14:28:32,STORET
21NYDECA_WQX,New York State Dec Division Of Water,21NYDECA_WQX-1302UWB0044F_DH_20220912T110000:CEC-00270,Sample-Routine,Water,,2022-09-12,11:00:00,EDT,,,,,0,m,,,,,,Lake Probability 21-25,Lake Probability Sampling 2021-2025,NYSDEC,21NYDECA_WQX-20678,1302UWB0044F_DH,,,,,41.3216303300,-73.7232969000,,,,,,STORET-1060250136,,None,Perfluorohexanesulfonic acid,Total,1.53,ng/L,CON,Accepted,,Actual,,,,,,,,,,,,,,,,,,,,1633,USEPA,"Analysis of Per- and Polyfluoroalkyl Substances (PFAS) in Aqueous, Solid, Biosolids, and Tissue Samples by LC-MS/MS",,,PACEBTR,2022-10-27,,https://www.waterqualitydata.us/data/providers/STORET/organizations/21NYDECA_WQX/activities/21NYDECA_WQX-1302UWB0044F_DH_20220912T110000%3ACEC-00270/results/1060250136/resdetectqntlmts,Lower Quantitation Limit,0.978,ng/L,,2025-04-18T14:28:34,STORET
21NYDECA_WQX,New York State Dec Division Of Water,21NYDECA_WQX-1308TWN0871_DH_20220803T095000:CEC-00264,Sample-Routine,Water,,2022-08-03,09:50:00,EDT,,,,,0,m,,,,,,Lake Probability 21-25,Lake Probability Sampling 2021-2025,NYSDEC,21NYDECA_WQX-22815,1308TWN0871_DH,,,,,42.0620013000,-73.7943795400,,,,,,STORET-1060249895,,None,Perfluorohexanesulfonic acid,Total,0.205,ng/L,CON,Accepted,,Actual,,,,,,,,,,,,,,,,,,,,1633,USEPA,"Analysis of Per- and Polyfluoroalkyl Substances (PFAS) in Aqueous, Solid, Biosolids, and Tissue Samples by LC-MS/MS",,,PACEBTR,2022-09-07,,https://www.waterqualitydata.us/data/providers/STORET/organizations/21NYDECA_WQX/activities/21NYDECA_WQX-1308TWN0871_DH_20220803T095000%3ACEC-00264/results/1060249895/resdetectqntlmts,Lower Quantitation Limit,0.912,ng/L,,2025-04-18T14:28:33,STORET
21NYDECA_WQX,New York State Dec Division Of Water,21NYDECA_WQX-1303BRO0260_DH_20220912T110000:CEC-00276,Sample-Routine,Water,,2022-09-12,11:00:00,EDT,,,,,0,m,,,,,,Lake Probability 21-25,Lake Probability Sampling 2021-2025,NYSDEC,21NYDECA_WQX-21995,1303BRO0260_DH,,,,,41.4568721800,-74.2097031600,,,,,,STORET-1060250390,,None,Perfluorohexanesulfonic acid,Total,1.28,ng/L,CON,Accepted,,Actual,,,,,,,,,,,,,,,,,,,,1633,USEPA,"Analysis of Per- and Polyfluoroalkyl Substances (PFAS) in Aqueous, Solid, Biosolids, and Tissue Samples by LC-MS/MS",,,PACEBTR,2022-10-27,,https://www.waterqualitydata.us/data/providers/STORET/organizations/21NYDECA_WQX/activities/21NYDECA_WQX-1303BRO0260_DH_20220912T110000%3ACEC-00276/results/1060250390/resdetectqntlmts,Lower Quantitation Limit,0.888,ng/L,,2025-04-18T14:28:35,STORET
21NYDECA_WQX,New York State Dec Division Of Water,21NYDECA_WQX-13-ROND_T18-0.2_20220720T1000:CEC-00254,Sample-Routine,Water,,2022-07-20,10:00:00,EDT,,,,,0,m,,,,,,RIBS Screening,Rotating Integrated Basin Studies (RIBS) Screening,NYSDEC,21NYDECA_WQX-4261,13-ROND_T18-0.2,,,,,41.7962120000,-74.2108300000,,,,,,STORET-1060249513,,None,Perfluorohexanesulfonic acid,Total,0.191,ng/L,CON,Accepted,,Actual,,,,,,,,,,,,,,,,,,,,1633,USEPA,"Analysis of Per- and Polyfluoroalkyl Substances (PFAS) in Aqueous, Solid, Biosolids, and Tissue Samples by LC-MS/MS",,,PACEBTR,2022-09-16,,https://www.waterqualitydata.us/data/providers/STORET/organizations/21NYDECA_WQX/activities/21NYDECA_WQX-13-ROND_T18-0.2_20220720T1000%3ACEC-00254/results/1060249513/resdetectqntlmts,Lower Quantitation Limit,0.938,ng/L,,2025-04-18T14:28:31,STORET
21NYDECA_WQX,New York State Dec Division Of Water,21NYDECA_WQX-13-CATS-6.2_20220721T0830:CEC-00246,Sample-Routine,Water,,2022-07-21,08:30:00,EDT,,,,,0,m,,,,,,RIBS Screening,Rotating Integrated Basin Studies (RIBS) Screening,NYSDEC,21NYDECA_WQX-3793,13-CATS-6.2,,,,,42.2563900000,-73.9047100000,,,,,,STORET-1060249212,,None,Perfluorohexanesulfonic acid,Total,0.657,ng/L,CON,Accepted,,Actual,,,,,,,,,,,,,,,,,,,,1633,USEPA,"Analysis of Per- and Polyfluoroalkyl Substances (PFAS) in Aqueous, Solid, Biosolids, and Tissue Samples by LC-MS/MS",,,PACEBTR,2022-09-15,,https://www.waterqualitydata.us/data/providers/STORET/organizations/21NYDECA_WQX/activities/21NYDECA_WQX-13-CATS-6.2_20220721T0830%3ACEC-00246/results/1060249212/resdetectqntlmts,Lower Quantitation Limit,0.887,ng/L,,2025-04-18T14:28:29,STORET
21NYDECA_WQX,New York State Dec Division Of Water,21NYDECA_WQX-1301BRO0193A_DH_20220913T143000:CEC-00271,Sample-Routine,Water,,2022-09-13,14:30:00,EDT,,,,,0,m,,,,,,Lake Probability 21-25,Lake Probability Sampling 2021-2025,NYSDEC,21NYDECA_WQX-15148,1301BRO0193A_DH,,,,,41.3310602300,-73.9936069000,,,,,,STORET-1060250175,,None,Perfluorohexanesulfonic acid,Total,0.931,ng/L,ISAC,Accepted,,Actual,,,,,,,,,,,,,,,,,,,,1633,USEPA,"Analysis of Per- and Polyfluoroalkyl Substances (PFAS) in Aqueous, Solid, Biosolids, and Tissue Samples by LC-MS/MS",,,PACEBTR,2022-10-27,,https://www.waterqualitydata.us/data/providers/STORET/organizations/21NYDECA_WQX/activities/21NYDECA_WQX-1301BRO0193A_DH_20220913T143000%3ACEC-00271/results/1060250175/resdetectqntlmts,Lower Quantitation Limit,0.988,ng/L,,2025-04-18T14:28:34,STORET
21NYDECA_WQX,New York State Dec Division Of Water,21NYDECA_WQX-08-BENE-0.2_20220914T1300:CEC-00225,Sample-Routine,Water,,2022-09-14,13:00:00,EDT,,,,,0,m,,,,,,RIBS Screening,Rotating Integrated Basin Studies (RIBS) Screening,NYSDEC,21NYDECA_WQX-1868,08-BENE-0.2,,,,,43.6761100000,-74.7083400000,,,,,,STORET-1060248411,,None,Perfluorohexanesulfonic acid,Total,0.221,ng/L,CON,Accepted,,Actual,,,,,,,,,,,,,,,,,,,,1633,USEPA,"Analysis of Per- and Polyfluoroalkyl Substances (PFAS) in Aqueous, Solid, Biosolids, and Tissue Samples by LC-MS/MS",,,PACEBTR,2022-11-10,,https://www.waterqualitydata.us/data/providers/STORET/organizations/21NYDECA_WQX/activities/21NYDECA_WQX-08-BENE-0.2_20220914T1300%3ACEC-00225/results/1060248411/resdetectqntlmts,Lower Quantitation Limit,0.877,ng/L,,2025-04-18T14:28:25,STORET
21NYDECA_WQX,New York State Dec Division Of Water,21NYDECA_WQX-08-NMOO-0.7_20220914T1430:CEC-00236,Sample-Routine,Water,,2022-09-14,14:30:00,EDT,,,,,0,m,,,,,,RIBS Screening,Rotating Integrated Basin Studies (RIBS) Screening,NYSDEC,21NYDECA_WQX-1990,08-NMOO-0.7,,,,,43.8083200000,-74.8513710000,,,,,,STORET-1060248823,,None,Perfluorohexanesulfonic acid,Total,0.162,ng/L,CON,Accepted,,Actual,,,,,,,,,,,,,,,,,,,,1633,USEPA,"Analysis of Per- and Polyfluoroalkyl Substances (PFAS) in Aqueous, Solid, Biosolids, and Tissue Samples by LC-MS/MS",,,PACEBTR,2022-11-09,,https://www.waterqualitydata.us/data/providers/STORET/organizations/21NYDECA_WQX/activities/21NYDECA_WQX-08-NMOO-0.7_20220914T1430%3ACEC-00236/results/1060248823/resdetectqntlmts,Lower Quantitation Limit,0.873,ng/L,,2025-04-18T14:28:27,STORET
21NYDECA_WQX,New York State Dec Division Of Water,21NYDECA_WQX-1003BLA0130_DH_20230810T102900:CEC-00405,Sample-Routine,Water,,2023-08-10,10:29:00,EDT,,,,,,,,,,,,Lake Probability 21-25,Lake Probability Sampling 2021-2025,NYSDEC,21NYDECA_WQX-10996,1003BLA0130_DH,,,,,44.3080572400,-74.3810488100,,,,,,STORET-1060252420,Not Detected,None,Perfluorohexanesulfonic acid,Total,,,U,Accepted,,,,,,,,,,,,,,,,,,,,,,1633,USEPA,"Analysis of Per- and Polyfluoroalkyl Substances (PFAS) in Aqueous, Solid, Biosolids, and Tissue Samples by LC-MS/MS",,,CASKEL,2023-09-11,,https://www.waterqualitydata.us/data/providers/STORET/organizations/21NYDECA_WQX/activities/21NYDECA_WQX-1003BLA0130_DH_20230810T102900%3ACEC-00405/results/1060252420/resdetectqntlmts,Lower Quantitation Limit,4.2,ng/L,,2025-04-18T14:28:46,STORET
21NYDECA_WQX,New York State Dec Division Of Water,21NYDECA_WQX-06-DILA-36.6_20230824T1100:CEC-00380,Sample-Routine,Water,,2023-08-24,15:00:00,EDT,,,,,,,,,,,,RIBS Screening,Rotating Integrated Basin Studies (RIBS) Screening,NYSDEC,21NYDECA_WQX-23910,06-DILA-36.6,,,,,42.6849300199,-75.3195322926,,,,,,STORET-1060252081,Not Detected,None,Perfluorohexanesulfonic acid,Total,,,U,Accepted,,,,,,,,,,,,,,,,,,,,,,1633,USEPA,"Analysis of Per- and Polyfluoroalkyl Substances (PFAS) in Aqueous, Solid, Biosolids, and Tissue Samples by LC-MS/MS",,,CASKEL,2023-09-15,,https://www.waterqualitydata.us/data/providers/STORET/organizations/21NYDECA_WQX/activities/21NYDECA_WQX-06-DILA-36.6_20230824T1100%3ACEC-00380/results/1060252081/resdetectqntlmts,Lower Quantitation Limit,4.8,ng/L,,2025-04-18T14:28:44,STORET
21NYDECA_WQX,New York State Dec Division Of Water,21NYDECA_WQX-0601GOO0360_DH_20230815T124500:CEC-00419,Sample-Routine,Water,,2023-08-15,12:45:00,EDT,,,,,,,,,,,,Lake Probability 21-25,Lake Probability Sampling 2021-2025,NYSDEC,21NYDECA_WQX-5296,0601GOO0360_DH,,,,,42.5071600000,-74.9823330000,,,,,,STORET-1060252650,Not Detected,None,Perfluorohexanesulfonic acid,Total,,,U,Accepted,,,,,,,,,,,,,,,,,,,,,,1633,USEPA,"Analysis of Per- and Polyfluoroalkyl Substances (PFAS) in Aqueous, Solid, Biosolids, and Tissue Samples by LC-MS/MS",,,CASKEL,2023-09-07,,https://www.waterqualitydata.us/data/providers/STORET/organizations/21NYDECA_WQX/activities/21NYDECA_WQX-0601GOO0360_DH_20230815T124500%3ACEC-00419/results/1060252650/resdetectqntlmts,Lower Quantitation Limit,4.3,ng/L,,2025-04-18T14:28:47,STORET
21NYDECA_WQX,New York State Dec Division Of Water,21NYDECA_WQX-1002ROX5044_DH_20230808T160200:CEC-00410,Sample-Routine,Water,,2023-08-08,16:02:00,EDT,,,,,,,,,,,,Lake Probability 21-25,Lake Probability Sampling 2021-2025,NYSDEC,21NYDECA_WQX-10552,1002ROX5044_DH,,,,,44.8946400000,-73.8040810000,,,,,,STORET-1060252586,Not Detected,None,Perfluorohexanesulfonic acid,Total,,,U,Accepted,,,,,,,,,,,,,,,,,,,,,,1633,USEPA,"Analysis of Per- and Polyfluoroalkyl Substances (PFAS) in Aqueous, Solid, Biosolids, and Tissue Samples by LC-MS/MS",,,CASKEL,2023-09-07,,https://www.waterqualitydata.us/data/providers/STORET/organizations/21NYDECA_WQX/activities/21NYDECA_WQX-1002ROX5044_DH_20230808T160200%3ACEC-00410/results/1060252586/resdetectqntlmts,Lower Quantitation Limit,4.4,ng/L,,2025-04-18T14:28:47,STORET
21NYDECA_WQX,New York State Dec Division Of Water,21NYDECA_WQX-0602TOR0049_DH_20230830T112500:CEC-00428,Sample-Routine,Water,,2023-08-30,11:25:00,EDT,,,,,,,,,,,,Lake Probability 21-25,Lake Probability Sampling 2021-2025,NYSDEC,21NYDECA_WQX-4890,0602TOR0049_DH,,,,,42.8235027600,-75.7154408400,,,,,,STORET-1060252861,Not Detected,None,Perfluorohexanesulfonic acid,Total,,,U,Accepted,,,,,,,,,,,,,,,,,,,,,,1633,USEPA,"Analysis of Per- and Polyfluoroalkyl Substances (PFAS) in Aqueous, Solid, Biosolids, and Tissue Samples by LC-MS/MS",,,CASKEL,2023-09-21,,https://www.waterqualitydata.us/data/providers/STORET/organizations/21NYDECA_WQX/activities/21NYDECA_WQX-0602TOR0049_DH_20230830T112500%3ACEC-00428/results/1060252861/resdetectqntlmts,Lower Quantitation Limit,3.9,ng/L,,2025-04-18T14:28:48,STORET
21NYDECA_WQX,New York State Dec Division Of Water,21NYDECA_WQX-10-BOQT-28.5_20230726T1330:CEC-00349,Sample-Routine,Water,,2023-07-26,17:30:00,EDT,,,,,,,,,,,,RIBS Screening,Rotating Integrated Basin Studies (RIBS) Screening,NYSDEC,21NYDECA_WQX-2679,10-BOQT-28.5,,,,,44.2200300000,-73.5855200000,,,,,,STORET-1060251575,Not Detected,None,Perfluorohexanesulfonic acid,Total,,,U,Accepted,,,,,,,,,,,,,,,,,,,,,,1633,USEPA,"Analysis of Per- and Polyfluoroalkyl Substances (PFAS) in Aqueous, Solid, Biosolids, and Tissue Samples by LC-MS/MS",,,CASKEL,2023-08-10,,https://www.waterqualitydata.us/data/providers/STORET/organizations/21NYDECA_WQX/activities/21NYDECA_WQX-10-BOQT-28.5_20230726T1330%3ACEC-00349/results/1060251575/resdetectqntlmts,Lower Quantitation Limit,4.3,ng/L,,2025-04-18T14:28:41,STORET
21NYDECA_WQX,New York State Dec Division Of Water,21NYDECA_WQX-06-CHAR-24.8_20230822T0830:CEC-00360,Sample-Routine,Water,,2023-08-22,12:30:00,EDT,,,,,,,,,,,,RIBS Screening,Rotating Integrated Basin Studies (RIBS) Screening,NYSDEC,21NYDECA_WQX-23905,06-CHAR-24.8,,,,,42.5439980288,-74.6634513700,,,,,,STORET-1060251759,Not Detected,None,Perfluorohexanesulfonic acid,Total,,,U,Accepted,,,,,,,,,,,,,,,,,,,,,,1633,USEPA,"Analysis of Per- and Polyfluoroalkyl Substances (PFAS) in Aqueous, Solid, Biosolids, and Tissue Samples by LC-MS/MS",,,CASKEL,2023-09-15,,https://www.waterqualitydata.us/data/providers/STORET/organizations/21NYDECA_WQX/activities/21NYDECA_WQX-06-CHAR-24.8_20230822T0830%3ACEC-00360/results/1060251759/resdetectqntlmts,Lower Quantitation Limit,4.6,ng/L,,2025-04-18T14:28:42,STORET
21NYDECA_WQX,New York State Dec Division Of Water,21NYDECA_WQX-17-MILI_T6-1.7_20230926T1030:CEC-00464,Sample-Routine,Water,,2023-09-26,14:30:00,EDT,,,,,,,,,,,,RIBS Screening,Rotating Integrated Basin Studies (RIBS) Screening,NYSDEC,21NYDECA_WQX-24005,17-MILI_T6-1.7,,,,,41.2422300810,-73.5288473680,,,,,,STORET-1060253415,Not Detected,None,Perfluorohexanesulfonic acid,Total,,,U,Accepted,,,,,,,,,,,,,,,,,,,,,,1633,USEPA,"Analysis of Per- and Polyfluoroalkyl Substances (PFAS) in Aqueous, Solid, Biosolids, and Tissue Samples by LC-MS/MS",,,CASKEL,2023-10-19,,https://www.waterqualitydata.us/data/providers/STORET/organizations/21NYDECA_WQX/activities/21NYDECA_WQX-17-MILI_T6-1.7_20230926T1030%3ACEC-00464/results/1060253415/resdetectqntlmts,Lower Quantitation Limit,4.5,ng/L,,2025-04-18T14:28:51,STORET
21NYDECA_WQX,New York State Dec Division Of Water,21NYDECA_WQX-1003FIS0124_DH_20230629T100000:CEC-00303,Sample-Routine,Water,,2023-06-29,10:00:00,EDT,,,,,,,,,,,,Lake Probability 21-25,Lake Probability Sampling 2021-2025,NYSDEC,21NYDECA_WQX-9830,1003FIS0124_DH,,,,,44.2982180400,-74.3587726500,,,,,,STORET-1060250767,Not Detected,None,Perfluorohexanesulfonic acid,Total,,,U,Accepted,,,,,,,,,,,,,,,,,,,,,,1633,USEPA,"Analysis of Per- and Polyfluoroalkyl Substances (PFAS) in Aqueous, Solid, Biosolids, and Tissue Samples by LC-MS/MS",,,CASKEL,2023-07-27,,https://www.waterqualitydata.us/data/providers/STORET/organizations/21NYDECA_WQX/activities/21NYDECA_WQX-1003FIS0124_DH_20230629T100000%3ACEC-00303/results/1060250767/resdetectqntlmts,Lower Quantitation Limit,4.1,ng/L,,2025-04-18T14:28:37,STORET
21NYDECA_WQX,New York State Dec Division Of Water,21NYDECA_WQX-1005RAT5336_DH_20230919T113500:CEC-00444,Sample-Routine,Water,,2023-09-19,11:35:00,EDT,,,,,,,,,,,,Lake Probability 21-25,Lake Probability Sampling 2021-2025,NYSDEC,21NYDECA_WQX-17490,1005RAT5336_DH,,,,,43.4237642100,-73.2566368600,,,,,,STORET-1060253137,Not Detected,None,Perfluorohexanesulfonic acid,Total,,,U,Accepted,,,,,,,,,,,,,,,,,,,,,,1633,USEPA,"Analysis of Per- and Polyfluoroalkyl Substances (PFAS) in Aqueous, Solid, Biosolids, and Tissue Samples by LC-MS/MS",,,CASKEL,2023-10-13,,https://www.waterqualitydata.us/data/providers/STORET/organizations/21NYDECA_WQX/activities/21NYDECA_WQX-1005RAT5336_DH_20230919T113500%3ACEC-00444/results/1060253137/resdetectqntlmts,Lower Quantitation Limit,4.3,ng/L,,2025-04-18T14:28:50,STORET
21NYDECA_WQX,New York State Dec Division Of Water,21NYDECA_WQX-06-SANG_T11-1.0_20230824T1215:CEC-00368,Sample-Routine,Water,,2023-08-24,16:15:00,EDT,,,,,,,,,,,,RIBS Screening,Rotating Integrated Basin Studies (RIBS) Screening,NYSDEC,21NYDECA_WQX-23919,06-SANG_T11-1.0,,,,,42.7926272141,-75.5096637981,,,,,,STORET-1060251897,Not Detected,None,Perfluorohexanesulfonic acid,Total,,,U,Accepted,,,,,,,,,,,,,,,,,,,,,,1633,USEPA,"Analysis of Per- and Polyfluoroalkyl Substances (PFAS) in Aqueous, Solid, Biosolids, and Tissue Samples by LC-MS/MS",,,CASKEL,2023-09-15,,https://www.waterqualitydata.us/data/providers/STORET/organizations/21NYDECA_WQX/activities/21NYDECA_WQX-06-SANG_T11-1.0_20230824T1215%3ACEC-00368/results/1060251897/resdetectqntlmts,Lower Quantitation Limit,4.7,ng/L,,2025-04-18T14:28:43,STORET
21NYDECA_WQX,New York State Dec Division Of Water,21NYDECA_WQX-10-GRAV-7.8_20230725T1200:CEC-00322,Sample-Routine,Water,,2023-07-25,16:00:00,EDT,,,,,,,,,,,,RIBS Screening,Rotating Integrated Basin Studies (RIBS) Screening,NYSDEC,21NYDECA_WQX-23934,10-GRAV-7.8,,,,,44.8654337469,-73.7851535329,,,,,,STORET-1060251119,,None,Perfluorohexanesulfonic acid,Total,1.5,ng/L,CON,Accepted,,Actual,,,,,,,,,,,,,,,,,,,,1633,USEPA,"Analysis of Per- and Polyfluoroalkyl Substances (PFAS) in Aqueous, Solid, Biosolids, and Tissue Samples by LC-MS/MS",,,CASKEL,2023-08-21,,https://www.waterqualitydata.us/data/providers/STORET/organizations/21NYDECA_WQX/activities/21NYDECA_WQX-10-GRAV-7.8_20230725T1200%3ACEC-00322/results/1060251119/resdetectqntlmts,Lower Quantitation Limit,4.4,ng/L,,2025-04-18T14:28:39,STORET
21NYDECA_WQX,New York State Dec Division Of Water,21NYDECA_WQX-1005BUT5350_DH_20230921T104500:CEC-00391,Sample-Routine,Water,,2023-09-21,10:45:00,EDT,,,,,,,,,,,,Lake Probability 21-25,Lake Probability Sampling 2021-2025,NYSDEC,21NYDECA_WQX-17213,1005BUT5350_DH,,,,,43.3492050200,-73.7273483300,,,,,,STORET-1060252265,Not Detected,None,Perfluorohexanesulfonic acid,Total,,,U,Accepted,,,,,,,,,,,,,,,,,,,,,,1633,USEPA,"Analysis of Per- and Polyfluoroalkyl Substances (PFAS) in Aqueous, Solid, Biosolids, and Tissue Samples by LC-MS/MS",,,CASKEL,2023-10-18,,https://www.waterqualitydata.us/data/providers/STORET/organizations/21NYDECA_WQX/activities/21NYDECA_WQX-1005BUT5350_DH_20230921T104500%3ACEC-00391/results/1060252265/resdetectqntlmts,Lower Quantitation Limit,4.3,ng/L,,2025-04-18T14:28:45,STORET
21NYDECA_WQX,New York State Dec Division Of Water,21NYDECA_WQX-17-WILT-0.7_20230927T1000:CEC-00488,Sample-Routine,Water,,2023-09-27,14:00:00,EDT,,,,,,,,,,,,RIBS Screening,Rotating Integrated Basin Studies (RIBS) Screening,NYSDEC,21NYDECA_WQX-8820,17-WILT-0.7,,,,,40.7045400000,-73.3002400000,,,,,,STORET-1060253823,,None,Perfluorohexanesulfonic acid,Total,2.3,ng/L,CON,Accepted,,Actual,,,,,,,,,,,,,,,,,,,,1633,USEPA,"Analysis of Per- and Polyfluoroalkyl Substances (PFAS) in Aqueous, Solid, Biosolids, and Tissue Samples by LC-MS/MS",,,CASKEL,2023-10-19,,https://www.waterqualitydata.us/data/providers/STORET/organizations/21NYDECA_WQX/activities/21NYDECA_WQX-17-WILT-0.7_20230927T1000%3ACEC-00488/results/1060253823/resdetectqntlmts,Lower Quantitation Limit,4.6,ng/L,,2025-04-18T14:28:53,STORET
21NYDECA_WQX,New York State Dec Division Of Water,21NYDECA_WQX-17-MIAN-13.3_20230926T1330:CEC-00462,Sample-Routine,Water,,2023-09-26,17:30:00,EDT,,,,,,,,,,,,RIBS Screening,Rotating Integrated Basin Studies (RIBS) Screening,NYSDEC,21NYDECA_WQX-8660,17-MIAN-13.3,,,,,41.1938900000,-73.6247200000,,,,,,STORET-1060253335,,None,Perfluorohexanesulfonic acid,Total,1.5,ng/L,CON,Accepted,,Actual,,,,,,,,,,,,,,,,,,,,1633,USEPA,"Analysis of Per- and Polyfluoroalkyl Substances (PFAS) in Aqueous, Solid, Biosolids, and Tissue Samples by LC-MS/MS",,,CASKEL,2023-10-18,,https://www.waterqualitydata.us/data/providers/STORET/organizations/21NYDECA_WQX/activities/21NYDECA_WQX-17-MIAN-13.3_20230926T1330%3ACEC-00462/results/1060253335/resdetectqntlmts,Lower Quantitation Limit,4.4,ng/L,,2025-04-18T14:28:51,STORET
21NYDECA_WQX,New York State Dec Division Of Water,21NYDECA_WQX-10-LCHZ-8.9_20230725T1230:CEC-00333,Sample-Routine,Water,,2023-07-25,16:30:00,EDT,,,,,,,,,,,,RIBS Screening,Rotating Integrated Basin Studies (RIBS) Screening,NYSDEC,21NYDECA_WQX-23940,10-LCHZ-8.9,,,,,44.8448142720,-73.4706739708,,,,,,STORET-1060251302,,None,Perfluorohexanesulfonic acid,Total,2.8,ng/L,CON,Accepted,,Actual,,,,,,,,,,,,,,,,,,,,1633,USEPA,"Analysis of Per- and Polyfluoroalkyl Substances (PFAS) in Aqueous, Solid, Biosolids, and Tissue Samples by LC-MS/MS",,,CASKEL,2023-08-09,,https://www.waterqualitydata.us/data/providers/STORET/organizations/21NYDECA_WQX/activities/21NYDECA_WQX-10-LCHZ-8.9_20230725T1230%3ACEC-00333/results/1060251302/resdetectqntlmts,Lower Quantitation Limit,4.4,ng/L,,2025-04-18T14:28:40,STORET
21NYDECA_WQX,New York State Dec Division Of Water,21NYDECA_WQX-06-TROW-3.7_20230823T1015:CEC-00363,Sample-Routine,Water,,2023-08-23,14:15:00,EDT,,,,,,,,,,,,RIBS Screening,Rotating Integrated Basin Studies (RIBS) Screening,NYSDEC,21NYDECA_WQX-23922,06-TROW-3.7,,,,,42.0225577527,-75.7313670891,,,,,,STORET-1060251805,Not Detected,None,Perfluorohexanesulfonic acid,Total,,,U,Accepted,,,,,,,,,,,,,,,,,,,,,,1633,USEPA,"Analysis of Per- and Polyfluoroalkyl Substances (PFAS) in Aqueous, Solid, Biosolids, and Tissue Samples by LC-MS/MS",,,CASKEL,2023-09-15,,https://www.waterqualitydata.us/data/providers/STORET/organizations/21NYDECA_WQX/activities/21NYDECA_WQX-06-TROW-3.7_20230823T1015%3ACEC-00363/results/1060251805/resdetectqntlmts,Lower Quantitation Limit,4.6,ng/L,,2025-04-18T14:28:42,STORET
21NYDECA_WQX,New York State Dec Division Of Water,21NYDECA_WQX-0601YOU0408_DH_20230815T100000:CEC-00420,Sample-Routine,Water,,2023-08-15,10:00:00,EDT,,,,,,,,,,,,Lake Probability 21-25,Lake Probability Sampling 2021-2025,NYSDEC,21NYDECA_WQX-6644,0601YOU0408_DH,,,,,42.8441440000,-74.9209080000,,,,,,STORET-1060252690,Not Detected,None,Perfluorohexanesulfonic acid,Total,,,U,Accepted,,,,,,,,,,,,,,,,,,,,,,1633,USEPA,"Analysis of Per- and Polyfluoroalkyl Substances (PFAS) in Aqueous, Solid, Biosolids, and Tissue Samples by LC-MS/MS",,,CASKEL,2023-09-07,,https://www.waterqualitydata.us/data/providers/STORET/organizations/21NYDECA_WQX/activities/21NYDECA_WQX-0601YOU0408_DH_20230815T100000%3ACEC-00420/results/1060252690/resdetectqntlmts,Lower Quantitation Limit,4.3,ng/L,,2025-04-18T14:28:47,STORET
21NYDECA_WQX,New York State Dec Division Of Water,21NYDECA_WQX-10-IDIA_T1-5.0_20230727T1130:CEC-00351,Sample-Routine,Water,,2023-07-27,15:30:00,EDT,,,,,,,,,,,,RIBS Screening,Rotating Integrated Basin Studies (RIBS) Screening,NYSDEC,21NYDECA_WQX-23937,10-IDIA_T1-5.0,,,,,43.3653483224,-73.2912581890,,,,,,STORET-1060251621,Not Detected,None,Perfluorohexanesulfonic acid,Total,,,U,Accepted,,,,,,,,,,,,,,,,,,,,,,1633,USEPA,"Analysis of Per- and Polyfluoroalkyl Substances (PFAS) in Aqueous, Solid, Biosolids, and Tissue Samples by LC-MS/MS",,,CASKEL,2023-08-21,,https://www.waterqualitydata.us/data/providers/STORET/organizations/21NYDECA_WQX/activities/21NYDECA_WQX-10-IDIA_T1-5.0_20230727T1130%3ACEC-00351/results/1060251621/resdetectqntlmts,Lower Quantitation Limit,4.5,ng/L,,2025-04-18T14:28:42,STORET
21NYDECA_WQX,New York State Dec Division Of Water,21NYDECA_WQX-1701RON0304_DH_20230614T091600:CEC-00285,Sample-Routine,Water,,2023-06-14,09:16:00,EDT,,,,,,,,,,,,Lake Probability 21-25,Lake Probability Sampling 2021-2025,NYSDEC,21NYDECA_WQX-20002,1701RON0304_DH,,,,,40.8237500000,-73.1200000000,,,,,,STORET-1060250529,,None,Perfluorohexanesulfonic acid,Total,3,ng/L,CON,Accepted,,Actual,,,,,,,,,,,,,,,,,,,,1633,USEPA,"Analysis of Per- and Polyfluoroalkyl Substances (PFAS) in Aqueous, Solid, Biosolids, and Tissue Samples by LC-MS/MS",,,CASKEL,2023-07-06,,https://www.waterqualitydata.us/data/providers/STORET/organizations/21NYDECA_WQX/activities/21NYDECA_WQX-1701RON0304_DH_20230614T091600%3ACEC-00285/results/1060250529/resdetectqntlmts,Lower Quantitation Limit,4.2,ng/L,,2025-04-18T14:28:36,STORET
21NYDECA_WQX,New York State Dec Division Of Water,21NYDECA_WQX-10-FAYB-1.0_20230726T1400:CEC-00331,Sample-Routine,Water,,2023-07-26,18:00:00,EDT,,,,,,,,,,,,RIBS Screening,Rotating Integrated Basin Studies (RIBS) Screening,NYSDEC,21NYDECA_WQX-23932,10-FAYB-1.0,,,,,44.3804896900,-74.1918978269,,,,,,STORET-1060251257,Not Detected,None,Perfluorohexanesulfonic acid,Total,,,U,Accepted,,,,,,,,,,,,,,,,,,,,,,1633,USEPA,"Analysis of Per- and Polyfluoroalkyl Substances (PFAS) in Aqueous, Solid, Biosolids, and Tissue Samples by LC-MS/MS",,,CASKEL,2023-08-09,,https://www.waterqualitydata.us/data/providers/STORET/organizations/21NYDECA_WQX/activities/21NYDECA_WQX-10-FAYB-1.0_20230726T1400%3ACEC-00331/results/1060251257/resdetectqntlmts,Lower Quantitation Limit,4.4,ng/L,,2025-04-18T14:28:40,STORET
21NYDECA_WQX,New York State Dec Division Of Water,21NYDECA_WQX-17-MITL-1.0_20230927T1236:CEC-00482,Sample-Routine,Water,,2023-09-27,16:36:00,EDT,,,,,,,,,,,,RIBS Screening,Rotating Integrated Basin Studies (RIBS) Screening,NYSDEC,21NYDECA_WQX-24051,17-MITL-1.0,,,,,40.8142260000,-73.7441820000,,,,,,STORET-1060253731,,None,Perfluorohexanesulfonic acid,Total,2.6,ng/L,CON,Accepted,,Actual,,,,,,,,,,,,,,,,,,,,1633,USEPA,"Analysis of Per- and Polyfluoroalkyl Substances (PFAS) in Aqueous, Solid, Biosolids, and Tissue Samples by LC-MS/MS",,,CASKEL,2023-10-19,,https://www.waterqualitydata.us/data/providers/STORET/organizations/21NYDECA_WQX/activities/21NYDECA_WQX-17-MITL-1.0_20230927T1236%3ACEC-00482/results/1060253731/resdetectqntlmts,Lower Quantitation Limit,4.5,ng/L,,2025-04-18T14:28:53,STORET
21NYDECA_WQX,New York State Dec Division Of Water,21NYDECA_WQX-06-CORL_T1-0.5_20230824T0845:CEC-00382,Sample-Routine,Water,,2023-08-24,12:45:00,EDT,,,,,,,,,,,,RIBS Screening,Rotating Integrated Basin Studies (RIBS) Screening,NYSDEC,21NYDECA_WQX-23907,06-CORL_T1-0.5,,,,,42.2006889701,-75.5312840088,,,,,,STORET-1060252127,Not Detected,None,Perfluorohexanesulfonic acid,Total,,,U,Accepted,,,,,,,,,,,,,,,,,,,,,,1633,USEPA,"Analysis of Per- and Polyfluoroalkyl Substances (PFAS) in Aqueous, Solid, Biosolids, and Tissue Samples by LC-MS/MS",,,CASKEL,2023-09-15,,https://www.waterqualitydata.us/data/providers/STORET/organizations/21NYDECA_WQX/activities/21NYDECA_WQX-06-CORL_T1-0.5_20230824T0845%3ACEC-00382/results/1060252127/resdetectqntlmts,Lower Quantitation Limit,4.6,ng/L,,2025-04-18T14:28:44,STORET
21NYDECA_WQX,New York State Dec Division Of Water,21NYDECA_WQX-0601UWB5827_DH_20230829T114500:CEC-00388,Sample-Routine,Water,,2023-08-29,11:45:00,EDT,,,,,,,,,,,,Lake Probability 21-25,Lake Probability Sampling 2021-2025,NYSDEC,21NYDECA_WQX-6614,0601UWB5827_DH,,,,,42.6356230100,-74.6940860700,,,,,,STORET-1060252219,Not Detected,None,Perfluorohexanesulfonic acid,Total,,,U,Accepted,,,,,,,,,,,,,,,,,,,,,,1633,USEPA,"Analysis of Per- and Polyfluoroalkyl Substances (PFAS) in Aqueous, Solid, Biosolids, and Tissue Samples by LC-MS/MS",,,CASKEL,2023-09-15,,https://www.waterqualitydata.us/data/providers/STORET/organizations/21NYDECA_WQX/activities/21NYDECA_WQX-0601UWB5827_DH_20230829T114500%3ACEC-00388/results/1060252219/resdetectqntlmts,Lower Quantitation Limit,4,ng/L,,2025-04-18T14:28:45,STORET
21NYDECA_WQX,New York State Dec Division Of Water,21NYDECA_WQX-06-CSPR-3.5_20230824T0930:CEC-00379,Sample-Routine,Water,,2023-08-24,13:30:00,EDT,,,,,,,,,,,,RIBS Screening,Rotating Integrated Basin Studies (RIBS) Screening,NYSDEC,21NYDECA_WQX-23908,06-CSPR-3.5,,,,,42.7200391820,-75.5749001407,,,,,,STORET-1060252041,Not Detected,None,Perfluorohexanesulfonic acid,Total,,,U,Accepted,,,,,,,,,,,,,,,,,,,,,,1633,USEPA,"Analysis of Per- and Polyfluoroalkyl Substances (PFAS) in Aqueous, Solid, Biosolids, and Tissue Samples by LC-MS/MS",,,CASKEL,2023-09-15,,https://www.waterqualitydata.us/data/providers/STORET/organizations/21NYDECA_WQX/activities/21NYDECA_WQX-06-CSPR-3.5_20230824T0930%3ACEC-00379/results/1060252041/resdetectqntlmts,Lower Quantitation Limit,4.6,ng/L,,2025-04-18T14:28:44,STORET
21NYDECA_WQX,New York State Dec Division Of Water,21NYDECA_WQX-17-BRNX-12.3_20230926T1115:CEC-00473,Sample-Routine,Water,,2023-09-26,15:15:00,EDT,,,,,,,,,,,,RIBS Screening,Rotating Integrated Basin Studies (RIBS) Screening,NYSDEC,21NYDECA_WQX-8363,17-BRNX-12.3,,,,,40.9594400000,-73.8219950000,,,,,,STORET-1060253593,,None,Perfluorohexanesulfonic acid,Total,2.4,ng/L,CON,Accepted,,Actual,,,,,,,,,,,,,,,,,,,,1633,USEPA,"Analysis of Per- and Polyfluoroalkyl Substances (PFAS) in Aqueous, Solid, Biosolids, and Tissue Samples by LC-MS/MS",,,CASKEL,2023-10-20,,https://www.waterqualitydata.us/data/providers/STORET/organizations/21NYDECA_WQX/activities/21NYDECA_WQX-17-BRNX-12.3_20230926T1115%3ACEC-00473/results/1060253593/resdetectqntlmts,Lower Quantitation Limit,4.4,ng/L,,2025-04-18T14:28:52,STORET
21NYDECA_WQX,New York State Dec Division Of Water,21NYDECA_WQX-1702GRE0378_DH_20230614T095000:CEC-00311,Sample-Routine,Water,,2023-06-14,09:50:00,EDT,,,,,,,,,,,,Lake Probability 21-25,Lake Probability Sampling 2021-2025,NYSDEC,21NYDECA_WQX-23598,1702GRE0378_DH,,,,,41.0671220000,-72.4542760000,,,,,,STORET-1060250936,Not Detected,None,Perfluorohexanesulfonic acid,Total,,,U,Accepted,,,,,,,,,,,,,,,,,,,,,,1633,USEPA,"Analysis of Per- and Polyfluoroalkyl Substances (PFAS) in Aqueous, Solid, Biosolids, and Tissue Samples by LC-MS/MS",,,CASKEL,2023-07-06,,https://www.waterqualitydata.us/data/providers/STORET/organizations/21NYDECA_WQX/activities/21NYDECA_WQX-1702GRE0378_DH_20230614T095000%3ACEC-00311/results/1060250936/resdetectqntlmts,Lower Quantitation Limit,4.1,ng/L,,2025-04-18T14:28:38,STORET
21NYDECA_WQX,New York State Dec Division Of Water,21NYDECA_WQX-10-DERB-2.7_20230725T1400:CEC-00339,Sample-Routine,Water,,2023-07-25,18:00:00,EDT,,,,,,,,,,,,RIBS Screening,Rotating Integrated Basin Studies (RIBS) Screening,NYSDEC,21NYDECA_WQX-23931,10-DERB-2.7,,,,,44.2993606825,-73.5952315200,,,,,,STORET-1060251392,Not Detected,None,Perfluorohexanesulfonic acid,Total,,,U,Accepted,,,,,,,,,,,,,,,,,,,,,,1633,USEPA,"Analysis of Per- and Polyfluoroalkyl Substances (PFAS) in Aqueous, Solid, Biosolids, and Tissue Samples by LC-MS/MS",,,CASKEL,2023-08-09,,https://www.waterqualitydata.us/data/providers/STORET/organizations/21NYDECA_WQX/activities/21NYDECA_WQX-10-DERB-2.7_20230725T1400%3ACEC-00339/results/1060251392/resdetectqntlmts,Lower Quantitation Limit,4.3,ng/L,,2025-04-18T14:28:40,STORET
21NYDECA_WQX,New York State Dec Division Of Water,21NYDECA_WQX-17-PECN-8.9_20230927T0830:CEC-00479,Sample-Routine,Water,,2023-09-27,12:30:00,EDT,,,,,,,,,,,,RIBS Screening,Rotating Integrated Basin Studies (RIBS) Screening,NYSDEC,21NYDECA_WQX-8797,17-PECN-8.9,,,,,40.9036100000,-72.7647200000,,,,,,STORET-1060253685,,None,Perfluorohexanesulfonic acid,Total,5.9,ng/L,CON,Accepted,,Actual,,,,,,,,,,,,,,,,,,,,1633,USEPA,"Analysis of Per- and Polyfluoroalkyl Substances (PFAS) in Aqueous, Solid, Biosolids, and Tissue Samples by LC-MS/MS",,,CASKEL,2023-10-19,,https://www.waterqualitydata.us/data/providers/STORET/organizations/21NYDECA_WQX/activities/21NYDECA_WQX-17-PECN-8.9_20230927T0830%3ACEC-00479/results/1060253685/resdetectqntlmts,Lower Quantitation Limit,4.6,ng/L,,2025-04-18T14:28:52,STORET
21NYDECA_WQX,New York State Dec Division Of Water,21NYDECA_WQX-1702CRA1063D_DH_20230613T134500:CEC-00282,Sample-Routine,Water,,2023-06-13,13:45:00,EDT,,,,,,,,,,,,Lake Probability 21-25,Lake Probability Sampling 2021-2025,NYSDEC,21NYDECA_WQX-23578,1702CRA1063D_DH,,,,,41.0760272700,-73.7550956900,,,,,,STORET-1060250443,,None,Perfluorohexanesulfonic acid,Total,1.1,ng/L,CON,Accepted,,Actual,,,,,,,,,,,,,,,,,,,,1633,USEPA,"Analysis of Per- and Polyfluoroalkyl Substances (PFAS) in Aqueous, Solid, Biosolids, and Tissue Samples by LC-MS/MS",,,CASKEL,2023-06-28,,https://www.waterqualitydata.us/data/providers/STORET/organizations/21NYDECA_WQX/activities/21NYDECA_WQX-1702CRA1063D_DH_20230613T134500%3ACEC-00282/results/1060250443/resdetectqntlmts,Lower Quantitation Limit,4,ng/L,,2025-04-18T14:28:36,STORET
21NYDECA_WQX,New York State Dec Division Of Water,21NYDECA_WQX-1003STG0201_DH_20230628T153000:CEC-00301,Sample-Routine,Water,,2023-06-28,15:30:00,EDT,,,,,,,,,,,,Lake Probability 21-25,Lake Probability Sampling 2021-2025,NYSDEC,21NYDECA_WQX-16031,1003STG0201_DH,,,,,44.3782774700,-74.2637261100,,,,,,STORET-1060250689,Not Detected,None,Perfluorohexanesulfonic acid,Total,,,U,Accepted,,,,,,,,,,,,,,,,,,,,,,1633,USEPA,"Analysis of Per- and Polyfluoroalkyl Substances (PFAS) in Aqueous, Solid, Biosolids, and Tissue Samples by LC-MS/MS",,,CASKEL,2023-07-27,,https://www.waterqualitydata.us/data/providers/STORET/organizations/21NYDECA_WQX/activities/21NYDECA_WQX-1003STG0201_DH_20230628T153000%3ACEC-00301/results/1060250689/resdetectqntlmts,Lower Quantitation Limit,4,ng/L,,2025-04-18T14:28:37,STORET
21NYDECA_WQX,New York State Dec Division Of Water,21NYDECA_WQX-10-SABL_W-19.0_20230726T1015:CEC-00393,Sample-Routine,Water,,2023-07-26,14:15:00,EDT,,,,,,,,,,,,RIBS Screening,Rotating Integrated Basin Studies (RIBS) Screening,NYSDEC,21NYDECA_WQX-23949,10-SABL_W-19.0,,,,,44.3041525730,-73.9214766555,,,,,,STORET-1060252310,Not Detected,None,Perfluorohexanesulfonic acid,Total,,,U,Accepted,,,,,,,,,,,,,,,,,,,,,,1633,USEPA,"Analysis of Per- and Polyfluoroalkyl Substances (PFAS) in Aqueous, Solid, Biosolids, and Tissue Samples by LC-MS/MS",,,CASKEL,2023-08-21,,https://www.waterqualitydata.us/data/providers/STORET/organizations/21NYDECA_WQX/activities/21NYDECA_WQX-10-SABL_W-19.0_20230726T1015%3ACEC-00393/results/1060252310/resdetectqntlmts,Lower Quantitation Limit,4.4,ng/L,,2025-04-18T14:28:45,STORET
21NYDECA_WQX,New York State Dec Division Of Water,21NYDECA_WQX-17-BEVD-2.1_20230927T1300:CEC-00478,Sample-Routine,Water,,2023-09-27,17:00:00,EDT,,,,,,,,,,,,RIBS Screening,Rotating Integrated Basin Studies (RIBS) Screening,NYSDEC,21NYDECA_WQX-8352,17-BEVD-2.1,,,,,40.8276300000,-72.6586480000,,,,,,STORET-1060253645,,None,Perfluorohexanesulfonic acid,Total,4.5,ng/L,CON,Accepted,,Actual,,,,,,,,,,,,,,,,,,,,1633,USEPA,"Analysis of Per- and Polyfluoroalkyl Substances (PFAS) in Aqueous, Solid, Biosolids, and Tissue Samples by LC-MS/MS",,,CASKEL,2023-10-19,,https://www.waterqualitydata.us/data/providers/STORET/organizations/21NYDECA_WQX/activities/21NYDECA_WQX-17-BEVD-2.1_20230927T1300%3ACEC-00478/results/1060253645/resdetectqntlmts,Lower Quantitation Limit,4.5,ng/L,,2025-04-18T14:28:52,STORET
21NYDECA_WQX,New York State Dec Division Of Water,21NYDECA_WQX-06-CHAS-1.7_20230822T1345:CEC-00357,Sample-Routine,Water,,2023-08-22,17:45:00,EDT,,,,,,,,,,,,RIBS Screening,Rotating Integrated Basin Studies (RIBS) Screening,NYSDEC,21NYDECA_WQX-23906,06-CHAS-1.7,,,,,42.6639353870,-74.9722142768,,,,,,STORET-1060251713,Not Detected,None,Perfluorohexanesulfonic acid,Total,,,U,Accepted,,,,,,,,,,,,,,,,,,,,,,1633,USEPA,"Analysis of Per- and Polyfluoroalkyl Substances (PFAS) in Aqueous, Solid, Biosolids, and Tissue Samples by LC-MS/MS",,,CASKEL,2023-09-15,,https://www.waterqualitydata.us/data/providers/STORET/organizations/21NYDECA_WQX/activities/21NYDECA_WQX-06-CHAS-1.7_20230822T1345%3ACEC-00357/results/1060251713/resdetectqntlmts,Lower Quantitation Limit,4.7,ng/L,,2025-04-18T14:28:42,STORET
21NYDECA_WQX,New York State Dec Division Of Water,21NYDECA_WQX-10-BOQT-11.9_20230726T1230:CEC-00348,Sample-Routine,Water,,2023-07-26,16:30:00,EDT,,,,,,,,,,,,RIBS Screening,Rotating Integrated Basin Studies (RIBS) Screening,NYSDEC,21NYDECA_WQX-23926,10-BOQT-11.9,,,,,44.2525537786,-73.4058367767,,,,,,STORET-1060251535,Not Detected,None,Perfluorohexanesulfonic acid,Total,,,U,Accepted,,,,,,,,,,,,,,,,,,,,,,1633,USEPA,"Analysis of Per- and Polyfluoroalkyl Substances (PFAS) in Aqueous, Solid, Biosolids, and Tissue Samples by LC-MS/MS",,,CASKEL,2023-08-10,,https://www.waterqualitydata.us/data/providers/STORET/organizations/21NYDECA_WQX/activities/21NYDECA_WQX-10-BOQT-11.9_20230726T1230%3ACEC-00348/results/1060251535/resdetectqntlmts,Lower Quantitation Limit,4.3,ng/L,,2025-04-18T14:28:41,STORET
21NYDECA_WQX,New York State Dec Division Of Water,21NYDECA_WQX-17-MILI-2.9_20230926T1130:CEC-00465,Sample-Routine,Water,,2023-09-26,15:30:00,EDT,,,,,,,,,,,,RIBS Screening,Rotating Integrated Basin Studies (RIBS) Screening,NYSDEC,21NYDECA_WQX-8666,17-MILI-2.9,,,,,41.2125000000,-73.5530500000,,,,,,STORET-1060253455,,None,Perfluorohexanesulfonic acid,Total,0.91,ng/L,CON,Accepted,,Actual,,,,,,,,,,,,,,,,,,,,1633,USEPA,"Analysis of Per- and Polyfluoroalkyl Substances (PFAS) in Aqueous, Solid, Biosolids, and Tissue Samples by LC-MS/MS",,,CASKEL,2023-10-19,,https://www.waterqualitydata.us/data/providers/STORET/organizations/21NYDECA_WQX/activities/21NYDECA_WQX-17-MILI-2.9_20230926T1130%3ACEC-00465/results/1060253455/resdetectqntlmts,Lower Quantitation Limit,4.5,ng/L,,2025-04-18T14:28:51,STORET
21NYDECA_WQX,New York State Dec Division Of Water,21NYDECA_WQX-0601MIL5877_DH_20230831T113000:CEC-00433,Sample-Routine,Water,,2023-08-31,11:30:00,EDT,,,,,,,,,,,,Lake Probability 21-25,Lake Probability Sampling 2021-2025,NYSDEC,21NYDECA_WQX-5311,0601MIL5877_DH,,,,,42.6242778300,-75.3635355200,,,,,,STORET-1060252913,Not Detected,None,Perfluorohexanesulfonic acid,Total,,,U,Accepted,,,,,,,,,,,,,,,,,,,,,,1633,USEPA,"Analysis of Per- and Polyfluoroalkyl Substances (PFAS) in Aqueous, Solid, Biosolids, and Tissue Samples by LC-MS/MS",,,CASKEL,2023-09-21,,https://www.waterqualitydata.us/data/providers/STORET/organizations/21NYDECA_WQX/activities/21NYDECA_WQX-0601MIL5877_DH_20230831T113000%3ACEC-00433/results/1060252913/resdetectqntlmts,Lower Quantitation Limit,3.9,ng/L,,2025-04-18T14:28:49,STORET
21NYDECA_WQX,New York State Dec Division Of Water,21NYDECA_WQX-1005HIL0463_DH_20230920T111000:CEC-00453,Sample-Routine,Water,,2023-09-20,11:10:00,EDT,,,,,,,,,,,,Lake Probability 21-25,Lake Probability Sampling 2021-2025,NYSDEC,21NYDECA_WQX-17350,1005HIL0463_DH,,,,,43.5146085500,-73.2804545000,,,,,,STORET-1060253273,Not Detected,None,Perfluorohexanesulfonic acid,Total,,,U,Accepted,,,,,,,,,,,,,,,,,,,,,,1633,USEPA,"Analysis of Per- and Polyfluoroalkyl Substances (PFAS) in Aqueous, Solid, Biosolids, and Tissue Samples by LC-MS/MS",,,CASKEL,2023-10-12,,https://www.waterqualitydata.us/data/providers/STORET/organizations/21NYDECA_WQX/activities/21NYDECA_WQX-1005HIL0463_DH_20230920T111000%3ACEC-00453/results/1060253273/resdetectqntlmts,Lower Quantitation Limit,4.1,ng/L,,2025-04-18T14:28:50,STORET
21NYDECA_WQX,New York State Dec Division Of Water,21NYDECA_WQX-0602MAS5678_DH_20230831T112500:CEC-00434,Sample-Routine,Water,,2023-08-31,11:25:00,EDT,,,,,,,,,,,,Lake Probability 21-25,Lake Probability Sampling 2021-2025,NYSDEC,21NYDECA_WQX-4720,0602MAS5678_DH,,,,,42.7698138400,-76.0758776000,,,,,,STORET-1060252953,Not Detected,None,Perfluorohexanesulfonic acid,Total,,,U,Accepted,,,,,,,,,,,,,,,,,,,,,,1633,USEPA,"Analysis of Per- and Polyfluoroalkyl Substances (PFAS) in Aqueous, Solid, Biosolids, and Tissue Samples by LC-MS/MS",,,CASKEL,2023-09-21,,https://www.waterqualitydata.us/data/providers/STORET/organizations/21NYDECA_WQX/activities/21NYDECA_WQX-0602MAS5678_DH_20230831T112500%3ACEC-00434/results/1060252953/resdetectqntlmts,Lower Quantitation Limit,4,ng/L,,2025-04-18T14:28:49,STORET
21NYDECA_WQX,New York State Dec Division Of Water,21NYDECA_WQX-06-WHAR-26.1_20230822T1145:CEC-00356,Sample-Routine,Water,,2023-08-22,15:45:00,EDT,,,,,,,,,,,,RIBS Screening,Rotating Integrated Basin Studies (RIBS) Screening,NYSDEC,21NYDECA_WQX-23924,06-WHAR-26.1,,,,,42.8263083214,-75.1354801468,,,,,,STORET-1060251673,Not Detected,None,Perfluorohexanesulfonic acid,Total,,,U,Accepted,,,,,,,,,,,,,,,,,,,,,,1633,USEPA,"Analysis of Per- and Polyfluoroalkyl Substances (PFAS) in Aqueous, Solid, Biosolids, and Tissue Samples by LC-MS/MS",,,CASKEL,2023-09-15,,https://www.waterqualitydata.us/data/providers/STORET/organizations/21NYDECA_WQX/activities/21NYDECA_WQX-06-WHAR-26.1_20230822T1145%3ACEC-00356/results/1060251673/resdetectqntlmts,Lower Quantitation Limit,4.6,ng/L,,2025-04-18T14:28:42,STORET
21NYDECA_WQX,New York State Dec Division Of Water,21NYDECA_WQX-06-OTSL-21.1_20230823T1230:CEC-00377,Sample-Routine,Water,,2023-08-23,16:30:00,EDT,,,,,,,,,,,,RIBS Screening,Rotating Integrated Basin Studies (RIBS) Screening,NYSDEC,21NYDECA_WQX-23915,06-OTSL-21.1,,,,,42.5665627118,-75.8830556173,,,,,,STORET-1060251961,Not Detected,None,Perfluorohexanesulfonic acid,Total,,,U,Accepted,,,,,,,,,,,,,,,,,,,,,,1633,USEPA,"Analysis of Per- and Polyfluoroalkyl Substances (PFAS) in Aqueous, Solid, Biosolids, and Tissue Samples by LC-MS/MS",,,CASKEL,2023-09-15,,https://www.waterqualitydata.us/data/providers/STORET/organizations/21NYDECA_WQX/activities/21NYDECA_WQX-06-OTSL-21.1_20230823T1230%3ACEC-00377/results/1060251961/resdetectqntlmts,Lower Quantitation Limit,4.6,ng/L,,2025-04-18T14:28:43,STORET
21NYDECA_WQX,New York State Dec Division Of Water,21NYDECA_WQX-06-TOGH_E_T3-5.3_20230823T1330:CEC-00378,Sample-Routine,Water,,2023-08-23,17:30:00,EDT,,,,,,,,,,,,RIBS Screening,Rotating Integrated Basin Studies (RIBS) Screening,NYSDEC,21NYDECA_WQX-23921,06-TOGH_E_T3-5.3,,,,,42.6784127691,-76.1331368921,,,,,,STORET-1060252001,Not Detected,None,Perfluorohexanesulfonic acid,Total,,,U,Accepted,,,,,,,,,,,,,,,,,,,,,,1633,USEPA,"Analysis of Per- and Polyfluoroalkyl Substances (PFAS) in Aqueous, Solid, Biosolids, and Tissue Samples by LC-MS/MS",,,CASKEL,2023-09-15,,https://www.waterqualitydata.us/data/providers/STORET/organizations/21NYDECA_WQX/activities/21NYDECA_WQX-06-TOGH_E_T3-5.3_20230823T1330%3ACEC-00378/results/1060252001/resdetectqntlmts,Lower Quantitation Limit,4.7,ng/L,,2025-04-18T14:28:44,STORET
21NYDECA_WQX,New York State Dec Division Of Water,21NYDECA_WQX-1003CHU0056_DH_20230809T131900:CEC-00404,Sample-Routine,Water,,2023-08-09,13:19:00,EDT,,,,,,,,,,,,Lake Probability 21-25,Lake Probability Sampling 2021-2025,NYSDEC,21NYDECA_WQX-11006,1003CHU0056_DH,,,,,44.5239705800,-74.1007924000,,,,,,STORET-1060252380,Not Detected,None,Perfluorohexanesulfonic acid,Total,,,U,Accepted,,,,,,,,,,,,,,,,,,,,,,1633,USEPA,"Analysis of Per- and Polyfluoroalkyl Substances (PFAS) in Aqueous, Solid, Biosolids, and Tissue Samples by LC-MS/MS",,,CASKEL,2023-08-21,,https://www.waterqualitydata.us/data/providers/STORET/organizations/21NYDECA_WQX/activities/21NYDECA_WQX-1003CHU0056_DH_20230809T131900%3ACEC-00404/results/1060252380/resdetectqntlmts,Lower Quantitation Limit,4.1,ng/L,,2025-04-18T14:28:46,STORET
21NYDECA_WQX,New York State Dec Division Of Water,21NYDECA_WQX-1004UAU0277_DH_20230809T133000:CEC-00407,Sample-Routine,Water,,2023-08-09,13:30:00,EDT,,,,,,,,,,,,Lake Probability 21-25,Lake Probability Sampling 2021-2025,NYSDEC,21NYDECA_WQX-16915,1004UAU0277_DH,,,,,44.0773690900,-73.8729802300,,,,,,STORET-1060252500,Not Detected,None,Perfluorohexanesulfonic acid,Total,,,U,Accepted,,,,,,,,,,,,,,,,,,,,,,1633,USEPA,"Analysis of Per- and Polyfluoroalkyl Substances (PFAS) in Aqueous, Solid, Biosolids, and Tissue Samples by LC-MS/MS",,,CASKEL,2023-09-11,,https://www.waterqualitydata.us/data/providers/STORET/organizations/21NYDECA_WQX/activities/21NYDECA_WQX-1004UAU0277_DH_20230809T133000%3ACEC-00407/results/1060252500/resdetectqntlmts,Lower Quantitation Limit,4.1,ng/L,,2025-04-18T14:28:46,STORET
21NYDECA_WQX,New York State Dec Division Of Water,21NYDECA_WQX-0601UWBXX1_DH_20230829T120500:CEC-00387,Sample-Routine,Water,,2023-08-29,12:05:00,EDT,,,,,,,,,,,,Lake Probability 21-25,Lake Probability Sampling 2021-2025,NYSDEC,21NYDECA_WQX-6631,0601UWBXX1_DH,,,,,42.7875856800,-75.2869126900,,,,,,STORET-1060252179,Not Detected,None,Perfluorohexanesulfonic acid,Total,,,U,Accepted,,,,,,,,,,,,,,,,,,,,,,1633,USEPA,"Analysis of Per- and Polyfluoroalkyl Substances (PFAS) in Aqueous, Solid, Biosolids, and Tissue Samples by LC-MS/MS",,,CASKEL,2023-09-15,,https://www.waterqualitydata.us/data/providers/STORET/organizations/21NYDECA_WQX/activities/21NYDECA_WQX-0601UWBXX1_DH_20230829T120500%3ACEC-00387/results/1060252179/resdetectqntlmts,Lower Quantitation Limit,4.2,ng/L,,2025-04-18T14:28:45,STORET
21NYDECA_WQX,New York State Dec Division Of Water,21NYDECA_WQX-1003CRA0075_DH_20230919T140000:CEC-00451,Sample-Routine,Water,,2023-09-19,14:00:00,EDT,,,,,,,,,,,,Lake Probability 21-25,Lake Probability Sampling 2021-2025,NYSDEC,21NYDECA_WQX-11021,1003CRA0075_DH,,,,,44.4717041200,-73.9015444300,,,,,,STORET-1060253195,Not Detected,None,Perfluorohexanesulfonic acid,Total,,,U,Accepted,,,,,,,,,,,,,,,,,,,,,,1633,USEPA,"Analysis of Per- and Polyfluoroalkyl Substances (PFAS) in Aqueous, Solid, Biosolids, and Tissue Samples by LC-MS/MS",,,CASKEL,2023-10-12,,https://www.waterqualitydata.us/data/providers/STORET/organizations/21NYDECA_WQX/activities/21NYDECA_WQX-1003CRA0075_DH_20230919T140000%3ACEC-00451/results/1060253195/resdetectqntlmts,Lower Quantitation Limit,4.2,ng/L,,2025-04-18T14:28:50,STORET
21NYDECA_WQX,New York State Dec Division Of Water,21NYDECA_WQX-1005NOR0340_DH_20230920T124500:CEC-00452,Sample-Routine,Water,,2023-09-20,12:45:00,EDT,,,,,,,,,,,,Lake Probability 21-25,Lake Probability Sampling 2021-2025,NYSDEC,21NYDECA_WQX-17370,1005NOR0340_DH,,,,,44.1301713000,-73.5096662500,,,,,,STORET-1060253234,Not Detected,None,Perfluorohexanesulfonic acid,Total,,,U,Accepted,,,,,,,,,,,,,,,,,,,,,,1633,USEPA,"Analysis of Per- and Polyfluoroalkyl Substances (PFAS) in Aqueous, Solid, Biosolids, and Tissue Samples by LC-MS/MS",,,CASKEL,2023-10-12,,https://www.waterqualitydata.us/data/providers/STORET/organizations/21NYDECA_WQX/activities/21NYDECA_WQX-1005NOR0340_DH_20230920T124500%3ACEC-00452/results/1060253234/resdetectqntlmts,Lower Quantitation Limit,4.3,ng/L,,2025-04-18T14:28:50,STORET
21NYDECA_WQX,New York State Dec Division Of Water,21NYDECA_WQX-0602COO5406_DH_20230816T082000:CEC-00421,Sample-Routine,Water,,2023-08-16,08:20:00,EDT,,,,,,,,,,,,Lake Probability 21-25,Lake Probability Sampling 2021-2025,NYSDEC,21NYDECA_WQX-4447,0602COO5406_DH,,,,,42.2995151900,-75.7466886000,,,,,,STORET-1060252730,Not Detected,None,Perfluorohexanesulfonic acid,Total,,,U,Accepted,,,,,,,,,,,,,,,,,,,,,,1633,USEPA,"Analysis of Per- and Polyfluoroalkyl Substances (PFAS) in Aqueous, Solid, Biosolids, and Tissue Samples by LC-MS/MS",,,CASKEL,2023-09-07,,https://www.waterqualitydata.us/data/providers/STORET/organizations/21NYDECA_WQX/activities/21NYDECA_WQX-0602COO5406_DH_20230816T082000%3ACEC-00421/results/1060252730/resdetectqntlmts,Lower Quantitation Limit,4.3,ng/L,,2025-04-18T14:28:48,STORET
21NYDECA_WQX,New York State Dec Division Of Water,21NYDECA_WQX-1702HIG1106K_DH_20230906T115200:CEC-00440,Sample-Routine,Water,,2023-09-06,11:52:00,EDT,,,,,,,,,,,,Lake Probability 21-25,Lake Probability Sampling 2021-2025,NYSDEC,21NYDECA_WQX-23603,1702HIG1106K_DH,,,,,41.1667160400,-73.6045391600,,,,,,STORET-1060253045,,None,Perfluorohexanesulfonic acid,Total,0.64,ng/L,CON,Accepted,,Actual,,,,,,,,,,,,,,,,,,,,1633,USEPA,"Analysis of Per- and Polyfluoroalkyl Substances (PFAS) in Aqueous, Solid, Biosolids, and Tissue Samples by LC-MS/MS",,,CASKEL,2023-10-04,,https://www.waterqualitydata.us/data/providers/STORET/organizations/21NYDECA_WQX/activities/21NYDECA_WQX-1702HIG1106K_DH_20230906T115200%3ACEC-00440/results/1060253045/resdetectqntlmts,Lower Quantitation Limit,4,ng/L,,2025-04-18T14:28:49,STORET
21NYDECA_WQX,New York State Dec Division Of Water,21NYDECA_WQX-1701UWB0986B_DH_20230912T132500:CEC-00442,Sample-Routine,Water,,2023-09-12,13:25:00,EDT,,,,,,,,,,,,Lake Probability 21-25,Lake Probability Sampling 2021-2025,NYSDEC,21NYDECA_WQX-22989,1701UWB0986B_DH,,,,,40.7092669000,-73.5499124500,,,,,,STORET-1060253091,,None,Perfluorohexanesulfonic acid,Total,0.87,ng/L,CON,Accepted,,Actual,,,,,,,,,,,,,,,,,,,,1633,USEPA,"Analysis of Per- and Polyfluoroalkyl Substances (PFAS) in Aqueous, Solid, Biosolids, and Tissue Samples by LC-MS/MS",,,CASKEL,2023-10-13,,https://www.waterqualitydata.us/data/providers/STORET/organizations/21NYDECA_WQX/activities/21NYDECA_WQX-1701UWB0986B_DH_20230912T132500%3ACEC-00442/results/1060253091/resdetectqntlmts,Lower Quantitation Limit,4.3,ng/L,,2025-04-18T14:28:49,STORET
21NYDECA_WQX,New York State Dec Division Of Water,21NYDECA_WQX-10-SABL_E-5.8_20230726T1345:CEC-00341,Sample-Routine,Water,,2023-07-26,17:45:00,EDT,,,,,,,,,,,,RIBS Screening,Rotating Integrated Basin Studies (RIBS) Screening,NYSDEC,21NYDECA_WQX-2559,10-SABL_E-5.8,,,,,44.3772330000,-73.7149300000,,,,,,STORET-1060251438,Not Detected,None,Perfluorohexanesulfonic acid,Total,,,U,Accepted,,,,,,,,,,,,,,,,,,,,,,1633,USEPA,"Analysis of Per- and Polyfluoroalkyl Substances (PFAS) in Aqueous, Solid, Biosolids, and Tissue Samples by LC-MS/MS",,,CASKEL,2023-08-09,,https://www.waterqualitydata.us/data/providers/STORET/organizations/21NYDECA_WQX/activities/21NYDECA_WQX-10-SABL_E-5.8_20230726T1345%3ACEC-00341/results/1060251438/resdetectqntlmts,Lower Quantitation Limit,4.3,ng/L,,2025-04-18T14:28:41,STORET
21NYDECA_WQX,New York State Dec Division Of Water,21NYDECA_WQX-06-SUSQ_T16-0.1_20230823T1252:CEC-00366,Sample-Routine,Water,,2023-08-23,16:52:00,EDT,,,,,,,,,,,,RIBS Screening,Rotating Integrated Basin Studies (RIBS) Screening,NYSDEC,21NYDECA_WQX-23920,06-SUSQ_T16-0.1,,,,,42.0867420457,-76.3112886944,,,,,,STORET-1060251851,Not Detected,None,Perfluorohexanesulfonic acid,Total,,,U,Accepted,,,,,,,,,,,,,,,,,,,,,,1633,USEPA,"Analysis of Per- and Polyfluoroalkyl Substances (PFAS) in Aqueous, Solid, Biosolids, and Tissue Samples by LC-MS/MS",,,CASKEL,2023-09-15,,https://www.waterqualitydata.us/data/providers/STORET/organizations/21NYDECA_WQX/activities/21NYDECA_WQX-06-SUSQ_T16-0.1_20230823T1252%3ACEC-00366/results/1060251851/resdetectqntlmts,Lower Quantitation Limit,4.6,ng/L,,2025-04-18T14:28:43,STORET
21NYDECA_WQX,New York State Dec Division Of Water,21NYDECA_WQX-1004DAV0210C_DH_20230628T072300:CEC-00304,Sample-Routine,Water,,2023-06-28,07:23:00,EDT,,,,,,,,,,,,Lake Probability 21-25,Lake Probability Sampling 2021-2025,NYSDEC,21NYDECA_WQX-16613,1004DAV0210C_DH,,,,,44.6176516000,-73.6086520900,,,,,,STORET-1060250806,Not Detected,None,Perfluorohexanesulfonic acid,Total,,,U,Accepted,,,,,,,,,,,,,,,,,,,,,,1633,USEPA,"Analysis of Per- and Polyfluoroalkyl Substances (PFAS) in Aqueous, Solid, Biosolids, and Tissue Samples by LC-MS/MS",,,CASKEL,2023-07-27,,https://www.waterqualitydata.us/data/providers/STORET/organizations/21NYDECA_WQX/activities/21NYDECA_WQX-1004DAV0210C_DH_20230628T072300%3ACEC-00304/results/1060250806/resdetectqntlmts,Lower Quantitation Limit,4,ng/L,,2025-04-18T14:28:37,STORET
21NYDECA_WQX,New York State Dec Division Of Water,21NYDECA_WQX-0601UWB5808_DH_20230720T143300:CEC-00320,Sample-Routine,Water,,2023-07-20,14:33:00,EDT,,,,,,,,,,,,Lake Probability 21-25,Lake Probability Sampling 2021-2025,NYSDEC,21NYDECA_WQX-6484,0601UWB5808_DH,,,,,42.6833278800,-75.0739587700,,,,,,STORET-1060251074,Not Detected,None,Perfluorohexanesulfonic acid,Total,,,U,Accepted,,,,,,,,,,,,,,,,,,,,,,1633,USEPA,"Analysis of Per- and Polyfluoroalkyl Substances (PFAS) in Aqueous, Solid, Biosolids, and Tissue Samples by LC-MS/MS",,,CASKEL,2023-08-09,,https://www.waterqualitydata.us/data/providers/STORET/organizations/21NYDECA_WQX/activities/21NYDECA_WQX-0601UWB5808_DH_20230720T143300%3ACEC-00320/results/1060251074/resdetectqntlmts,Lower Quantitation Limit,4.1,ng/L,,2025-04-18T14:28:39,STORET
21NYDECA_WQX,New York State Dec Division Of Water,21NYDECA_WQX-0603UWBSR5039_DH_20230830T112000:CEC-00427,Sample-Routine,Water,,2023-08-30,11:20:00,EDT,,,,,,,,,,,,Lake Probability 21-25,Lake Probability Sampling 2021-2025,NYSDEC,21NYDECA_WQX-13590,0603UWBSR5039_DH,,,,,42.1392649000,-76.3295754600,,,,,,STORET-1060252822,Not Detected,None,Perfluorohexanesulfonic acid,Total,,,U,Accepted,,,,,,,,,,,,,,,,,,,,,,1633,USEPA,"Analysis of Per- and Polyfluoroalkyl Substances (PFAS) in Aqueous, Solid, Biosolids, and Tissue Samples by LC-MS/MS",,,CASKEL,2023-09-21,,https://www.waterqualitydata.us/data/providers/STORET/organizations/21NYDECA_WQX/activities/21NYDECA_WQX-0603UWBSR5039_DH_20230830T112000%3ACEC-00427/results/1060252822/resdetectqntlmts,Lower Quantitation Limit,3.9,ng/L,,2025-04-18T14:28:48,STORET
21NYDECA_WQX,New York State Dec Division Of Water,21NYDECA_WQX-17-BLND_T2-3.6_20230926T1200:CEC-00470,Sample-Routine,Water,,2023-09-26,16:00:00,EDT,,,,,,,,,,,,RIBS Screening,Rotating Integrated Basin Studies (RIBS) Screening,NYSDEC,21NYDECA_WQX-23998,17-BLND_T2-3.6,,,,,41.0515639766,-73.7069770125,,,,,,STORET-1060253507,,None,Perfluorohexanesulfonic acid,Total,1,ng/L,CON,Accepted,,Actual,,,,,,,,,,,,,,,,,,,,1633,USEPA,"Analysis of Per- and Polyfluoroalkyl Substances (PFAS) in Aqueous, Solid, Biosolids, and Tissue Samples by LC-MS/MS",,,CASKEL,2023-10-19,,https://www.waterqualitydata.us/data/providers/STORET/organizations/21NYDECA_WQX/activities/21NYDECA_WQX-17-BLND_T2-3.6_20230926T1200%3ACEC-00470/results/1060253507/resdetectqntlmts,Lower Quantitation Limit,4.5,ng/L,,2025-04-18T14:28:52,STORET
21NYDECA_WQX,New York State Dec Division Of Water,21NYDECA_WQX-17-CONQ-1.4_20230927T1345:CEC-00492,Sample-Routine,Water,,2023-09-27,17:45:00,EDT,,,,,,,,,,,,RIBS Screening,Rotating Integrated Basin Studies (RIBS) Screening,NYSDEC,21NYDECA_WQX-8500,17-CONQ-1.4,,,,,40.7630600000,-73.1516700000,,,,,,STORET-1060253915,,None,Perfluorohexanesulfonic acid,Total,4.8,ng/L,CON,Accepted,,Actual,,,,,,,,,,,,,,,,,,,,1633,USEPA,"Analysis of Per- and Polyfluoroalkyl Substances (PFAS) in Aqueous, Solid, Biosolids, and Tissue Samples by LC-MS/MS",,,CASKEL,2023-11-22,,https://www.waterqualitydata.us/data/providers/STORET/organizations/21NYDECA_WQX/activities/21NYDECA_WQX-17-CONQ-1.4_20230927T1345%3ACEC-00492/results/1060253915/resdetectqntlmts,Lower Quantitation Limit,4.5,ng/L,,2025-04-18T14:28:54,STORET
21NYDECA_WQX,New York State Dec Division Of Water,21NYDECA_WQX-1702BRY1106_DH_20230905T143200:CEC-00439,Sample-Routine,Water,,2023-09-05,14:32:00,EDT,,,,,,,,,,,,Lake Probability 21-25,Lake Probability Sampling 2021-2025,NYSDEC,21NYDECA_WQX-23567,1702BRY1106_DH,,,,,41.1728000000,-73.6932900000,,,,,,STORET-1060253005,,None,Perfluorohexanesulfonic acid,Total,0.72,ng/L,CON,Accepted,,Actual,,,,,,,,,,,,,,,,,,,,1633,USEPA,"Analysis of Per- and Polyfluoroalkyl Substances (PFAS) in Aqueous, Solid, Biosolids, and Tissue Samples by LC-MS/MS",,,CASKEL,2023-10-04,,https://www.waterqualitydata.us/data/providers/STORET/organizations/21NYDECA_WQX/activities/21NYDECA_WQX-1702BRY1106_DH_20230905T143200%3ACEC-00439/results/1060253005/resdetectqntlmts,Lower Quantitation Limit,4,ng/L,,2025-04-18T14:28:49,STORET
21NYDECA_WQX,New York State Dec Division Of Water,21NYDECA_WQX-1003COL0106_DH_20230808T133000:CEC-00406,Sample-Routine,Water,,2023-08-08,13:30:00,EDT,,,,,,,,,,,,Lake Probability 21-25,Lake Probability Sampling 2021-2025,NYSDEC,21NYDECA_WQX-11017,1003COL0106_DH,,,,,44.3458850000,-74.1481920000,,,,,,STORET-1060252460,Not Detected,None,Perfluorohexanesulfonic acid,Total,,,U,Accepted,,,,,,,,,,,,,,,,,,,,,,1633,USEPA,"Analysis of Per- and Polyfluoroalkyl Substances (PFAS) in Aqueous, Solid, Biosolids, and Tissue Samples by LC-MS/MS",,,CASKEL,2023-09-11,,https://www.waterqualitydata.us/data/providers/STORET/organizations/21NYDECA_WQX/activities/21NYDECA_WQX-1003COL0106_DH_20230808T133000%3ACEC-00406/results/1060252460/resdetectqntlmts,Lower Quantitation Limit,4.1,ng/L,,2025-04-18T14:28:46,STORET
21NYDECA_WQX,New York State Dec Division Of Water,21NYDECA_WQX-17-MILI_T5-0.6_20230926T1230:CEC-00463,Sample-Routine,Water,,2023-09-26,16:30:00,EDT,,,,,,,,,,,,RIBS Screening,Rotating Integrated Basin Studies (RIBS) Screening,NYSDEC,21NYDECA_WQX-24004,17-MILI_T5-0.6,,,,,41.2122533381,-73.5672581909,,,,,,STORET-1060253375,,None,Perfluorohexanesulfonic acid,Total,1.1,ng/L,CON,Accepted,,Actual,,,,,,,,,,,,,,,,,,,,1633,USEPA,"Analysis of Per- and Polyfluoroalkyl Substances (PFAS) in Aqueous, Solid, Biosolids, and Tissue Samples by LC-MS/MS",,,CASKEL,2023-10-18,,https://www.waterqualitydata.us/data/providers/STORET/organizations/21NYDECA_WQX/activities/21NYDECA_WQX-17-MILI_T5-0.6_20230926T1230%3ACEC-00463/results/1060253375/resdetectqntlmts,Lower Quantitation Limit,4.5,ng/L,,2025-04-18T14:28:51,STORET
21NYDECA_WQX,New York State Dec Division Of Water,21NYDECA_WQX-17-CARM-9.0_20230927T0800:CEC-00490,Sample-Routine,Water,,2023-09-27,12:00:00,EDT,,,,,,,,,,,,RIBS Screening,Rotating Integrated Basin Studies (RIBS) Screening,NYSDEC,21NYDECA_WQX-8498,17-CARM-9.0,,,,,40.8300000000,-72.9069400000,,,,,,STORET-1060253869,,None,Perfluorohexanesulfonic acid,Total,3.2,ng/L,CON,Accepted,,Actual,,,,,,,,,,,,,,,,,,,,1633,USEPA,"Analysis of Per- and Polyfluoroalkyl Substances (PFAS) in Aqueous, Solid, Biosolids, and Tissue Samples by LC-MS/MS",,,CASKEL,2023-11-02,,https://www.waterqualitydata.us/data/providers/STORET/organizations/21NYDECA_WQX/activities/21NYDECA_WQX-17-CARM-9.0_20230927T0800%3ACEC-00490/results/1060253869/resdetectqntlmts,Lower Quantitation Limit,4.4,ng/L,,2025-04-18T14:28:53,STORET
21NYDECA_WQX,New York State Dec Division Of Water,21NYDECA_WQX-1002UWB5009_DH_20230627T112500:CEC-00287,Sample-Routine,Water,,2023-06-27,11:25:00,EDT,,,,,,,,,,,,Lake Probability 21-25,Lake Probability Sampling 2021-2025,NYSDEC,21NYDECA_WQX-10563,1002UWB5009_DH,,,,,44.8781286900,-73.4227385300,,,,,,STORET-1060250575,Not Detected,None,Perfluorohexanesulfonic acid,Total,,,U,Accepted,,,,,,,,,,,,,,,,,,,,,,1633,USEPA,"Analysis of Per- and Polyfluoroalkyl Substances (PFAS) in Aqueous, Solid, Biosolids, and Tissue Samples by LC-MS/MS",,,CASKEL,2023-07-14,,https://www.waterqualitydata.us/data/providers/STORET/organizations/21NYDECA_WQX/activities/21NYDECA_WQX-1002UWB5009_DH_20230627T112500%3ACEC-00287/results/1060250575/resdetectqntlmts,Lower Quantitation Limit,4.1,ng/L,,2025-04-18T14:28:36,STORET
21NYDECA_WQX,New York State Dec Division Of Water,21NYDECA_WQX-10-GCHZ_N-2.5_20230725T0000:CEC-00338,Sample-Routine,Water,,2023-07-25,04:00:00,EDT,,,,,,,,,,,,RIBS Screening,Rotating Integrated Basin Studies (RIBS) Screening,NYSDEC,21NYDECA_WQX-23933,10-GCHZ_N-2.5,,,,,44.9492943673,-73.6720832059,,,,,,STORET-1060251352,Not Detected,None,Perfluorohexanesulfonic acid,Total,,,U,Accepted,,,,,,,,,,,,,,,,,,,,,,1633,USEPA,"Analysis of Per- and Polyfluoroalkyl Substances (PFAS) in Aqueous, Solid, Biosolids, and Tissue Samples by LC-MS/MS",,,CASKEL,2023-08-09,,https://www.waterqualitydata.us/data/providers/STORET/organizations/21NYDECA_WQX/activities/21NYDECA_WQX-10-GCHZ_N-2.5_20230725T0000%3ACEC-00338/results/1060251352/resdetectqntlmts,Lower Quantitation Limit,4.3,ng/L,,2025-04-18T14:28:40,STORET
21NYDECA_WQX,New York State Dec Division Of Water,21NYDECA_WQX-17-PENA-1.1_20230927T0900:CEC-00487,Sample-Routine,Water,,2023-09-27,13:00:00,EDT,,,,,,,,,,,,RIBS Screening,Rotating Integrated Basin Studies (RIBS) Screening,NYSDEC,21NYDECA_WQX-8799,17-PENA-1.1,,,,,40.7274700000,-73.2442700000,,,,,,STORET-1060253783,,None,Perfluorohexanesulfonic acid,Total,4.8,ng/L,CON,Accepted,,Actual,,,,,,,,,,,,,,,,,,,,1633,USEPA,"Analysis of Per- and Polyfluoroalkyl Substances (PFAS) in Aqueous, Solid, Biosolids, and Tissue Samples by LC-MS/MS",,,CASKEL,2023-10-19,,https://www.waterqualitydata.us/data/providers/STORET/organizations/21NYDECA_WQX/activities/21NYDECA_WQX-17-PENA-1.1_20230927T0900%3ACEC-00487/results/1060253783/resdetectqntlmts,Lower Quantitation Limit,4.5,ng/L,,2025-04-18T14:28:53,STORET
21NYDECA_WQX,New York State Dec Division Of Water,21NYDECA_WQX-1004CHA0274_DH_20230810T133000:CEC-00408,Sample-Routine,Water,,2023-08-10,13:30:00,EDT,,,,,,,,,,,,Lake Probability 21-25,Lake Probability Sampling 2021-2025,NYSDEC,21NYDECA_WQX-16489,1004CHA0274_DH,,,,,44.1398688900,-73.7475662000,,,,,,STORET-1060252540,Not Detected,None,Perfluorohexanesulfonic acid,Total,,,U,Accepted,,,,,,,,,,,,,,,,,,,,,,1633,USEPA,"Analysis of Per- and Polyfluoroalkyl Substances (PFAS) in Aqueous, Solid, Biosolids, and Tissue Samples by LC-MS/MS",,,CASKEL,2023-09-11,,https://www.waterqualitydata.us/data/providers/STORET/organizations/21NYDECA_WQX/activities/21NYDECA_WQX-1004CHA0274_DH_20230810T133000%3ACEC-00408/results/1060252540/resdetectqntlmts,Lower Quantitation Limit,4.1,ng/L,,2025-04-18T14:28:47,STORET
21NYDECA_WQX,New York State Dec Division Of Water,21NYDECA_WQX-1702GRA1055_DH_20230613T103600:CEC-00283,Sample-Routine,Water,,2023-06-13,10:36:00,EDT,,,,,,,,,,,,Lake Probability 21-25,Lake Probability Sampling 2021-2025,NYSDEC,21NYDECA_WQX-23595,1702GRA1055_DH,,,,,40.9615540000,-73.8515630000,,,,,,STORET-1060250483,,None,Perfluorohexanesulfonic acid,Total,3.1,ng/L,CON,Accepted,,Actual,,,,,,,,,,,,,,,,,,,,1633,USEPA,"Analysis of Per- and Polyfluoroalkyl Substances (PFAS) in Aqueous, Solid, Biosolids, and Tissue Samples by LC-MS/MS",,,CASKEL,2023-06-28,,https://www.waterqualitydata.us/data/providers/STORET/organizations/21NYDECA_WQX/activities/21NYDECA_WQX-1702GRA1055_DH_20230613T103600%3ACEC-00283/results/1060250483/resdetectqntlmts,Lower Quantitation Limit,4.1,ng/L,,2025-04-18T14:28:36,STORET
21NYDECA_WQX,New York State Dec Division Of Water,21NYDECA_WQX-0601SWE0174A_DH_20230718T143800:CEC-00318,Sample-Routine,Water,,2023-07-18,14:38:00,EDT,,,,,,,,,,,,Lake Probability 21-25,Lake Probability Sampling 2021-2025,NYSDEC,21NYDECA_WQX-5589,0601SWE0174A_DH,,,,,42.0985361300,-75.7377755700,,,,,,STORET-1060250994,Not Detected,None,Perfluorohexanesulfonic acid,Total,,,U,Accepted,,,,,,,,,,,,,,,,,,,,,,1633,USEPA,"Analysis of Per- and Polyfluoroalkyl Substances (PFAS) in Aqueous, Solid, Biosolids, and Tissue Samples by LC-MS/MS",,,CASKEL,2023-08-09,,https://www.waterqualitydata.us/data/providers/STORET/organizations/21NYDECA_WQX/activities/21NYDECA_WQX-0601SWE0174A_DH_20230718T143800%3ACEC-00318/results/1060250994/resdetectqntlmts,Lower Quantitation Limit,4.2,ng/L,,2025-04-18T14:28:38,STORET
21NYDECA_WQX,New York State Dec Division Of Water,21NYDECA_WQX-10-TROK-7.5_20230727T1000:CEC-00343,Sample-Routine,Water,,2023-07-27,14:00:00,EDT,,,,,,,,,,,,RIBS Screening,Rotating Integrated Basin Studies (RIBS) Screening,NYSDEC,21NYDECA_WQX-23952,10-TROK-7.5,,,,,43.8108480573,-73.4925048534,,,,,,STORET-1060251484,Not Detected,None,Perfluorohexanesulfonic acid,Total,,,U,Accepted,,,,,,,,,,,,,,,,,,,,,,1633,USEPA,"Analysis of Per- and Polyfluoroalkyl Substances (PFAS) in Aqueous, Solid, Biosolids, and Tissue Samples by LC-MS/MS",,,CASKEL,2023-08-10,,https://www.waterqualitydata.us/data/providers/STORET/organizations/21NYDECA_WQX/activities/21NYDECA_WQX-10-TROK-7.5_20230727T1000%3ACEC-00343/results/1060251484/resdetectqntlmts,Lower Quantitation Limit,4.4,ng/L,,2025-04-18T14:28:41,STORET
21NYDECA_WQX,New York State Dec Division Of Water,21NYDECA_WQX-1004BUT0218_DH_20230629T113900:CEC-00305,Sample-Routine,Water,,2023-06-29,11:39:00,EDT,,,,,,,,,,,,Lake Probability 21-25,Lake Probability Sampling 2021-2025,NYSDEC,21NYDECA_WQX-16487,1004BUT0218_DH,,,,,44.4278319900,-73.4983818800,,,,,,STORET-1060250845,Not Detected,None,Perfluorohexanesulfonic acid,Total,,,U,Accepted,,,,,,,,,,,,,,,,,,,,,,1633,USEPA,"Analysis of Per- and Polyfluoroalkyl Substances (PFAS) in Aqueous, Solid, Biosolids, and Tissue Samples by LC-MS/MS",,,CASKEL,2023-07-27,,https://www.waterqualitydata.us/data/providers/STORET/organizations/21NYDECA_WQX/activities/21NYDECA_WQX-1004BUT0218_DH_20230629T113900%3ACEC-00305/results/1060250845/resdetectqntlmts,Lower Quantitation Limit,4.1,ng/L,,2025-04-18T14:28:38,STORET
21NYDECA_WQX,New York State Dec Division Of Water,21NYDECA_WQX-1003MCK0088_DH_20230627T122600:CEC-00290,Sample-Routine,Water,,2023-06-27,12:26:00,EDT,,,,,,,,,,,,Lake Probability 21-25,Lake Probability Sampling 2021-2025,NYSDEC,21NYDECA_WQX-10295,1003MCK0088_DH,,,,,44.3306002800,-74.0808822100,,,,,,STORET-1060250621,Not Detected,None,Perfluorohexanesulfonic acid,Total,,,U,Accepted,,,,,,,,,,,,,,,,,,,,,,1633,USEPA,"Analysis of Per- and Polyfluoroalkyl Substances (PFAS) in Aqueous, Solid, Biosolids, and Tissue Samples by LC-MS/MS",,,CASKEL,2023-07-14,,https://www.waterqualitydata.us/data/providers/STORET/organizations/21NYDECA_WQX/activities/21NYDECA_WQX-1003MCK0088_DH_20230627T122600%3ACEC-00290/results/1060250621/resdetectqntlmts,Lower Quantitation Limit,4,ng/L,,2025-04-18T14:28:36,STORET
21NYDECA_WQX,New York State Dec Division Of Water,21NYDECA_WQX-0602PET0078_DH_20230816T104500:CEC-00422,Sample-Routine,Water,,2023-08-16,10:45:00,EDT,,,,,,,,,,,,Lake Probability 21-25,Lake Probability Sampling 2021-2025,NYSDEC,21NYDECA_WQX-4744,0602PET0078_DH,,,,,42.3523400000,-75.7989400000,,,,,,STORET-1060252770,Not Detected,None,Perfluorohexanesulfonic acid,Total,,,U,Accepted,,,,,,,,,,,,,,,,,,,,,,1633,USEPA,"Analysis of Per- and Polyfluoroalkyl Substances (PFAS) in Aqueous, Solid, Biosolids, and Tissue Samples by LC-MS/MS",,,CASKEL,2023-09-07,,https://www.waterqualitydata.us/data/providers/STORET/organizations/21NYDECA_WQX/activities/21NYDECA_WQX-0602PET0078_DH_20230816T104500%3ACEC-00422/results/1060252770/resdetectqntlmts,Lower Quantitation Limit,4.3,ng/L,,2025-04-18T14:28:48,STORET
21NYDECA_WQX,New York State Dec Division Of Water,21NYDECA_WQX-0603CAY0008_DH_20230719T151200:CEC-00319,Sample-Routine,Water,,2023-07-19,15:12:00,EDT,,,,,,,,,,,,Lake Probability 21-25,Lake Probability Sampling 2021-2025,NYSDEC,21NYDECA_WQX-5050,0603CAY0008_DH,,,,,42.3714400000,-76.7345200000,,,,,,STORET-1060251034,Not Detected,None,Perfluorohexanesulfonic acid,Total,,,U,Accepted,,,,,,,,,,,,,,,,,,,,,,1633,USEPA,"Analysis of Per- and Polyfluoroalkyl Substances (PFAS) in Aqueous, Solid, Biosolids, and Tissue Samples by LC-MS/MS",,,CASKEL,2023-08-09,,https://www.waterqualitydata.us/data/providers/STORET/organizations/21NYDECA_WQX/activities/21NYDECA_WQX-0603CAY0008_DH_20230719T151200%3ACEC-00319/results/1060251034/resdetectqntlmts,Lower Quantitation Limit,4.2,ng/L,,2025-04-18T14:28:39,STORET
21NYDECA_WQX,New York State Dec Division Of Water,21NYDECA_WQX-10-CBRK-4.1_20230726T0900:CEC-00329,Sample-Routine,Water,,2023-07-26,13:00:00,EDT,,,,,,,,,,,,RIBS Screening,Rotating Integrated Basin Studies (RIBS) Screening,NYSDEC,21NYDECA_WQX-23929,10-CBRK-4.1,,,,,44.6206477969,-73.9043557274,,,,,,STORET-1060251177,Not Detected,None,Perfluorohexanesulfonic acid,Total,,,U,Accepted,,,,,,,,,,,,,,,,,,,,,,1633,USEPA,"Analysis of Per- and Polyfluoroalkyl Substances (PFAS) in Aqueous, Solid, Biosolids, and Tissue Samples by LC-MS/MS",,,CASKEL,2023-08-09,,https://www.waterqualitydata.us/data/providers/STORET/organizations/21NYDECA_WQX/activities/21NYDECA_WQX-10-CBRK-4.1_20230726T0900%3ACEC-00329/results/1060251177/resdetectqntlmts,Lower Quantitation Limit,4.4,ng/L,,2025-04-18T14:28:39,STORET
21NYDECA_WQX,New York State Dec Division Of Water,21NYDECA_WQX-1701BEL0637_DH_20230614T150000:CEC-00310,Sample-Routine,Water,,2023-06-14,15:00:00,EDT,,,,,,,,,,,,Lake Probability 21-25,Lake Probability Sampling 2021-2025,NYSDEC,21NYDECA_WQX-18825,1701BEL0637_DH,,,,,40.8802379800,-72.5590759000,,,,,,STORET-1060250896,Not Detected,None,Perfluorohexanesulfonic acid,Total,,,U,Accepted,,,,,,,,,,,,,,,,,,,,,,1633,USEPA,"Analysis of Per- and Polyfluoroalkyl Substances (PFAS) in Aqueous, Solid, Biosolids, and Tissue Samples by LC-MS/MS",,,CASKEL,2023-07-06,,https://www.waterqualitydata.us/data/providers/STORET/organizations/21NYDECA_WQX/activities/21NYDECA_WQX-1701BEL0637_DH_20230614T150000%3ACEC-00310/results/1060250896/resdetectqntlmts,Lower Quantitation Limit,4,ng/L,,2025-04-18T14:28:38,STORET
21NYDECA_WQX,New York State Dec Division Of Water,21NYDECA_WQX-1003SUN0188_DH_20230628T100100:CEC-00302,Sample-Routine,Water,,2023-06-28,10:01:00,EDT,,,,,,,,,,,,Lake Probability 21-25,Lake Probability Sampling 2021-2025,NYSDEC,21NYDECA_WQX-16035,1003SUN0188_DH,,,,,44.3462387700,-74.3001707300,,,,,,STORET-1060250728,Not Detected,None,Perfluorohexanesulfonic acid,Total,,,U,Accepted,,,,,,,,,,,,,,,,,,,,,,1633,USEPA,"Analysis of Per- and Polyfluoroalkyl Substances (PFAS) in Aqueous, Solid, Biosolids, and Tissue Samples by LC-MS/MS",,,CASKEL,2023-07-27,,https://www.waterqualitydata.us/data/providers/STORET/organizations/21NYDECA_WQX/activities/21NYDECA_WQX-1003SUN0188_DH_20230628T100100%3ACEC-00302/results/1060250728/resdetectqntlmts,Lower Quantitation Limit,4.1,ng/L,,2025-04-18T14:28:37,STORET
21NYDECA_WQX,New York State Dec Division Of Water,21NYDECA_WQX-17-KENC_T20-0.5_20230926T1115:CEC-00471,Sample-Routine,Water,,2023-09-26,15:15:00,EDT,,,,,,,,,,,,RIBS Screening,Rotating Integrated Basin Studies (RIBS) Screening,NYSDEC,21NYDECA_WQX-24002,17-KENC_T20-0.5,,,,,41.1299565026,-73.7369423909,,,,,,STORET-1060253547,,None,Perfluorohexanesulfonic acid,Total,4.6,ng/L,CON,Accepted,,Actual,,,,,,,,,,,,,,,,,,,,1633,USEPA,"Analysis of Per- and Polyfluoroalkyl Substances (PFAS) in Aqueous, Solid, Biosolids, and Tissue Samples by LC-MS/MS",,,CASKEL,2023-10-19,,https://www.waterqualitydata.us/data/providers/STORET/organizations/21NYDECA_WQX/activities/21NYDECA_WQX-17-KENC_T20-0.5_20230926T1115%3ACEC-00471/results/1060253547/resdetectqntlmts,Lower Quantitation Limit,4.6,ng/L,,2025-04-18T14:28:52,STORET
21NYDECA_WQX,New York State Dec Division Of Water,21NYDECA_WQX-10-TWOB-1.3_20230726T1315:CEC-00330,Sample-Routine,Water,,2023-07-26,17:15:00,EDT,,,,,,,,,,,,RIBS Screening,Rotating Integrated Basin Studies (RIBS) Screening,NYSDEC,21NYDECA_WQX-2732,10-TWOB-1.3,,,,,44.4085500000,-74.0842600000,,,,,,STORET-1060251217,,None,Perfluorohexanesulfonic acid,Total,2.3,ng/L,CON,Accepted,,Actual,,,,,,,,,,,,,,,,,,,,1633,USEPA,"Analysis of Per- and Polyfluoroalkyl Substances (PFAS) in Aqueous, Solid, Biosolids, and Tissue Samples by LC-MS/MS",,,CASKEL,2023-08-09,,https://www.waterqualitydata.us/data/providers/STORET/organizations/21NYDECA_WQX/activities/21NYDECA_WQX-10-TWOB-1.3_20230726T1315%3ACEC-00330/results/1060251217/resdetectqntlmts,Lower Quantitation Limit,4.3,ng/L,,2025-04-18T14:28:40,STORETEPA_GLNPO,EPA Great Lakes National Program,EPA_GLNPO-P607:WAT2018:LOFO_2018_w:4036283,Sample-Routine,Water,Surface Water,2018-06-13,00:00:00,EDT,2018-06-13,00:00:00,EDT,Other,,,,,,,,FMP-CSMISSP2018,Fish Monitoring Program CSMI Special Studies Program - 2018,Clarkson University,EPA_GLNPO-P607,Grid0713-North Hamlin,,,,,43.4166670000,-77.9166670000,DipPole,EPA_GLNPO,Dip Pole,Pole used for water sample collection,Dip Pole,STORET-792889944,,,Perfluorononanoic acid,,0.59254795621171,ng/L,,Accepted,,Actual,,,,,3,,,,,- LOFO_2018_watp_1-RFS0-PFNA,,,,,,,,,,Clarkson-PFC,EPA_GLNPO,PFCs by UPLC-QToF,,,,2018-07-09,,https://www.waterqualitydata.us/data/providers/STORET/organizations/EPA_GLNPO/activities/EPA_GLNPO-P607%3AWAT2018%3ALOFO_2018_w%3A4036283/results/792889944/resdetectqntlmts,Method Detection Level,0.0252,ng/L,,2019-07-23T15:03:14,STORET
EPA_GLNPO,EPA Great Lakes National Program,EPA_GLNPO-P607:WAT2018:LOFO_2018_w:4036285,Sample-Routine,Water,Surface Water,2018-06-13,00:00:00,EDT,2018-06-13,00:00:00,EDT,Other,,,,,,,,FMP-CSMISSP2018,Fish Monitoring Program CSMI Special Studies Program - 2018,Clarkson University,EPA_GLNPO-P607,Grid0713-North Hamlin,,,,,43.4166670000,-77.9166670000,DipPole,EPA_GLNPO,Dip Pole,Pole used for water sample collection,Dip Pole,STORET-792889993,,,Perfluorononanoic acid,,0.565019702940285,ng/L,,Accepted,,Actual,,,,,3,,,,,- LOFO_2018_watp_3-RFS0-PFNA,,,,,,,,,,Clarkson-PFC,EPA_GLNPO,PFCs by UPLC-QToF,,,,2018-07-10,,https://www.waterqualitydata.us/data/providers/STORET/organizations/EPA_GLNPO/activities/EPA_GLNPO-P607%3AWAT2018%3ALOFO_2018_w%3A4036285/results/792889993/resdetectqntlmts,Method Detection Level,0.0252,ng/L,,2019-07-23T15:03:14,STORET
EPA_GLNPO,EPA Great Lakes National Program,EPA_GLNPO-P607:WAT2018:LOFO_2018_w:4036280,Sample-Routine,Water,Surface Water,2018-06-12,00:00:00,EDT,2018-06-12,00:00:00,EDT,Other,,,,,,,,FMP-CSMISSP2018,Fish Monitoring Program CSMI Special Studies Program - 2018,Clarkson University,EPA_GLNPO-P607,Grid0713-North Hamlin,,,,,43.4166670000,-77.9166670000,SubPump,EPA_GLNPO,SubPump,Submersible Pump,Pump/Submersible,STORET-792889834,,,Perfluorononanoic acid,,0.572550886799191,ng/L,,Accepted,,Actual,,,,,3,,,,,- LOFO_2018_wat_1-RFS0-PFNA,,,,,,,,,,Clarkson-PFC,EPA_GLNPO,PFCs by UPLC-QToF,,,,2018-07-09,,https://www.waterqualitydata.us/data/providers/STORET/organizations/EPA_GLNPO/activities/EPA_GLNPO-P607%3AWAT2018%3ALOFO_2018_w%3A4036280/results/792889834/resdetectqntlmts,Method Detection Level,0.0252,ng/L,,2019-07-23T15:03:13,STORET
EPA_GLNPO,EPA Great Lakes National Program,EPA_GLNPO-P607:WAT2018:LOFO_2018_w:4036284,Sample-Routine,Water,Surface Water,2018-06-13,00:00:00,EDT,2018-06-13,00:00:00,EDT,Other,,,,,,,,FMP-CSMISSP2018,Fish Monitoring Program CSMI Special Studies Program - 2018,Clarkson University,EPA_GLNPO-P607,Grid0713-North Hamlin,,,,,43.4166670000,-77.9166670000,DipPole,EPA_GLNPO,Dip Pole,Pole used for water sample collection,Dip Pole,STORET-792889955,,,Perfluorononanoic acid,,0.672559569561876,ng/L,,Accepted,,Actual,,,,,3,,,,,- LOFO_2018_watp_2-RFS0-PFNA,,,,,,,,,,Clarkson-PFC,EPA_GLNPO,PFCs by UPLC-QToF,,,,2018-07-09,,https://www.waterqualitydata.us/data/providers/STORET/organizations/EPA_GLNPO/activities/EPA_GLNPO-P607%3AWAT2018%3ALOFO_2018_w%3A4036284/results/792889955/resdetectqntlmts,Method Detection Level,0.0252,ng/L,,2019-07-23T15:03:14,STORET
21NYDECA_WQX,New York State Dec Division Of Water,21NYDECA_WQX-13-LHUD-130.6_20191022T0000:CEC-00089,Sample-Routine,Water,,2019-10-22,00:00:00,EDT,,,,,,,,,,,,Routine,Routine River Network,NYSDEC,21NYDECA_WQX-3664,13-LHUD-130.6,,,,,42.6194950000,-73.7587960000,,,,,,STORET-1060245232,Not Detected,None,Perfluorononanoic acid,Total,,,U,Accepted,,,,,,,,,,,,,,,,,,,,,,537M,USEPA,"MODIFIED, Determination of Selected Perfluorinated Alkyl Acids in Drinking Water by Solid Phase Extraction and Liquid Chromatography/Tandem Mass Spectrometry (LC/MS/MS)",,,TALBURL,2019-10-31,,https://www.waterqualitydata.us/data/providers/STORET/organizations/21NYDECA_WQX/activities/21NYDECA_WQX-13-LHUD-130.6_20191022T0000%3ACEC-00089/results/1060245232/resdetectqntlmts,Lower Quantitation Limit,1.7,ng/L,,2025-04-18T14:28:08,STORET
21NYDECA_WQX,New York State Dec Division Of Water,21NYDECA_WQX-11-HOOS-20.8_20191024T1100:CEC-00094,Sample-Routine,Water,,2019-10-24,11:00:00,EDT,,,,,,,,,,,,Routine,Routine River Network,NYSDEC,21NYDECA_WQX-2923,11-HOOS-20.8,,,,,42.9513900000,-73.3911100000,,,,,,STORET-1060245337,Not Detected,None,Perfluorononanoic acid,Total,,,U,Accepted,,,,,,,,,,,,,,,,,,,,,,537M,USEPA,"MODIFIED, Determination of Selected Perfluorinated Alkyl Acids in Drinking Water by Solid Phase Extraction and Liquid Chromatography/Tandem Mass Spectrometry (LC/MS/MS)",,,TALBURL,2019-11-07,,https://www.waterqualitydata.us/data/providers/STORET/organizations/21NYDECA_WQX/activities/21NYDECA_WQX-11-HOOS-20.8_20191024T1100%3ACEC-00094/results/1060245337/resdetectqntlmts,Lower Quantitation Limit,1.7,ng/L,,2025-04-18T14:28:09,STORET
21NYDECA_WQX,New York State Dec Division Of Water,21NYDECA_WQX-14-WDEL-16.2_20191023T1300:CEC-00092,Sample-Routine,Water,,2019-10-23,13:00:00,EDT,,,,,,,,,,,,Routine,Routine River Network,NYSDEC,21NYDECA_WQX-7774,14-WDEL-16.2,,,,,42.0800000000,-75.4013800000,,,,,,STORET-1060245295,Not Detected,None,Perfluorononanoic acid,Total,,,U,Accepted,,,,,,,,,,,,,,,,,,,,,,537M,USEPA,"MODIFIED, Determination of Selected Perfluorinated Alkyl Acids in Drinking Water by Solid Phase Extraction and Liquid Chromatography/Tandem Mass Spectrometry (LC/MS/MS)",,,TALBURL,2019-11-06,,https://www.waterqualitydata.us/data/providers/STORET/organizations/21NYDECA_WQX/activities/21NYDECA_WQX-14-WDEL-16.2_20191023T1300%3ACEC-00092/results/1060245295/resdetectqntlmts,Lower Quantitation Limit,1.7,ng/L,,2025-04-18T14:28:08,STORET
21NYDECA_WQX,New York State Dec Division Of Water,21NYDECA_WQX-17-CARM-9.0_20191024T1030:CEC-00093,Sample-Routine,Water,,2019-10-24,10:30:00,EDT,,,,,,,,,,,,Routine,Routine River Network,NYSDEC,21NYDECA_WQX-8498,17-CARM-9.0,,,,,40.8300000000,-72.9069400000,,,,,,STORET-1060245316,Not Detected,None,Perfluorononanoic acid,Total,,,U,Accepted,,,,,,,,,,,,,,,,,,,,,,537M,USEPA,"MODIFIED, Determination of Selected Perfluorinated Alkyl Acids in Drinking Water by Solid Phase Extraction and Liquid Chromatography/Tandem Mass Spectrometry (LC/MS/MS)",,,TALBURL,2019-11-07,,https://www.waterqualitydata.us/data/providers/STORET/organizations/21NYDECA_WQX/activities/21NYDECA_WQX-17-CARM-9.0_20191024T1030%3ACEC-00093/results/1060245316/resdetectqntlmts,Lower Quantitation Limit,1.7,ng/L,,2025-04-18T14:28:08,STORET
21NYDECA_WQX,New York State Dec Division Of Water,21NYDECA_WQX-12-SCHO-14.6_20191021T0900:CEC-00088,Sample-Routine,Water,,2019-10-21,09:00:00,EDT,,,,,,,,,,,,Routine,Routine River Network,NYSDEC,21NYDECA_WQX-3489,12-SCHO-14.6,,,,,42.8000000000,-74.2633400000,,,,,,STORET-1060245211,Not Detected,None,Perfluorononanoic acid,Total,,,U,Accepted,,,,,,,,,,,,,,,,,,,,,,537M,USEPA,"MODIFIED, Determination of Selected Perfluorinated Alkyl Acids in Drinking Water by Solid Phase Extraction and Liquid Chromatography/Tandem Mass Spectrometry (LC/MS/MS)",,,TALBURL,2019-11-01,,https://www.waterqualitydata.us/data/providers/STORET/organizations/21NYDECA_WQX/activities/21NYDECA_WQX-12-SCHO-14.6_20191021T0900%3ACEC-00088/results/1060245211/resdetectqntlmts,Lower Quantitation Limit,1.8,ng/L,,2025-04-18T14:28:08,STORET
21NYDECA_WQX,New York State Dec Division Of Water,21NYDECA_WQX-17-BRNX-5.6_20191023T1300:CEC-00090,Sample-Routine,Water,,2019-10-23,13:00:00,EDT,,,,,,,,,,,,Routine,Routine River Network,NYSDEC,21NYDECA_WQX-8366,17-BRNX-5.6,,,,,40.8800000000,-73.8686000000,,,,,,STORET-1060245253,Not Detected,None,Perfluorononanoic acid,Total,,,U,Accepted,,,,,,,,,,,,,,,,,,,,,,537M,USEPA,"MODIFIED, Determination of Selected Perfluorinated Alkyl Acids in Drinking Water by Solid Phase Extraction and Liquid Chromatography/Tandem Mass Spectrometry (LC/MS/MS)",,,TALBURL,2019-11-06,,https://www.waterqualitydata.us/data/providers/STORET/organizations/21NYDECA_WQX/activities/21NYDECA_WQX-17-BRNX-5.6_20191023T1300%3ACEC-00090/results/1060245253/resdetectqntlmts,Lower Quantitation Limit,1.7,ng/L,,2025-04-18T14:28:08,STORET
21NYDECA_WQX,New York State Dec Division Of Water,21NYDECA_WQX-06-DILA-5.4_20191023T1300:CEC-00091,Sample-Routine,Water,,2019-10-23,13:00:00,EDT,,,,,,,,,,,,Routine,Routine River Network,NYSDEC,21NYDECA_WQX-1143,06-DILA-5.4,,,,,42.3772200000,-75.4050000000,,,,,,STORET-1060245274,Not Detected,None,Perfluorononanoic acid,Total,,,U,Accepted,,,,,,,,,,,,,,,,,,,,,,537M,USEPA,"MODIFIED, Determination of Selected Perfluorinated Alkyl Acids in Drinking Water by Solid Phase Extraction and Liquid Chromatography/Tandem Mass Spectrometry (LC/MS/MS)",,,TALBURL,2019-11-06,,https://www.waterqualitydata.us/data/providers/STORET/organizations/21NYDECA_WQX/activities/21NYDECA_WQX-06-DILA-5.4_20191023T1300%3ACEC-00091/results/1060245274/resdetectqntlmts,Lower Quantitation Limit,1.7,ng/L,,2025-04-18T14:28:08,STORET
21NYDECA_WQX,New York State Dec Division Of Water,21NYDECA_WQX-09-GTCH-17.7_20210413T1000:CEC-00109,Sample-Routine,Water,,2021-04-13,10:00:00,EDT,,,,,,,,,,,,Routine,Routine River Network,NYSDEC,21NYDECA_WQX-2323,09-GTCH-17.7,,,,,44.5891700000,-75.3213900000,,,,,,STORET-1060245652,Not Detected,None,Perfluorononanoic acid,Total,,,U,Accepted,,,,,,,,,,,,,,,,,,,,,,537M,USEPA,"MODIFIED, Determination of Selected Perfluorinated Alkyl Acids in Drinking Water by Solid Phase Extraction and Liquid Chromatography/Tandem Mass Spectrometry (LC/MS/MS)",,,TALBURL,2021-04-16,,https://www.waterqualitydata.us/data/providers/STORET/organizations/21NYDECA_WQX/activities/21NYDECA_WQX-09-GTCH-17.7_20210413T1000%3ACEC-00109/results/1060245652/resdetectqntlmts,Lower Quantitation Limit,1.6,ng/L,,2025-04-18T14:28:10,STORET
21NYDECA_WQX,New York State Dec Division Of Water,21NYDECA_WQX-12-MOHK-15.5_20210825T0915:CEC-00205,Sample-Routine,Water,,2021-08-25,09:15:00,EDT,,,,,,,,,,,,PFAS Monitoring,PFAS Monitoring,NYSDEC,21NYDECA_WQX-3387,12-MOHK-15.5,,,,,42.8206240000,-73.8586170000,,,,,,STORET-1060247668,Not Detected,None,Perfluorononanoic acid,Total,,,U,Accepted,,,,,,,,,,,,,,,,,,,,,,537M,USEPA,"MODIFIED, Determination of Selected Perfluorinated Alkyl Acids in Drinking Water by Solid Phase Extraction and Liquid Chromatography/Tandem Mass Spectrometry (LC/MS/MS)",,,TALBURL,2021-08-27,,https://www.waterqualitydata.us/data/providers/STORET/organizations/21NYDECA_WQX/activities/21NYDECA_WQX-12-MOHK-15.5_20210825T0915%3ACEC-00205/results/1060247668/resdetectqntlmts,Lower Quantitation Limit,1.6,ng/L,,2025-04-18T14:28:21,STORET
21NYDECA_WQX,New York State Dec Division Of Water,21NYDECA_WQX-12-MOHK-79.5_20210816T1130:CEC-00139,Sample-Routine,Water,,2021-08-16,11:30:00,EDT,,,,,,,,,,,,Routine,Routine River Network,NYSDEC,21NYDECA_WQX-3399,12-MOHK-79.5,,,,,43.0377800000,-74.8405500000,,,,,,STORET-1060246282,Not Detected,None,Perfluorononanoic acid,Total,,,U,Accepted,,,,,,,,,,,,,,,,,,,,,,537M,USEPA,"MODIFIED, Determination of Selected Perfluorinated Alkyl Acids in Drinking Water by Solid Phase Extraction and Liquid Chromatography/Tandem Mass Spectrometry (LC/MS/MS)",,,TALBURL,2021-08-18,,https://www.waterqualitydata.us/data/providers/STORET/organizations/21NYDECA_WQX/activities/21NYDECA_WQX-12-MOHK-79.5_20210816T1130%3ACEC-00139/results/1060246282/resdetectqntlmts,Lower Quantitation Limit,1.6,ng/L,,2025-04-18T14:28:13,STORET
21NYDECA_WQX,New York State Dec Division Of Water,21NYDECA_WQX-11-UHUD-267.8_20210413T1000:CEC-00117,Sample-Routine,Water,,2021-04-13,14:00:00,EDT,,,,,,,,,,,,Routine,Routine River Network,NYSDEC,21NYDECA_WQX-16216,11-UHUD-267.8,,,,,43.7008300000,-73.9825000000,,,,,,STORET-1060245820,Not Detected,None,Perfluorononanoic acid,Total,,,U,Accepted,,,,,,,,,,,,,,,,,,,,,,537M,USEPA,"MODIFIED, Determination of Selected Perfluorinated Alkyl Acids in Drinking Water by Solid Phase Extraction and Liquid Chromatography/Tandem Mass Spectrometry (LC/MS/MS)",,,TALBURL,2021-04-16,,https://www.waterqualitydata.us/data/providers/STORET/organizations/21NYDECA_WQX/activities/21NYDECA_WQX-11-UHUD-267.8_20210413T1000%3ACEC-00117/results/1060245820/resdetectqntlmts,Lower Quantitation Limit,1.6,ng/L,,2025-04-18T14:28:11,STORET
21NYDECA_WQX,New York State Dec Division Of Water,21NYDECA_WQX-01-NIAG-3.4_20210824T1400:CEC-00200,Sample-Routine,Water,,2021-08-24,14:00:00,EDT,,,,,,,,,,,,PFAS Monitoring,PFAS Monitoring,NYSDEC,21NYDECA_WQX-84,01-NIAG-3.4,,,,,43.2143370000,-79.0532060000,,,,,,STORET-1060247563,Not Detected,None,Perfluorononanoic acid,Total,,,U,Accepted,,,,,,,,,,,,,,,,,,,,,,537M,USEPA,"MODIFIED, Determination of Selected Perfluorinated Alkyl Acids in Drinking Water by Solid Phase Extraction and Liquid Chromatography/Tandem Mass Spectrometry (LC/MS/MS)",,,TALBURL,2021-08-27,,https://www.waterqualitydata.us/data/providers/STORET/organizations/21NYDECA_WQX/activities/21NYDECA_WQX-01-NIAG-3.4_20210824T1400%3ACEC-00200/results/1060247563/resdetectqntlmts,Lower Quantitation Limit,1.6,ng/L,,2025-04-18T14:28:21,STORET
21NYDECA_WQX,New York State Dec Division Of Water,21NYDECA_WQX-07-KEUK-0.3_20210412T0930:CEC-00103,Sample-Routine,Water,,2021-04-12,09:30:00,EDT,,,,,,,,,,,,Routine,Routine River Network,NYSDEC,21NYDECA_WQX-1772,07-KEUK-0.3,,,,,42.6803700000,-76.9539500000,,,,,,STORET-1060245526,Not Detected,None,Perfluorononanoic acid,Total,,,U,Accepted,,,,,,,,,,,,,,,,,,,,,,537M,USEPA,"MODIFIED, Determination of Selected Perfluorinated Alkyl Acids in Drinking Water by Solid Phase Extraction and Liquid Chromatography/Tandem Mass Spectrometry (LC/MS/MS)",,,TALBURL,2021-04-19,,https://www.waterqualitydata.us/data/providers/STORET/organizations/21NYDECA_WQX/activities/21NYDECA_WQX-07-KEUK-0.3_20210412T0930%3ACEC-00103/results/1060245526/resdetectqntlmts,Lower Quantitation Limit,1.7,ng/L,,2025-04-18T14:28:10,STORET
21NYDECA_WQX,New York State Dec Division Of Water,21NYDECA_WQX-09-GRAS-7.8_20210413T1215:CEC-00108,Sample-Routine,Water,,2021-04-13,12:15:00,EDT,,,,,,,,,,,,Routine,Routine River Network,NYSDEC,21NYDECA_WQX-2312,09-GRAS-7.8,,,,,44.8469330000,-75.0789520000,,,,,,STORET-1060245631,Not Detected,None,Perfluorononanoic acid,Total,,,U,Accepted,,,,,,,,,,,,,,,,,,,,,,537M,USEPA,"MODIFIED, Determination of Selected Perfluorinated Alkyl Acids in Drinking Water by Solid Phase Extraction and Liquid Chromatography/Tandem Mass Spectrometry (LC/MS/MS)",,,TALBURL,2021-04-16,,https://www.waterqualitydata.us/data/providers/STORET/organizations/21NYDECA_WQX/activities/21NYDECA_WQX-09-GRAS-7.8_20210413T1215%3ACEC-00108/results/1060245631/resdetectqntlmts,Lower Quantitation Limit,1.6,ng/L,,2025-04-18T14:28:10,STORET
21NYDECA_WQX,New York State Dec Division Of Water,21NYDECA_WQX-06-DILA-5.4_20210817T1300:CEC-00164,Sample-Routine,Water,,2021-08-17,13:00:00,EDT,,,,,,,,,,,,Routine,Routine River Network,NYSDEC,21NYDECA_WQX-1143,06-DILA-5.4,,,,,42.3772200000,-75.4050000000,,,,,,STORET-1060246807,Not Detected,None,Perfluorononanoic acid,Total,,,U,Accepted,,,,,,,,,,,,,,,,,,,,,,537M,USEPA,"MODIFIED, Determination of Selected Perfluorinated Alkyl Acids in Drinking Water by Solid Phase Extraction and Liquid Chromatography/Tandem Mass Spectrometry (LC/MS/MS)",,,TALBURL,2021-08-20,,https://www.waterqualitydata.us/data/providers/STORET/organizations/21NYDECA_WQX/activities/21NYDECA_WQX-06-DILA-5.4_20210817T1300%3ACEC-00164/results/1060246807/resdetectqntlmts,Lower Quantitation Limit,1.6,ng/L,,2025-04-18T14:28:16,STORET
21NYDECA_WQX,New York State Dec Division Of Water,21NYDECA_WQX-06-SUSQ-31.4_20210414T1100:CEC-00124,Sample-Routine,Water,,2021-04-14,11:00:00,EDT,,,,,,,,,,,,Routine,Routine River Network,NYSDEC,21NYDECA_WQX-1363,06-SUSQ-31.4,,,,,42.0909700000,-76.0557870000,,,,,,STORET-1060245967,Not Detected,None,Perfluorononanoic acid,Total,,,U,Accepted,,,,,,,,,,,,,,,,,,,,,,537M,USEPA,"MODIFIED, Determination of Selected Perfluorinated Alkyl Acids in Drinking Water by Solid Phase Extraction and Liquid Chromatography/Tandem Mass Spectrometry (LC/MS/MS)",,,TALBURL,2021-04-21,,https://www.waterqualitydata.us/data/providers/STORET/organizations/21NYDECA_WQX/activities/21NYDECA_WQX-06-SUSQ-31.4_20210414T1100%3ACEC-00124/results/1060245967/resdetectqntlmts,Lower Quantitation Limit,1.6,ng/L,,2025-04-18T14:28:12,STORET
21NYDECA_WQX,New York State Dec Division Of Water,21NYDECA_WQX-17-BRNX-5.6_20210413T1030:CEC-00116,Sample-Routine,Water,,2021-04-13,10:30:00,EDT,,,,,,,,,,,,Routine,Routine River Network,NYSDEC,21NYDECA_WQX-8366,17-BRNX-5.6,,,,,40.8800000000,-73.8686000000,,,,,,STORET-1060245799,,None,Perfluorononanoic acid,Total,2.3,ng/L,CON,Accepted,,Actual,,,,,,,,,,,,,,,,,,,,537M,USEPA,"MODIFIED, Determination of Selected Perfluorinated Alkyl Acids in Drinking Water by Solid Phase Extraction and Liquid Chromatography/Tandem Mass Spectrometry (LC/MS/MS)",,,TALBURL,2021-04-16,,https://www.waterqualitydata.us/data/providers/STORET/organizations/21NYDECA_WQX/activities/21NYDECA_WQX-17-BRNX-5.6_20210413T1030%3ACEC-00116/results/1060245799/resdetectqntlmts,Lower Quantitation Limit,1.6,ng/L,,2025-04-18T14:28:11,STORET
21NYDECA_WQX,New York State Dec Division Of Water,21NYDECA_WQX-04-GENS-4.2_20210825T0900:CEC-00202,Sample-Routine,Water,,2021-08-25,09:00:00,EDT,,,,,,,,,,,,PFAS Monitoring,PFAS Monitoring,NYSDEC,21NYDECA_WQX-978,04-GENS-4.2,,,,,43.1983890000,-77.6207460000,,,,,,STORET-1060247605,Not Detected,None,Perfluorononanoic acid,Total,,,U,Accepted,,,,,,,,,,,,,,,,,,,,,,537M,USEPA,"MODIFIED, Determination of Selected Perfluorinated Alkyl Acids in Drinking Water by Solid Phase Extraction and Liquid Chromatography/Tandem Mass Spectrometry (LC/MS/MS)",,,TALBURL,2021-08-27,,https://www.waterqualitydata.us/data/providers/STORET/organizations/21NYDECA_WQX/activities/21NYDECA_WQX-04-GENS-4.2_20210825T0900%3ACEC-00202/results/1060247605/resdetectqntlmts,Lower Quantitation Limit,1.6,ng/L,,2025-04-18T14:28:21,STORET
21NYDECA_WQX,New York State Dec Division Of Water,21NYDECA_WQX-04-GENS-2.6_20210817T0915:CEC-00149,Sample-Routine,Water,,2021-08-17,09:15:00,EDT,,,,,,,,,,,,Routine,Routine River Network,NYSDEC,21NYDECA_WQX-974,04-GENS-2.6,,,,,43.2272200000,-77.6163900000,,,,,,STORET-1060246492,Not Detected,None,Perfluorononanoic acid,Total,,,U,Accepted,,,,,,,,,,,,,,,,,,,,,,537M,USEPA,"MODIFIED, Determination of Selected Perfluorinated Alkyl Acids in Drinking Water by Solid Phase Extraction and Liquid Chromatography/Tandem Mass Spectrometry (LC/MS/MS)",,,TALBURL,2021-08-19,,https://www.waterqualitydata.us/data/providers/STORET/organizations/21NYDECA_WQX/activities/21NYDECA_WQX-04-GENS-2.6_20210817T0915%3ACEC-00149/results/1060246492/resdetectqntlmts,Lower Quantitation Limit,1.8,ng/L,,2025-04-18T14:28:14,STORET
21NYDECA_WQX,New York State Dec Division Of Water,21NYDECA_WQX-08-BLCK-8.0_20210817T1100:CEC-00150,Sample-Routine,Water,,2021-08-17,11:00:00,EDT,,,,,,,,,,,,Routine,Routine River Network,NYSDEC,21NYDECA_WQX-1887,08-BLCK-8.0,,,,,43.9847200000,-75.9250000000,,,,,,STORET-1060246513,Not Detected,None,Perfluorononanoic acid,Total,,,U,Accepted,,,,,,,,,,,,,,,,,,,,,,537M,USEPA,"MODIFIED, Determination of Selected Perfluorinated Alkyl Acids in Drinking Water by Solid Phase Extraction and Liquid Chromatography/Tandem Mass Spectrometry (LC/MS/MS)",,,TALBURL,2021-08-19,,https://www.waterqualitydata.us/data/providers/STORET/organizations/21NYDECA_WQX/activities/21NYDECA_WQX-08-BLCK-8.0_20210817T1100%3ACEC-00150/results/1060246513/resdetectqntlmts,Lower Quantitation Limit,1.6,ng/L,,2025-04-18T14:28:15,STORET
21NYDECA_WQX,New York State Dec Division Of Water,21NYDECA_WQX-10-SARA-0.3_20210413T1145:CEC-00112,Sample-Routine,Water,,2021-04-13,11:45:00,EDT,,,,,,,,,,,,Routine,Routine River Network,NYSDEC,21NYDECA_WQX-2957,10-SARA-0.3,,,,,44.6975380000,-73.4508500000,,,,,,STORET-1060245715,Not Detected,None,Perfluorononanoic acid,Total,,,U,Accepted,,,,,,,,,,,,,,,,,,,,,,537M,USEPA,"MODIFIED, Determination of Selected Perfluorinated Alkyl Acids in Drinking Water by Solid Phase Extraction and Liquid Chromatography/Tandem Mass Spectrometry (LC/MS/MS)",,,TALBURL,2021-04-20,,https://www.waterqualitydata.us/data/providers/STORET/organizations/21NYDECA_WQX/activities/21NYDECA_WQX-10-SARA-0.3_20210413T1145%3ACEC-00112/results/1060245715/resdetectqntlmts,Lower Quantitation Limit,1.6,ng/L,,2025-04-18T14:28:11,STORET
21NYDECA_WQX,New York State Dec Division Of Water,21NYDECA_WQX-11-UHUD-43.1_20210817T1330:CEC-00154,Sample-Routine,Water,,2021-08-17,13:30:00,EDT,,,,,,,,,,,,Routine,Routine River Network,NYSDEC,21NYDECA_WQX-3192,11-UHUD-43.1,,,,,43.2965500000,-73.5904900000,,,,,,STORET-1060246597,Not Detected,None,Perfluorononanoic acid,Total,,,U,Accepted,,,,,,,,,,,,,,,,,,,,,,537M,USEPA,"MODIFIED, Determination of Selected Perfluorinated Alkyl Acids in Drinking Water by Solid Phase Extraction and Liquid Chromatography/Tandem Mass Spectrometry (LC/MS/MS)",,,TALBURL,2021-08-19,,https://www.waterqualitydata.us/data/providers/STORET/organizations/21NYDECA_WQX/activities/21NYDECA_WQX-11-UHUD-43.1_20210817T1330%3ACEC-00154/results/1060246597/resdetectqntlmts,Lower Quantitation Limit,1.7,ng/L,,2025-04-18T14:28:15,STORET
21NYDECA_WQX,New York State Dec Division Of Water,21NYDECA_WQX-11-UHUD-267.8_20210817T0930:CEC-00153,Sample-Routine,Water,,2021-08-17,13:30:00,EDT,,,,,,,,,,,,Routine,Routine River Network,NYSDEC,21NYDECA_WQX-16216,11-UHUD-267.8,,,,,43.7008300000,-73.9825000000,,,,,,STORET-1060246576,Not Detected,None,Perfluorononanoic acid,Total,,,U,Accepted,,,,,,,,,,,,,,,,,,,,,,537M,USEPA,"MODIFIED, Determination of Selected Perfluorinated Alkyl Acids in Drinking Water by Solid Phase Extraction and Liquid Chromatography/Tandem Mass Spectrometry (LC/MS/MS)",,,TALBURL,2021-08-19,,https://www.waterqualitydata.us/data/providers/STORET/organizations/21NYDECA_WQX/activities/21NYDECA_WQX-11-UHUD-267.8_20210817T0930%3ACEC-00153/results/1060246576/resdetectqntlmts,Lower Quantitation Limit,1.7,ng/L,,2025-04-18T14:28:15,STORET
21NYDECA_WQX,New York State Dec Division Of Water,21NYDECA_WQX-14-WDEL-16.2_20210817T1000:CEC-00167,Sample-Routine,Water,,2021-08-17,10:00:00,EDT,,,,,,,,,,,,Routine,Routine River Network,NYSDEC,21NYDECA_WQX-7774,14-WDEL-16.2,,,,,42.0800000000,-75.4013800000,,,,,,STORET-1060246870,Not Detected,None,Perfluorononanoic acid,Total,,,U,Accepted,,,,,,,,,,,,,,,,,,,,,,537M,USEPA,"MODIFIED, Determination of Selected Perfluorinated Alkyl Acids in Drinking Water by Solid Phase Extraction and Liquid Chromatography/Tandem Mass Spectrometry (LC/MS/MS)",,,TALBURL,2021-08-20,,https://www.waterqualitydata.us/data/providers/STORET/organizations/21NYDECA_WQX/activities/21NYDECA_WQX-14-WDEL-16.2_20210817T1000%3ACEC-00167/results/1060246870/resdetectqntlmts,Lower Quantitation Limit,1.6,ng/L,,2025-04-18T14:28:17,STORET
21NYDECA_WQX,New York State Dec Division Of Water,21NYDECA_WQX-06-TOGH-32.8_20210414T0900:CEC-00125,Sample-Routine,Water,,2021-04-14,09:00:00,EDT,,,,,,,,,,,,Routine,Routine River Network,NYSDEC,21NYDECA_WQX-1382,06-TOGH-32.8,,,,,42.5986100000,-76.1586100000,,,,,,STORET-1060245988,Not Detected,None,Perfluorononanoic acid,Total,,,U,Accepted,,,,,,,,,,,,,,,,,,,,,,537M,USEPA,"MODIFIED, Determination of Selected Perfluorinated Alkyl Acids in Drinking Water by Solid Phase Extraction and Liquid Chromatography/Tandem Mass Spectrometry (LC/MS/MS)",,,TALBURL,2021-04-21,,https://www.waterqualitydata.us/data/providers/STORET/organizations/21NYDECA_WQX/activities/21NYDECA_WQX-06-TOGH-32.8_20210414T0900%3ACEC-00125/results/1060245988/resdetectqntlmts,Lower Quantitation Limit,1.7,ng/L,,2025-04-18T14:28:12,STORET
21NYDECA_WQX,New York State Dec Division Of Water,21NYDECA_WQX-09-LSAL-7.6_20210413T1200:CEC-00111,Sample-Routine,Water,,2021-04-13,12:00:00,EDT,,,,,,,,,,,,Routine,Routine River Network,NYSDEC,21NYDECA_WQX-2202,09-LSAL-7.6,,,,,44.9398510000,-74.5569440000,,,,,,STORET-1060245694,Not Detected,None,Perfluorononanoic acid,Total,,,U,Accepted,,,,,,,,,,,,,,,,,,,,,,537M,USEPA,"MODIFIED, Determination of Selected Perfluorinated Alkyl Acids in Drinking Water by Solid Phase Extraction and Liquid Chromatography/Tandem Mass Spectrometry (LC/MS/MS)",,,TALBURL,2021-04-20,,https://www.waterqualitydata.us/data/providers/STORET/organizations/21NYDECA_WQX/activities/21NYDECA_WQX-09-LSAL-7.6_20210413T1200%3ACEC-00111/results/1060245694/resdetectqntlmts,Lower Quantitation Limit,1.7,ng/L,,2025-04-18T14:28:10,STORET
21NYDECA_WQX,New York State Dec Division Of Water,21NYDECA_WQX-03-LONT_T63-1.0_20210420T1215:CEC-00173,Sample-Routine,Water,,2021-04-20,12:15:00,EDT,,,,,,,,,,,,PFAS Monitoring,PFAS Monitoring,NYSDEC,21NYDECA_WQX-601,03-LONT_T63-1.0,,,,,43.4858760000,-76.4566710000,,,,,,STORET-1060246996,Not Detected,None,Perfluorononanoic acid,Total,,,U,Accepted,,,,,,,,,,,,,,,,,,,,,,537M,USEPA,"MODIFIED, Determination of Selected Perfluorinated Alkyl Acids in Drinking Water by Solid Phase Extraction and Liquid Chromatography/Tandem Mass Spectrometry (LC/MS/MS)",,,TALBURL,2021-05-03,,https://www.waterqualitydata.us/data/providers/STORET/organizations/21NYDECA_WQX/activities/21NYDECA_WQX-03-LONT_T63-1.0_20210420T1215%3ACEC-00173/results/1060246996/resdetectqntlmts,Lower Quantitation Limit,1.7,ng/L,,2025-04-18T14:28:17,STORET
21NYDECA_WQX,New York State Dec Division Of Water,21NYDECA_WQX-11-UHUD-43.1_20210413T1230:CEC-00118,Sample-Routine,Water,,2021-04-13,12:30:00,EDT,,,,,,,,,,,,Routine,Routine River Network,NYSDEC,21NYDECA_WQX-3192,11-UHUD-43.1,,,,,43.2965500000,-73.5904900000,,,,,,STORET-1060245841,Not Detected,None,Perfluorononanoic acid,Total,,,U,Accepted,,,,,,,,,,,,,,,,,,,,,,537M,USEPA,"MODIFIED, Determination of Selected Perfluorinated Alkyl Acids in Drinking Water by Solid Phase Extraction and Liquid Chromatography/Tandem Mass Spectrometry (LC/MS/MS)",,,TALBURL,2021-04-16,,https://www.waterqualitydata.us/data/providers/STORET/organizations/21NYDECA_WQX/activities/21NYDECA_WQX-11-UHUD-43.1_20210413T1230%3ACEC-00118/results/1060245841/resdetectqntlmts,Lower Quantitation Limit,1.6,ng/L,,2025-04-18T14:28:11,STORET
21NYDECA_WQX,New York State Dec Division Of Water,21NYDECA_WQX-14-WDEL-16.2_20210414T0945:CEC-00122,Sample-Routine,Water,,2021-04-14,09:45:00,EDT,,,,,,,,,,,,Routine,Routine River Network,NYSDEC,21NYDECA_WQX-7774,14-WDEL-16.2,,,,,42.0800000000,-75.4013800000,,,,,,STORET-1060245925,Not Detected,None,Perfluorononanoic acid,Total,,,U,Accepted,,,,,,,,,,,,,,,,,,,,,,537M,USEPA,"MODIFIED, Determination of Selected Perfluorinated Alkyl Acids in Drinking Water by Solid Phase Extraction and Liquid Chromatography/Tandem Mass Spectrometry (LC/MS/MS)",,,TALBURL,2021-04-21,,https://www.waterqualitydata.us/data/providers/STORET/organizations/21NYDECA_WQX/activities/21NYDECA_WQX-14-WDEL-16.2_20210414T0945%3ACEC-00122/results/1060245925/resdetectqntlmts,Lower Quantitation Limit,1.7,ng/L,,2025-04-18T14:28:12,STORET
21NYDECA_WQX,New York State Dec Division Of Water,21NYDECA_WQX-17-KENF_Ta-0.2_20210824T0945:CEC-00192,Sample-Routine,Water,,2021-08-24,09:45:00,EDT,,,,,,,,,,,,PFAS Monitoring,PFAS Monitoring,NYSDEC,21NYDECA_WQX-8523,17-KENF_Ta-0.2,,,,,41.0674790000,-73.7175830000,,,,,,STORET-1060247395,,None,Perfluorononanoic acid,Total,5.1,ng/L,CON,Accepted,,Actual,,,,,,,,,,,,,,,,,,,,537M,USEPA,"MODIFIED, Determination of Selected Perfluorinated Alkyl Acids in Drinking Water by Solid Phase Extraction and Liquid Chromatography/Tandem Mass Spectrometry (LC/MS/MS)",,,TALBURL,2021-08-26,,https://www.waterqualitydata.us/data/providers/STORET/organizations/21NYDECA_WQX/activities/21NYDECA_WQX-17-KENF_Ta-0.2_20210824T0945%3ACEC-00192/results/1060247395/resdetectqntlmts,Lower Quantitation Limit,1.6,ng/L,,2025-04-18T14:28:20,STORET
21NYDECA_WQX,New York State Dec Division Of Water,21NYDECA_WQX-05-CHEM-5.4_20210816T0930:CEC-00136,Sample-Routine,Water,,2021-08-16,09:30:00,EDT,,,,,,,,,,,,Routine,Routine River Network,NYSDEC,21NYDECA_WQX-1295,05-CHEM-5.4,,,,,42.0027800000,-76.6349900000,,,,,,STORET-1060246219,Not Detected,None,Perfluorononanoic acid,Total,,,U,Accepted,,,,,,,,,,,,,,,,,,,,,,537M,USEPA,"MODIFIED, Determination of Selected Perfluorinated Alkyl Acids in Drinking Water by Solid Phase Extraction and Liquid Chromatography/Tandem Mass Spectrometry (LC/MS/MS)",,,TALBURL,2021-08-18,,https://www.waterqualitydata.us/data/providers/STORET/organizations/21NYDECA_WQX/activities/21NYDECA_WQX-05-CHEM-5.4_20210816T0930%3ACEC-00136/results/1060246219/resdetectqntlmts,Lower Quantitation Limit,1.6,ng/L,,2025-04-18T14:28:13,STORET
21NYDECA_WQX,New York State Dec Division Of Water,21NYDECA_WQX-07-ONON-1.0_20210816T0830:CEC-00147,Sample-Routine,Water,,2021-08-16,08:30:00,EDT,,,,,,,,,,,,Routine,Routine River Network,NYSDEC,21NYDECA_WQX-1672,07-ONON-1.0,,,,,43.0577800000,-76.1634500000,,,,,,STORET-1060246450,Not Detected,None,Perfluorononanoic acid,Total,,,U,Accepted,,,,,,,,,,,,,,,,,,,,,,537M,USEPA,"MODIFIED, Determination of Selected Perfluorinated Alkyl Acids in Drinking Water by Solid Phase Extraction and Liquid Chromatography/Tandem Mass Spectrometry (LC/MS/MS)",,,TALBURL,2021-08-19,,https://www.waterqualitydata.us/data/providers/STORET/organizations/21NYDECA_WQX/activities/21NYDECA_WQX-07-ONON-1.0_20210816T0830%3ACEC-00147/results/1060246450/resdetectqntlmts,Lower Quantitation Limit,1.6,ng/L,,2025-04-18T14:28:14,STORET
21NYDECA_WQX,New York State Dec Division Of Water,21NYDECA_WQX-04-UGNS-137.8_20210817T1130:CEC-00152,Sample-Routine,Water,,2021-08-17,11:30:00,EDT,,,,,,,,,,,,Routine,Routine River Network,NYSDEC,21NYDECA_WQX-823,04-UGNS-137.8,,,,,42.1186600000,-77.9465400000,,,,,,STORET-1060246555,Not Detected,None,Perfluorononanoic acid,Total,,,U,Accepted,,,,,,,,,,,,,,,,,,,,,,537M,USEPA,"MODIFIED, Determination of Selected Perfluorinated Alkyl Acids in Drinking Water by Solid Phase Extraction and Liquid Chromatography/Tandem Mass Spectrometry (LC/MS/MS)",,,TALBURL,2021-08-19,,https://www.waterqualitydata.us/data/providers/STORET/organizations/21NYDECA_WQX/activities/21NYDECA_WQX-04-UGNS-137.8_20210817T1130%3ACEC-00152/results/1060246555/resdetectqntlmts,Lower Quantitation Limit,1.6,ng/L,,2025-04-18T14:28:15,STORET
21NYDECA_WQX,New York State Dec Division Of Water,21NYDECA_WQX-07-OSWE-5.2_20210817T0915:CEC-00148,Sample-Routine,Water,,2021-08-17,09:15:00,EDT,,,,,,,,,,,,Routine,Routine River Network,NYSDEC,21NYDECA_WQX-1681,07-OSWE-5.2,,,,,43.3980600000,-76.4716600000,,,,,,STORET-1060246471,Not Detected,None,Perfluorononanoic acid,Total,,,U,Accepted,,,,,,,,,,,,,,,,,,,,,,537M,USEPA,"MODIFIED, Determination of Selected Perfluorinated Alkyl Acids in Drinking Water by Solid Phase Extraction and Liquid Chromatography/Tandem Mass Spectrometry (LC/MS/MS)",,,TALBURL,2021-08-20,,https://www.waterqualitydata.us/data/providers/STORET/organizations/21NYDECA_WQX/activities/21NYDECA_WQX-07-OSWE-5.2_20210817T0915%3ACEC-00148/results/1060246471/resdetectqntlmts,Lower Quantitation Limit,1.7,ng/L,,2025-04-18T14:28:14,STORET
21NYDECA_WQX,New York State Dec Division Of Water,21NYDECA_WQX-12-MOHK-17.1_20210825T0900:CEC-00206,Sample-Routine,Water,,2021-08-25,09:00:00,EDT,,,,,,,,,,,,PFAS Monitoring,PFAS Monitoring,NYSDEC,21NYDECA_WQX-3388,12-MOHK-17.1,,,,,42.8382480000,-73.8773130000,,,,,,STORET-1060247689,Not Detected,None,Perfluorononanoic acid,Total,,,U,Accepted,,,,,,,,,,,,,,,,,,,,,,537M,USEPA,"MODIFIED, Determination of Selected Perfluorinated Alkyl Acids in Drinking Water by Solid Phase Extraction and Liquid Chromatography/Tandem Mass Spectrometry (LC/MS/MS)",,,TALBURL,2021-08-27,,https://www.waterqualitydata.us/data/providers/STORET/organizations/21NYDECA_WQX/activities/21NYDECA_WQX-12-MOHK-17.1_20210825T0900%3ACEC-00206/results/1060247689/resdetectqntlmts,Lower Quantitation Limit,1.6,ng/L,,2025-04-18T14:28:22,STORET
21NYDECA_WQX,New York State Dec Division Of Water,21NYDECA_WQX-03-SALM-12.0_20210412T0930:CEC-00095,Sample-Routine,Water,,2021-04-12,09:30:00,EDT,,,,,,,,,,,,Routine,Routine River Network,NYSDEC,21NYDECA_WQX-666,03-SALM-12.0,,,,,43.5311100000,-76.0380600000,,,,,,STORET-1060245358,Not Detected,None,Perfluorononanoic acid,Total,,,U,Accepted,,,,,,,,,,,,,,,,,,,,,,537M,USEPA,"MODIFIED, Determination of Selected Perfluorinated Alkyl Acids in Drinking Water by Solid Phase Extraction and Liquid Chromatography/Tandem Mass Spectrometry (LC/MS/MS)",,,TALBURL,2021-04-19,,https://www.waterqualitydata.us/data/providers/STORET/organizations/21NYDECA_WQX/activities/21NYDECA_WQX-03-SALM-12.0_20210412T0930%3ACEC-00095/results/1060245358/resdetectqntlmts,Lower Quantitation Limit,1.6,ng/L,,2025-04-18T14:28:09,STORET
21NYDECA_WQX,New York State Dec Division Of Water,21NYDECA_WQX-01-NIAG-2.6_20210427T1200:CEC-00186,Sample-Routine,Water,,2021-04-27,12:00:00,EDT,,,,,,,,,,,,PFAS Monitoring,PFAS Monitoring,NYSDEC,21NYDECA_WQX-79,01-NIAG-2.6,,,,,43.2282330000,-79.0517930000,,,,,,STORET-1060247269,Not Detected,None,Perfluorononanoic acid,Total,,,U,Accepted,,,,,,,,,,,,,,,,,,,,,,537M,USEPA,"MODIFIED, Determination of Selected Perfluorinated Alkyl Acids in Drinking Water by Solid Phase Extraction and Liquid Chromatography/Tandem Mass Spectrometry (LC/MS/MS)",,,TALBURL,2021-05-12,,https://www.waterqualitydata.us/data/providers/STORET/organizations/21NYDECA_WQX/activities/21NYDECA_WQX-01-NIAG-2.6_20210427T1200%3ACEC-00186/results/1060247269/resdetectqntlmts,Lower Quantitation Limit,1.7,ng/L,,2025-04-18T14:28:19,STORET
21NYDECA_WQX,New York State Dec Division Of Water,21NYDECA_WQX-06-SUSQ-31.4_20210818T1330:CEC-00145,Sample-Routine,Water,,2021-08-18,13:30:00,EDT,,,,,,,,,,,,Routine,Routine River Network,NYSDEC,21NYDECA_WQX-1363,06-SUSQ-31.4,,,,,42.0909700000,-76.0557870000,,,,,,STORET-1060246408,Not Detected,None,Perfluorononanoic acid,Total,,,U,Accepted,,,,,,,,,,,,,,,,,,,,,,537M,USEPA,"MODIFIED, Determination of Selected Perfluorinated Alkyl Acids in Drinking Water by Solid Phase Extraction and Liquid Chromatography/Tandem Mass Spectrometry (LC/MS/MS)",,,TALBURL,2021-08-20,,https://www.waterqualitydata.us/data/providers/STORET/organizations/21NYDECA_WQX/activities/21NYDECA_WQX-06-SUSQ-31.4_20210818T1330%3ACEC-00145/results/1060246408/resdetectqntlmts,Lower Quantitation Limit,1.6,ng/L,,2025-04-18T14:28:14,STORET
21NYDECA_WQX,New York State Dec Division Of Water,21NYDECA_WQX-04-GENS-4.2_20210428T0945:CEC-00189,Sample-Routine,Water,,2021-04-28,09:45:00,EDT,,,,,,,,,,,,PFAS Monitoring,PFAS Monitoring,NYSDEC,21NYDECA_WQX-978,04-GENS-4.2,,,,,43.1983890000,-77.6207460000,,,,,,STORET-1060247332,Not Detected,None,Perfluorononanoic acid,Total,,,U,Accepted,,,,,,,,,,,,,,,,,,,,,,537M,USEPA,"MODIFIED, Determination of Selected Perfluorinated Alkyl Acids in Drinking Water by Solid Phase Extraction and Liquid Chromatography/Tandem Mass Spectrometry (LC/MS/MS)",,,TALBURL,2021-05-10,,https://www.waterqualitydata.us/data/providers/STORET/organizations/21NYDECA_WQX/activities/21NYDECA_WQX-04-GENS-4.2_20210428T0945%3ACEC-00189/results/1060247332/resdetectqntlmts,Lower Quantitation Limit,1.7,ng/L,,2025-04-18T14:28:20,STORET
21NYDECA_WQX,New York State Dec Division Of Water,21NYDECA_WQX-01-NIAG-18.4_20210427T1400:CEC-00185,Sample-Routine,Water,,2021-04-27,14:00:00,EDT,,,,,,,,,,,,PFAS Monitoring,PFAS Monitoring,NYSDEC,21NYDECA_WQX-78,01-NIAG-18.4,,,,,43.0647780000,-78.9880480000,,,,,,STORET-1060247248,Not Detected,None,Perfluorononanoic acid,Total,,,U,Accepted,,,,,,,,,,,,,,,,,,,,,,537M,USEPA,"MODIFIED, Determination of Selected Perfluorinated Alkyl Acids in Drinking Water by Solid Phase Extraction and Liquid Chromatography/Tandem Mass Spectrometry (LC/MS/MS)",,,TALBURL,2021-05-12,,https://www.waterqualitydata.us/data/providers/STORET/organizations/21NYDECA_WQX/activities/21NYDECA_WQX-01-NIAG-18.4_20210427T1400%3ACEC-00185/results/1060247248/resdetectqntlmts,Lower Quantitation Limit,1.6,ng/L,,2025-04-18T14:28:19,STORET
21NYDECA_WQX,New York State Dec Division Of Water,21NYDECA_WQX-07-OSWE-5.2_20210412T1130:CEC-00096,Sample-Routine,Water,,2021-04-12,11:30:00,EDT,,,,,,,,,,,,Routine,Routine River Network,NYSDEC,21NYDECA_WQX-1681,07-OSWE-5.2,,,,,43.3980600000,-76.4716600000,,,,,,STORET-1060245379,Not Detected,None,Perfluorononanoic acid,Total,,,U,Accepted,,,,,,,,,,,,,,,,,,,,,,537M,USEPA,"MODIFIED, Determination of Selected Perfluorinated Alkyl Acids in Drinking Water by Solid Phase Extraction and Liquid Chromatography/Tandem Mass Spectrometry (LC/MS/MS)",,,TALBURL,2021-04-19,,https://www.waterqualitydata.us/data/providers/STORET/organizations/21NYDECA_WQX/activities/21NYDECA_WQX-07-OSWE-5.2_20210412T1130%3ACEC-00096/results/1060245379/resdetectqntlmts,Lower Quantitation Limit,1.6,ng/L,,2025-04-18T14:28:09,STORET
21NYDECA_WQX,New York State Dec Division Of Water,21NYDECA_WQX-11-UHUD-4.5_20210825T1130:CEC-00203,Sample-Routine,Water,,2021-08-25,11:30:00,EDT,,,,,,,,,,,,PFAS Monitoring,PFAS Monitoring,NYSDEC,21NYDECA_WQX-3191,11-UHUD-4.5,,,,,42.8091220000,-73.6583080000,,,,,,STORET-1060247626,Not Detected,None,Perfluorononanoic acid,Total,,,U,Accepted,,,,,,,,,,,,,,,,,,,,,,537M,USEPA,"MODIFIED, Determination of Selected Perfluorinated Alkyl Acids in Drinking Water by Solid Phase Extraction and Liquid Chromatography/Tandem Mass Spectrometry (LC/MS/MS)",,,TALBURL,2021-08-27,,https://www.waterqualitydata.us/data/providers/STORET/organizations/21NYDECA_WQX/activities/21NYDECA_WQX-11-UHUD-4.5_20210825T1130%3ACEC-00203/results/1060247626/resdetectqntlmts,Lower Quantitation Limit,1.6,ng/L,,2025-04-18T14:28:21,STORET
21NYDECA_WQX,New York State Dec Division Of Water,21NYDECA_WQX-09-LSAL-7.6_20210817T1130:CEC-00156,Sample-Routine,Water,,2021-08-17,11:30:00,EDT,,,,,,,,,,,,Routine,Routine River Network,NYSDEC,21NYDECA_WQX-2202,09-LSAL-7.6,,,,,44.9398510000,-74.5569440000,,,,,,STORET-1060246639,Not Detected,None,Perfluorononanoic acid,Total,,,U,Accepted,,,,,,,,,,,,,,,,,,,,,,537M,USEPA,"MODIFIED, Determination of Selected Perfluorinated Alkyl Acids in Drinking Water by Solid Phase Extraction and Liquid Chromatography/Tandem Mass Spectrometry (LC/MS/MS)",,,TALBURL,2021-08-19,,https://www.waterqualitydata.us/data/providers/STORET/organizations/21NYDECA_WQX/activities/21NYDECA_WQX-09-LSAL-7.6_20210817T1130%3ACEC-00156/results/1060246639/resdetectqntlmts,Lower Quantitation Limit,1.6,ng/L,,2025-04-18T14:28:15,STORET
21NYDECA_WQX,New York State Dec Division Of Water,21NYDECA_WQX-17-KENF_Ta-0.2_20210421T1100:CEC-00183,Sample-Routine,Water,,2021-04-21,11:00:00,EDT,,,,,,,,,,,,PFAS Monitoring,PFAS Monitoring,NYSDEC,21NYDECA_WQX-8523,17-KENF_Ta-0.2,,,,,41.0674790000,-73.7175830000,,,,,,STORET-1060247206,,None,Perfluorononanoic acid,Total,4.3,ng/L,CON,Accepted,,Actual,,,,,,,,,,,,,,,,,,,,537M,USEPA,"MODIFIED, Determination of Selected Perfluorinated Alkyl Acids in Drinking Water by Solid Phase Extraction and Liquid Chromatography/Tandem Mass Spectrometry (LC/MS/MS)",,,TALBURL,2021-05-04,,https://www.waterqualitydata.us/data/providers/STORET/organizations/21NYDECA_WQX/activities/21NYDECA_WQX-17-KENF_Ta-0.2_20210421T1100%3ACEC-00183/results/1060247206/resdetectqntlmts,Lower Quantitation Limit,1.6,ng/L,,2025-04-18T14:28:19,STORET
21NYDECA_WQX,New York State Dec Division Of Water,21NYDECA_WQX-03-EMIL-5.1_20210414T1000:CEC-00129,Sample-Routine,Water,,2021-04-14,10:00:00,EDT,,,,,,,,,,,,Routine,Routine River Network,NYSDEC,21NYDECA_WQX-728,03-EMIL-5.1,,,,,43.2778500000,-78.7118500000,,,,,,STORET-1060246072,Not Detected,None,Perfluorononanoic acid,Total,,,U,Accepted,,,,,,,,,,,,,,,,,,,,,,537M,USEPA,"MODIFIED, Determination of Selected Perfluorinated Alkyl Acids in Drinking Water by Solid Phase Extraction and Liquid Chromatography/Tandem Mass Spectrometry (LC/MS/MS)",,,TALBURL,2021-04-21,,https://www.waterqualitydata.us/data/providers/STORET/organizations/21NYDECA_WQX/activities/21NYDECA_WQX-03-EMIL-5.1_20210414T1000%3ACEC-00129/results/1060246072/resdetectqntlmts,Lower Quantitation Limit,1.7,ng/L,,2025-04-18T14:28:12,STORET
21NYDECA_WQX,New York State Dec Division Of Water,21NYDECA_WQX-10-SARA-0.3_20210817T1130:CEC-00159,Sample-Routine,Water,,2021-08-17,11:30:00,EDT,,,,,,,,,,,,Routine,Routine River Network,NYSDEC,21NYDECA_WQX-2957,10-SARA-0.3,,,,,44.6975380000,-73.4508500000,,,,,,STORET-1060246702,Not Detected,None,Perfluorononanoic acid,Total,,,U,Accepted,,,,,,,,,,,,,,,,,,,,,,537M,USEPA,"MODIFIED, Determination of Selected Perfluorinated Alkyl Acids in Drinking Water by Solid Phase Extraction and Liquid Chromatography/Tandem Mass Spectrometry (LC/MS/MS)",,,TALBURL,2021-08-19,,https://www.waterqualitydata.us/data/providers/STORET/organizations/21NYDECA_WQX/activities/21NYDECA_WQX-10-SARA-0.3_20210817T1130%3ACEC-00159/results/1060246702/resdetectqntlmts,Lower Quantitation Limit,1.7,ng/L,,2025-04-18T14:28:16,STORET
21NYDECA_WQX,New York State Dec Division Of Water,21NYDECA_WQX-03-LONT_T63-1.0_20210825T1115:CEC-00193,Sample-Routine,Water,,2021-08-25,11:15:00,EDT,,,,,,,,,,,,PFAS Monitoring,PFAS Monitoring,NYSDEC,21NYDECA_WQX-601,03-LONT_T63-1.0,,,,,43.4858760000,-76.4566710000,,,,,,STORET-1060247416,,None,Perfluorononanoic acid,Total,3.4,ng/L,CON,Accepted,,Actual,,,,,,,,,,,,,,,,,,,,537M,USEPA,"MODIFIED, Determination of Selected Perfluorinated Alkyl Acids in Drinking Water by Solid Phase Extraction and Liquid Chromatography/Tandem Mass Spectrometry (LC/MS/MS)",,,TALBURL,2021-08-27,,https://www.waterqualitydata.us/data/providers/STORET/organizations/21NYDECA_WQX/activities/21NYDECA_WQX-03-LONT_T63-1.0_20210825T1115%3ACEC-00193/results/1060247416/resdetectqntlmts,Lower Quantitation Limit,1.7,ng/L,,2025-04-18T14:28:20,STORET
21NYDECA_WQX,New York State Dec Division Of Water,21NYDECA_WQX-03-LONT_T63-1.3_20210825T1145:CEC-00194,Sample-Routine,Water,,2021-08-25,11:45:00,EDT,,,,,,,,,,,,PFAS Monitoring,PFAS Monitoring,NYSDEC,21NYDECA_WQX-602,03-LONT_T63-1.3,,,,,43.4865610000,-76.4490000000,,,,,,STORET-1060247437,,None,Perfluorononanoic acid,Total,3.5,ng/L,CON,Accepted,,Actual,,,,,,,,,,,,,,,,,,,,537M,USEPA,"MODIFIED, Determination of Selected Perfluorinated Alkyl Acids in Drinking Water by Solid Phase Extraction and Liquid Chromatography/Tandem Mass Spectrometry (LC/MS/MS)",,,TALBURL,2021-08-27,,https://www.waterqualitydata.us/data/providers/STORET/organizations/21NYDECA_WQX/activities/21NYDECA_WQX-03-LONT_T63-1.3_20210825T1145%3ACEC-00194/results/1060247437/resdetectqntlmts,Lower Quantitation Limit,1.9,ng/L,,2025-04-18T14:28:20,STORET
21NYDECA_WQX,New York State Dec Division Of Water,21NYDECA_WQX-10-BOQT-2.6_20210414T1000:CEC-00130,Sample-Routine,Water,,2021-04-14,10:00:00,EDT,,,,,,,,,,,,Routine,Routine River Network,NYSDEC,21NYDECA_WQX-2676,10-BOQT-2.6,,,,,44.3638900000,-73.3908810000,,,,,,STORET-1060246093,Not Detected,None,Perfluorononanoic acid,Total,,,U,Accepted,,,,,,,,,,,,,,,,,,,,,,537M,USEPA,"MODIFIED, Determination of Selected Perfluorinated Alkyl Acids in Drinking Water by Solid Phase Extraction and Liquid Chromatography/Tandem Mass Spectrometry (LC/MS/MS)",,,TALBURL,2021-04-21,,https://www.waterqualitydata.us/data/providers/STORET/organizations/21NYDECA_WQX/activities/21NYDECA_WQX-10-BOQT-2.6_20210414T1000%3ACEC-00130/results/1060246093/resdetectqntlmts,Lower Quantitation Limit,1.6,ng/L,,2025-04-18T14:28:13,STORET
21NYDECA_WQX,New York State Dec Division Of Water,21NYDECA_WQX-03-EMIL-5.1_20210826T1000:CEC-00170,Sample-Routine,Water,,2021-08-26,10:00:00,EDT,,,,,,,,,,,,Routine,Routine River Network,NYSDEC,21NYDECA_WQX-728,03-EMIL-5.1,,,,,43.2778500000,-78.7118500000,,,,,,STORET-1060246933,Not Detected,None,Perfluorononanoic acid,Total,,,U,Accepted,,,,,,,,,,,,,,,,,,,,,,537M,USEPA,"MODIFIED, Determination of Selected Perfluorinated Alkyl Acids in Drinking Water by Solid Phase Extraction and Liquid Chromatography/Tandem Mass Spectrometry (LC/MS/MS)",,,TALBURL,2021-09-01,,https://www.waterqualitydata.us/data/providers/STORET/organizations/21NYDECA_WQX/activities/21NYDECA_WQX-03-EMIL-5.1_20210826T1000%3ACEC-00170/results/1060246933/resdetectqntlmts,Lower Quantitation Limit,1.6,ng/L,,2025-04-18T14:28:17,STORET
21NYDECA_WQX,New York State Dec Division Of Water,21NYDECA_WQX-13-LHUD-130.6_20210412T1000:CEC-00104,Sample-Routine,Water,,2021-04-12,10:00:00,EDT,,,,,,,,,,,,Routine,Routine River Network,NYSDEC,21NYDECA_WQX-3664,13-LHUD-130.6,,,,,42.6194950000,-73.7587960000,,,,,,STORET-1060245547,Not Detected,None,Perfluorononanoic acid,Total,,,U,Accepted,,,,,,,,,,,,,,,,,,,,,,537M,USEPA,"MODIFIED, Determination of Selected Perfluorinated Alkyl Acids in Drinking Water by Solid Phase Extraction and Liquid Chromatography/Tandem Mass Spectrometry (LC/MS/MS)",,,TALBURL,2021-04-19,,https://www.waterqualitydata.us/data/providers/STORET/organizations/21NYDECA_WQX/activities/21NYDECA_WQX-13-LHUD-130.6_20210412T1000%3ACEC-00104/results/1060245547/resdetectqntlmts,Lower Quantitation Limit,1.7,ng/L,,2025-04-18T14:28:10,STORET
21NYDECA_WQX,New York State Dec Division Of Water,21NYDECA_WQX-04-GENS-3.8_20210825T0930:CEC-00201,Sample-Routine,Water,,2021-08-25,09:30:00,EDT,,,,,,,,,,,,PFAS Monitoring,PFAS Monitoring,NYSDEC,21NYDECA_WQX-976,04-GENS-3.8,,,,,43.2036090000,-77.6257360000,,,,,,STORET-1060247584,Not Detected,None,Perfluorononanoic acid,Total,,,U,Accepted,,,,,,,,,,,,,,,,,,,,,,537M,USEPA,"MODIFIED, Determination of Selected Perfluorinated Alkyl Acids in Drinking Water by Solid Phase Extraction and Liquid Chromatography/Tandem Mass Spectrometry (LC/MS/MS)",,,TALBURL,2021-08-27,,https://www.waterqualitydata.us/data/providers/STORET/organizations/21NYDECA_WQX/activities/21NYDECA_WQX-04-GENS-3.8_20210825T0930%3ACEC-00201/results/1060247584/resdetectqntlmts,Lower Quantitation Limit,1.6,ng/L,,2025-04-18T14:28:21,STORET
21NYDECA_WQX,New York State Dec Division Of Water,21NYDECA_WQX-01-NIAG-18.4_20210824T1600:CEC-00198,Sample-Routine,Water,,2021-08-24,16:00:00,EDT,,,,,,,,,,,,PFAS Monitoring,PFAS Monitoring,NYSDEC,21NYDECA_WQX-78,01-NIAG-18.4,,,,,43.0647780000,-78.9880480000,,,,,,STORET-1060247521,Not Detected,None,Perfluorononanoic acid,Total,,,U,Accepted,,,,,,,,,,,,,,,,,,,,,,537M,USEPA,"MODIFIED, Determination of Selected Perfluorinated Alkyl Acids in Drinking Water by Solid Phase Extraction and Liquid Chromatography/Tandem Mass Spectrometry (LC/MS/MS)",,,TALBURL,2021-08-27,,https://www.waterqualitydata.us/data/providers/STORET/organizations/21NYDECA_WQX/activities/21NYDECA_WQX-01-NIAG-18.4_20210824T1600%3ACEC-00198/results/1060247521/resdetectqntlmts,Lower Quantitation Limit,1.6,ng/L,,2025-04-18T14:28:21,STORET
21NYDECA_WQX,New York State Dec Division Of Water,21NYDECA_WQX-04-RAGA-1.4_20210816T0915:CEC-00141,Sample-Routine,Water,,2021-08-16,09:15:00,EDT,,,,,,,,,,,,Routine,Routine River Network,NYSDEC,21NYDECA_WQX-776,04-RAGA-1.4,,,,,42.7359800000,-77.8418300000,,,,,,STORET-1060246324,Not Detected,None,Perfluorononanoic acid,Total,,,U,Accepted,,,,,,,,,,,,,,,,,,,,,,537M,USEPA,"MODIFIED, Determination of Selected Perfluorinated Alkyl Acids in Drinking Water by Solid Phase Extraction and Liquid Chromatography/Tandem Mass Spectrometry (LC/MS/MS)",,,TALBURL,2021-08-18,,https://www.waterqualitydata.us/data/providers/STORET/organizations/21NYDECA_WQX/activities/21NYDECA_WQX-04-RAGA-1.4_20210816T0915%3ACEC-00141/results/1060246324/resdetectqntlmts,Lower Quantitation Limit,1.9,ng/L,,2025-04-18T14:28:14,STORET
21NYDECA_WQX,New York State Dec Division Of Water,21NYDECA_WQX-12-SCHO-14.6_20210819T1000:CEC-00166,Sample-Routine,Water,,2021-08-19,10:00:00,EDT,,,,,,,,,,,,Routine,Routine River Network,NYSDEC,21NYDECA_WQX-3489,12-SCHO-14.6,,,,,42.8000000000,-74.2633400000,,,,,,STORET-1060246849,Not Detected,None,Perfluorononanoic acid,Total,,,U,Accepted,,,,,,,,,,,,,,,,,,,,,,537M,USEPA,"MODIFIED, Determination of Selected Perfluorinated Alkyl Acids in Drinking Water by Solid Phase Extraction and Liquid Chromatography/Tandem Mass Spectrometry (LC/MS/MS)",,,TALBURL,2021-08-23,,https://www.waterqualitydata.us/data/providers/STORET/organizations/21NYDECA_WQX/activities/21NYDECA_WQX-12-SCHO-14.6_20210819T1000%3ACEC-00166/results/1060246849/resdetectqntlmts,Lower Quantitation Limit,1.6,ng/L,,2025-04-18T14:28:16,STORET
21NYDECA_WQX,New York State Dec Division Of Water,21NYDECA_WQX-17-BLND_Tb-2.0_20210824T1015:CEC-00190,Sample-Routine,Water,,2021-08-24,10:15:00,EDT,,,,,,,,,,,,PFAS Monitoring,PFAS Monitoring,NYSDEC,21NYDECA_WQX-8359,17-BLND_Tb-2.0,,,,,41.0457200000,-73.7099010000,,,,,,STORET-1060247353,Not Detected,None,Perfluorononanoic acid,Total,,,U,Accepted,,,,,,,,,,,,,,,,,,,,,,537M,USEPA,"MODIFIED, Determination of Selected Perfluorinated Alkyl Acids in Drinking Water by Solid Phase Extraction and Liquid Chromatography/Tandem Mass Spectrometry (LC/MS/MS)",,,TALBURL,2021-08-26,,https://www.waterqualitydata.us/data/providers/STORET/organizations/21NYDECA_WQX/activities/21NYDECA_WQX-17-BLND_Tb-2.0_20210824T1015%3ACEC-00190/results/1060247353/resdetectqntlmts,Lower Quantitation Limit,1.7,ng/L,,2025-04-18T14:28:20,STORET
21NYDECA_WQX,New York State Dec Division Of Water,21NYDECA_WQX-04-GENS-2.6_20210414T1000:CEC-00123,Sample-Routine,Water,,2021-04-14,10:00:00,EDT,,,,,,,,,,,,Routine,Routine River Network,NYSDEC,21NYDECA_WQX-974,04-GENS-2.6,,,,,43.2272200000,-77.6163900000,,,,,,STORET-1060245946,Not Detected,None,Perfluorononanoic acid,Total,,,U,Accepted,,,,,,,,,,,,,,,,,,,,,,537M,USEPA,"MODIFIED, Determination of Selected Perfluorinated Alkyl Acids in Drinking Water by Solid Phase Extraction and Liquid Chromatography/Tandem Mass Spectrometry (LC/MS/MS)",,,TALBURL,2021-04-21,,https://www.waterqualitydata.us/data/providers/STORET/organizations/21NYDECA_WQX/activities/21NYDECA_WQX-04-GENS-2.6_20210414T1000%3ACEC-00123/results/1060245946/resdetectqntlmts,Lower Quantitation Limit,1.6,ng/L,,2025-04-18T14:28:12,STORET
21NYDECA_WQX,New York State Dec Division Of Water,21NYDECA_WQX-13-WALK-18.6_20210412T1100:CEC-00099,Sample-Routine,Water,,2021-04-12,11:00:00,EDT,,,,,,,,,,,,Routine,Routine River Network,NYSDEC,21NYDECA_WQX-4087,13-WALK-18.6,,,,,41.6878310000,-74.1657000000,,,,,,STORET-1060245442,Not Detected,None,Perfluorononanoic acid,Total,,,U,Accepted,,,,,,,,,,,,,,,,,,,,,,537M,USEPA,"MODIFIED, Determination of Selected Perfluorinated Alkyl Acids in Drinking Water by Solid Phase Extraction and Liquid Chromatography/Tandem Mass Spectrometry (LC/MS/MS)",,,TALBURL,2021-04-15,,https://www.waterqualitydata.us/data/providers/STORET/organizations/21NYDECA_WQX/activities/21NYDECA_WQX-13-WALK-18.6_20210412T1100%3ACEC-00099/results/1060245442/resdetectqntlmts,Lower Quantitation Limit,1.8,ng/L,,2025-04-18T14:28:09,STORET
21NYDECA_WQX,New York State Dec Division Of Water,21NYDECA_WQX-12-SCHO-14.6_20210415T0945:CEC-00132,Sample-Routine,Water,,2021-04-15,09:45:00,EDT,,,,,,,,,,,,Routine,Routine River Network,NYSDEC,21NYDECA_WQX-3489,12-SCHO-14.6,,,,,42.8000000000,-74.2633400000,,,,,,STORET-1060246135,Not Detected,None,Perfluorononanoic acid,Total,,,U,Accepted,,,,,,,,,,,,,,,,,,,,,,537M,USEPA,"MODIFIED, Determination of Selected Perfluorinated Alkyl Acids in Drinking Water by Solid Phase Extraction and Liquid Chromatography/Tandem Mass Spectrometry (LC/MS/MS)",,,TALBURL,2021-04-26,,https://www.waterqualitydata.us/data/providers/STORET/organizations/21NYDECA_WQX/activities/21NYDECA_WQX-12-SCHO-14.6_20210415T0945%3ACEC-00132/results/1060246135/resdetectqntlmts,Lower Quantitation Limit,1.6,ng/L,,2025-04-18T14:28:13,STORET
21NYDECA_WQX,New York State Dec Division Of Water,21NYDECA_WQX-10-BOQT-2.6_20210818T0945:CEC-00157,Sample-Routine,Water,,2021-08-18,09:45:00,EDT,,,,,,,,,,,,Routine,Routine River Network,NYSDEC,21NYDECA_WQX-2676,10-BOQT-2.6,,,,,44.3638900000,-73.3908810000,,,,,,STORET-1060246660,Not Detected,None,Perfluorononanoic acid,Total,,,U,Accepted,,,,,,,,,,,,,,,,,,,,,,537M,USEPA,"MODIFIED, Determination of Selected Perfluorinated Alkyl Acids in Drinking Water by Solid Phase Extraction and Liquid Chromatography/Tandem Mass Spectrometry (LC/MS/MS)",,,TALBURL,2021-08-20,,https://www.waterqualitydata.us/data/providers/STORET/organizations/21NYDECA_WQX/activities/21NYDECA_WQX-10-BOQT-2.6_20210818T0945%3ACEC-00157/results/1060246660/resdetectqntlmts,Lower Quantitation Limit,1.6,ng/L,,2025-04-18T14:28:15,STORET
21NYDECA_WQX,New York State Dec Division Of Water,21NYDECA_WQX-04-RAGA-1.4_20210413T0915:CEC-00114,Sample-Routine,Water,,2021-04-13,09:15:00,EDT,,,,,,,,,,,,Routine,Routine River Network,NYSDEC,21NYDECA_WQX-776,04-RAGA-1.4,,,,,42.7359800000,-77.8418300000,,,,,,STORET-1060245757,Not Detected,None,Perfluorononanoic acid,Total,,,U,Accepted,,,,,,,,,,,,,,,,,,,,,,537M,USEPA,"MODIFIED, Determination of Selected Perfluorinated Alkyl Acids in Drinking Water by Solid Phase Extraction and Liquid Chromatography/Tandem Mass Spectrometry (LC/MS/MS)",,,TALBURL,2021-04-20,,https://www.waterqualitydata.us/data/providers/STORET/organizations/21NYDECA_WQX/activities/21NYDECA_WQX-04-RAGA-1.4_20210413T0915%3ACEC-00114/results/1060245757/resdetectqntlmts,Lower Quantitation Limit,1.7,ng/L,,2025-04-18T14:28:11,STORET
21NYDECA_WQX,New York State Dec Division Of Water,21NYDECA_WQX-17-BRNX-5.6_20210826T0930:CEC-00172,Sample-Routine,Water,,2021-08-26,13:30:00,EDT,,,,,,,,,,,,Routine,Routine River Network,NYSDEC,21NYDECA_WQX-8366,17-BRNX-5.6,,,,,40.8800000000,-73.8686000000,,,,,,STORET-1060246975,Not Detected,None,Perfluorononanoic acid,Total,,,U,Accepted,,,,,,,,,,,,,,,,,,,,,,537M,USEPA,"MODIFIED, Determination of Selected Perfluorinated Alkyl Acids in Drinking Water by Solid Phase Extraction and Liquid Chromatography/Tandem Mass Spectrometry (LC/MS/MS)",,,TALBURL,2021-09-01,,https://www.waterqualitydata.us/data/providers/STORET/organizations/21NYDECA_WQX/activities/21NYDECA_WQX-17-BRNX-5.6_20210826T0930%3ACEC-00172/results/1060246975/resdetectqntlmts,Lower Quantitation Limit,1.6,ng/L,,2025-04-18T14:28:17,STORET
21NYDECA_WQX,New York State Dec Division Of Water,21NYDECA_WQX-17-KENE-0.3_20210824T1100:CEC-00191,Sample-Routine,Water,,2021-08-24,11:00:00,EDT,,,,,,,,,,,,PFAS Monitoring,PFAS Monitoring,NYSDEC,21NYDECA_WQX-8521,17-KENE-0.3,,,,,41.0804960000,-73.7137590000,,,,,,STORET-1060247376,,None,Perfluorononanoic acid,Total,140,ng/L,CON,Accepted,,Actual,,,,,,,,,,,,,,,,,,,,537M,USEPA,"MODIFIED, Determination of Selected Perfluorinated Alkyl Acids in Drinking Water by Solid Phase Extraction and Liquid Chromatography/Tandem Mass Spectrometry (LC/MS/MS)",,,TALBURL,2021-08-31,,https://www.waterqualitydata.us/data/providers/STORET/organizations/21NYDECA_WQX/activities/21NYDECA_WQX-17-KENE-0.3_20210824T1100%3ACEC-00191/results/1060247376/resdetectqntlmts,Lower Quantitation Limit,1.7,ng/L,,2025-04-18T14:28:20,STORET
21NYDECA_WQX,New York State Dec Division Of Water,21NYDECA_WQX-02-CHAD-2.2_20210816T0000:CEC-00143,Sample-Routine,Water,,2021-08-16,00:00:00,EDT,,,,,,,,,,,,Routine,Routine River Network,NYSDEC,21NYDECA_WQX-458,02-CHAD-2.2,,,,,42.1124500000,-79.2030300000,,,,,,STORET-1060246366,Not Detected,None,Perfluorononanoic acid,Total,,,U,Accepted,,,,,,,,,,,,,,,,,,,,,,537M,USEPA,"MODIFIED, Determination of Selected Perfluorinated Alkyl Acids in Drinking Water by Solid Phase Extraction and Liquid Chromatography/Tandem Mass Spectrometry (LC/MS/MS)",,,TALBURL,2021-08-18,,https://www.waterqualitydata.us/data/providers/STORET/organizations/21NYDECA_WQX/activities/21NYDECA_WQX-02-CHAD-2.2_20210816T0000%3ACEC-00143/results/1060246366/resdetectqntlmts,Lower Quantitation Limit,1.6,ng/L,,2025-04-18T14:28:14,STORET
21NYDECA_WQX,New York State Dec Division Of Water,21NYDECA_WQX-07-KEUK-0.3_20210830T1200:CEC-00171,Sample-Routine,Water,,2021-08-30,12:00:00,EDT,,,,,,,,,,,,Routine,Routine River Network,NYSDEC,21NYDECA_WQX-1772,07-KEUK-0.3,,,,,42.6803700000,-76.9539500000,,,,,,STORET-1060246954,Not Detected,None,Perfluorononanoic acid,Total,,,U,Accepted,,,,,,,,,,,,,,,,,,,,,,537M,USEPA,"MODIFIED, Determination of Selected Perfluorinated Alkyl Acids in Drinking Water by Solid Phase Extraction and Liquid Chromatography/Tandem Mass Spectrometry (LC/MS/MS)",,,TALBURL,2021-09-01,,https://www.waterqualitydata.us/data/providers/STORET/organizations/21NYDECA_WQX/activities/21NYDECA_WQX-07-KEUK-0.3_20210830T1200%3ACEC-00171/results/1060246954/resdetectqntlmts,Lower Quantitation Limit,1.6,ng/L,,2025-04-18T14:28:17,STORET
21NYDECA_WQX,New York State Dec Division Of Water,21NYDECA_WQX-11-HOOS-20.8_20210818T1000:CEC-00165,Sample-Routine,Water,,2021-08-18,10:00:00,EDT,,,,,,,,,,,,Routine,Routine River Network,NYSDEC,21NYDECA_WQX-2923,11-HOOS-20.8,,,,,42.9513900000,-73.3911100000,,,,,,STORET-1060246828,Not Detected,None,Perfluorononanoic acid,Total,,,U,Accepted,,,,,,,,,,,,,,,,,,,,,,537M,USEPA,"MODIFIED, Determination of Selected Perfluorinated Alkyl Acids in Drinking Water by Solid Phase Extraction and Liquid Chromatography/Tandem Mass Spectrometry (LC/MS/MS)",,,TALBURL,2021-08-20,,https://www.waterqualitydata.us/data/providers/STORET/organizations/21NYDECA_WQX/activities/21NYDECA_WQX-11-HOOS-20.8_20210818T1000%3ACEC-00165/results/1060246828/resdetectqntlmts,Lower Quantitation Limit,1.7,ng/L,,2025-04-18T14:28:16,STORET
21NYDECA_WQX,New York State Dec Division Of Water,21NYDECA_WQX-14-NEVR-8.9_20210414T1315:CEC-00127,Sample-Routine,Water,,2021-04-14,13:15:00,EDT,,,,,,,,,,,,Routine,Routine River Network,NYSDEC,21NYDECA_WQX-7476,14-NEVR-8.9,,,,,41.4422000000,-74.6002000000,,,,,,STORET-1060246030,Not Detected,None,Perfluorononanoic acid,Total,,,U,Accepted,,,,,,,,,,,,,,,,,,,,,,537M,USEPA,"MODIFIED, Determination of Selected Perfluorinated Alkyl Acids in Drinking Water by Solid Phase Extraction and Liquid Chromatography/Tandem Mass Spectrometry (LC/MS/MS)",,,TALBURL,2021-04-21,,https://www.waterqualitydata.us/data/providers/STORET/organizations/21NYDECA_WQX/activities/21NYDECA_WQX-14-NEVR-8.9_20210414T1315%3ACEC-00127/results/1060246030/resdetectqntlmts,Lower Quantitation Limit,1.7,ng/L,,2025-04-18T14:28:12,STORET
21NYDECA_WQX,New York State Dec Division Of Water,21NYDECA_WQX-03-SALM-7.8_20210825T1300:CEC-00195,Sample-Routine,Water,,2021-08-25,13:00:00,EDT,,,,,,,,,,,,PFAS Monitoring,PFAS Monitoring,NYSDEC,21NYDECA_WQX-672,03-SALM-7.8,,,,,43.5500000000,-76.0944400000,,,,,,STORET-1060247458,Not Detected,None,Perfluorononanoic acid,Total,,,U,Accepted,,,,,,,,,,,,,,,,,,,,,,537M,USEPA,"MODIFIED, Determination of Selected Perfluorinated Alkyl Acids in Drinking Water by Solid Phase Extraction and Liquid Chromatography/Tandem Mass Spectrometry (LC/MS/MS)",,,TALBURL,2021-08-27,,https://www.waterqualitydata.us/data/providers/STORET/organizations/21NYDECA_WQX/activities/21NYDECA_WQX-03-SALM-7.8_20210825T1300%3ACEC-00195/results/1060247458/resdetectqntlmts,Lower Quantitation Limit,1.7,ng/L,,2025-04-18T14:28:20,STORET
21NYDECA_WQX,New York State Dec Division Of Water,21NYDECA_WQX-13-ROND-9.2_20210412T1330:CEC-00098,Sample-Routine,Water,,2021-04-12,13:30:00,EDT,,,,,,,,,,,,Routine,Routine River Network,NYSDEC,21NYDECA_WQX-4259,13-ROND-9.2,,,,,41.8461780000,-74.0742820000,,,,,,STORET-1060245421,Not Detected,None,Perfluorononanoic acid,Total,,,U,Accepted,,,,,,,,,,,,,,,,,,,,,,537M,USEPA,"MODIFIED, Determination of Selected Perfluorinated Alkyl Acids in Drinking Water by Solid Phase Extraction and Liquid Chromatography/Tandem Mass Spectrometry (LC/MS/MS)",,,TALBURL,2021-04-15,,https://www.waterqualitydata.us/data/providers/STORET/organizations/21NYDECA_WQX/activities/21NYDECA_WQX-13-ROND-9.2_20210412T1330%3ACEC-00098/results/1060245421/resdetectqntlmts,Lower Quantitation Limit,1.7,ng/L,,2025-04-18T14:28:09,STORET
21NYDECA_WQX,New York State Dec Division Of Water,21NYDECA_WQX-04-GENS-3.8_20210428T1015:CEC-00188,Sample-Routine,Water,,2021-04-28,10:15:00,EDT,,,,,,,,,,,,PFAS Monitoring,PFAS Monitoring,NYSDEC,21NYDECA_WQX-976,04-GENS-3.8,,,,,43.2036090000,-77.6257360000,,,,,,STORET-1060247311,Not Detected,None,Perfluorononanoic acid,Total,,,U,Accepted,,,,,,,,,,,,,,,,,,,,,,537M,USEPA,"MODIFIED, Determination of Selected Perfluorinated Alkyl Acids in Drinking Water by Solid Phase Extraction and Liquid Chromatography/Tandem Mass Spectrometry (LC/MS/MS)",,,TALBURL,2021-05-10,,https://www.waterqualitydata.us/data/providers/STORET/organizations/21NYDECA_WQX/activities/21NYDECA_WQX-04-GENS-3.8_20210428T1015%3ACEC-00188/results/1060247311/resdetectqntlmts,Lower Quantitation Limit,1.6,ng/L,,2025-04-18T14:28:20,STORET
21NYDECA_WQX,New York State Dec Division Of Water,21NYDECA_WQX-01-NIAG-3.4_20210427T1145:CEC-00187,Sample-Routine,Water,,2021-04-27,11:45:00,EDT,,,,,,,,,,,,PFAS Monitoring,PFAS Monitoring,NYSDEC,21NYDECA_WQX-84,01-NIAG-3.4,,,,,43.2143370000,-79.0532060000,,,,,,STORET-1060247290,Not Detected,None,Perfluorononanoic acid,Total,,,U,Accepted,,,,,,,,,,,,,,,,,,,,,,537M,USEPA,"MODIFIED, Determination of Selected Perfluorinated Alkyl Acids in Drinking Water by Solid Phase Extraction and Liquid Chromatography/Tandem Mass Spectrometry (LC/MS/MS)",,,TALBURL,2021-05-12,,https://www.waterqualitydata.us/data/providers/STORET/organizations/21NYDECA_WQX/activities/21NYDECA_WQX-01-NIAG-3.4_20210427T1145%3ACEC-00187/results/1060247290/resdetectqntlmts,Lower Quantitation Limit,1.6,ng/L,,2025-04-18T14:28:19,STORET
21NYDECA_WQX,New York State Dec Division Of Water,21NYDECA_WQX-17-BLND_Tb-2.0_20210421T0945:CEC-00181,Sample-Routine,Water,,2021-04-21,09:45:00,EDT,,,,,,,,,,,,PFAS Monitoring,PFAS Monitoring,NYSDEC,21NYDECA_WQX-8359,17-BLND_Tb-2.0,,,,,41.0457200000,-73.7099010000,,,,,,STORET-1060247164,Not Detected,None,Perfluorononanoic acid,Total,,,U,Accepted,,,,,,,,,,,,,,,,,,,,,,537M,USEPA,"MODIFIED, Determination of Selected Perfluorinated Alkyl Acids in Drinking Water by Solid Phase Extraction and Liquid Chromatography/Tandem Mass Spectrometry (LC/MS/MS)",,,TALBURL,2021-05-04,,https://www.waterqualitydata.us/data/providers/STORET/organizations/21NYDECA_WQX/activities/21NYDECA_WQX-17-BLND_Tb-2.0_20210421T0945%3ACEC-00181/results/1060247164/resdetectqntlmts,Lower Quantitation Limit,1.6,ng/L,,2025-04-18T14:28:18,STORET
21NYDECA_WQX,New York State Dec Division Of Water,21NYDECA_WQX-01-BUFF-1.7_20210413T1430:CEC-00119,Sample-Routine,Water,,2021-04-13,14:30:00,EDT,,,,,,,,,,,,Routine,Routine River Network,NYSDEC,21NYDECA_WQX-139,01-BUFF-1.7,,,,,42.8619400000,-78.8678700000,,,,,,STORET-1060245862,Not Detected,None,Perfluorononanoic acid,Total,,,U,Accepted,,,,,,,,,,,,,,,,,,,,,,537M,USEPA,"MODIFIED, Determination of Selected Perfluorinated Alkyl Acids in Drinking Water by Solid Phase Extraction and Liquid Chromatography/Tandem Mass Spectrometry (LC/MS/MS)",,,TALBURL,2021-04-16,,https://www.waterqualitydata.us/data/providers/STORET/organizations/21NYDECA_WQX/activities/21NYDECA_WQX-01-BUFF-1.7_20210413T1430%3ACEC-00119/results/1060245862/resdetectqntlmts,Lower Quantitation Limit,1.6,ng/L,,2025-04-18T14:28:11,STORET
21NYDECA_WQX,New York State Dec Division Of Water,21NYDECA_WQX-14-DELA-1.3_20210414T1030:CEC-00126,Sample-Routine,Water,,2021-04-14,10:30:00,EDT,,,,,,,,,,,,Routine,Routine River Network,NYSDEC,21NYDECA_WQX-6902,14-DELA-1.3,,,,,41.3719400000,-74.6969500000,,,,,,STORET-1060246009,Not Detected,None,Perfluorononanoic acid,Total,,,U,Accepted,,,,,,,,,,,,,,,,,,,,,,537M,USEPA,"MODIFIED, Determination of Selected Perfluorinated Alkyl Acids in Drinking Water by Solid Phase Extraction and Liquid Chromatography/Tandem Mass Spectrometry (LC/MS/MS)",,,TALBURL,2021-04-21,,https://www.waterqualitydata.us/data/providers/STORET/organizations/21NYDECA_WQX/activities/21NYDECA_WQX-14-DELA-1.3_20210414T1030%3ACEC-00126/results/1060246009/resdetectqntlmts,Lower Quantitation Limit,1.8,ng/L,,2025-04-18T14:28:12,STORET
21NYDECA_WQX,New York State Dec Division Of Water,21NYDECA_WQX-04-UGNS-137.8_20210413T1130:CEC-00120,Sample-Routine,Water,,2021-04-13,11:30:00,EDT,,,,,,,,,,,,Routine,Routine River Network,NYSDEC,21NYDECA_WQX-823,04-UGNS-137.8,,,,,42.1186600000,-77.9465400000,,,,,,STORET-1060245883,Not Detected,None,Perfluorononanoic acid,Total,,,U,Accepted,,,,,,,,,,,,,,,,,,,,,,537M,USEPA,"MODIFIED, Determination of Selected Perfluorinated Alkyl Acids in Drinking Water by Solid Phase Extraction and Liquid Chromatography/Tandem Mass Spectrometry (LC/MS/MS)",,,TALBURL,2021-04-16,,https://www.waterqualitydata.us/data/providers/STORET/organizations/21NYDECA_WQX/activities/21NYDECA_WQX-04-UGNS-137.8_20210413T1130%3ACEC-00120/results/1060245883/resdetectqntlmts,Lower Quantitation Limit,1.6,ng/L,,2025-04-18T14:28:11,STORET
21NYDECA_WQX,New York State Dec Division Of Water,21NYDECA_WQX-05-CDEA-1.8_20210816T1300:CEC-00135,Sample-Routine,Water,,2021-08-16,13:00:00,EDT,,,,,,,,,,,,Routine,Routine River Network,NYSDEC,21NYDECA_WQX-1282,05-CDEA-1.8,,,,,42.3356700000,-77.6826700000,,,,,,STORET-1060246198,Not Detected,None,Perfluorononanoic acid,Total,,,U,Accepted,,,,,,,,,,,,,,,,,,,,,,537M,USEPA,"MODIFIED, Determination of Selected Perfluorinated Alkyl Acids in Drinking Water by Solid Phase Extraction and Liquid Chromatography/Tandem Mass Spectrometry (LC/MS/MS)",,,TALBURL,2021-08-18,,https://www.waterqualitydata.us/data/providers/STORET/organizations/21NYDECA_WQX/activities/21NYDECA_WQX-05-CDEA-1.8_20210816T1300%3ACEC-00135/results/1060246198/resdetectqntlmts,Lower Quantitation Limit,1.6,ng/L,,2025-04-18T14:28:13,STORET
21NYDECA_WQX,New York State Dec Division Of Water,21NYDECA_WQX-02-ALGY-20.3_20210412T1145:CEC-00105,Sample-Routine,Water,,2021-04-12,11:45:00,EDT,,,,,,,,,,,,Routine,Routine River Network,NYSDEC,21NYDECA_WQX-427,02-ALGY-20.3,,,,,42.1571600000,-78.7179300000,,,,,,STORET-1060245568,Not Detected,None,Perfluorononanoic acid,Total,,,U,Accepted,,,,,,,,,,,,,,,,,,,,,,537M,USEPA,"MODIFIED, Determination of Selected Perfluorinated Alkyl Acids in Drinking Water by Solid Phase Extraction and Liquid Chromatography/Tandem Mass Spectrometry (LC/MS/MS)",,,TALBURL,2021-04-16,,https://www.waterqualitydata.us/data/providers/STORET/organizations/21NYDECA_WQX/activities/21NYDECA_WQX-02-ALGY-20.3_20210412T1145%3ACEC-00105/results/1060245568/resdetectqntlmts,Lower Quantitation Limit,1.7,ng/L,,2025-04-18T14:28:10,STORET
21NYDECA_WQX,New York State Dec Division Of Water,21NYDECA_WQX-03-LONT_T63-1.3_20210420T1130:CEC-00174,Sample-Routine,Water,,2021-04-20,11:30:00,EDT,,,,,,,,,,,,PFAS Monitoring,PFAS Monitoring,NYSDEC,21NYDECA_WQX-602,03-LONT_T63-1.3,,,,,43.4865610000,-76.4490000000,,,,,,STORET-1060247017,Not Detected,None,Perfluorononanoic acid,Total,,,U,Accepted,,,,,,,,,,,,,,,,,,,,,,537M,USEPA,"MODIFIED, Determination of Selected Perfluorinated Alkyl Acids in Drinking Water by Solid Phase Extraction and Liquid Chromatography/Tandem Mass Spectrometry (LC/MS/MS)",,,TALBURL,2021-04-29,,https://www.waterqualitydata.us/data/providers/STORET/organizations/21NYDECA_WQX/activities/21NYDECA_WQX-03-LONT_T63-1.3_20210420T1130%3ACEC-00174/results/1060247017/resdetectqntlmts,Lower Quantitation Limit,1.7,ng/L,,2025-04-18T14:28:17,STORET
21NYDECA_WQX,New York State Dec Division Of Water,21NYDECA_WQX-03-NRUP-3.1_20210816T1130:CEC-00140,Sample-Routine,Water,,2021-08-16,11:30:00,EDT,,,,,,,,,,,,Routine,Routine River Network,NYSDEC,21NYDECA_WQX-634,03-NRUP-3.1,,,,,43.2540000000,-77.7420000000,,,,,,STORET-1060246303,Not Detected,None,Perfluorononanoic acid,Total,,,U,Accepted,,,,,,,,,,,,,,,,,,,,,,537M,USEPA,"MODIFIED, Determination of Selected Perfluorinated Alkyl Acids in Drinking Water by Solid Phase Extraction and Liquid Chromatography/Tandem Mass Spectrometry (LC/MS/MS)",,,TALBURL,2021-08-18,,https://www.waterqualitydata.us/data/providers/STORET/organizations/21NYDECA_WQX/activities/21NYDECA_WQX-03-NRUP-3.1_20210816T1130%3ACEC-00140/results/1060246303/resdetectqntlmts,Lower Quantitation Limit,1.7,ng/L,,2025-04-18T14:28:14,STORET
21NYDECA_WQX,New York State Dec Division Of Water,21NYDECA_WQX-12-MOHK-17.1_20210422T1015:CEC-00180,Sample-Routine,Water,,2021-04-22,10:15:00,EDT,,,,,,,,,,,,PFAS Monitoring,PFAS Monitoring,NYSDEC,21NYDECA_WQX-3388,12-MOHK-17.1,,,,,42.8382480000,-73.8773130000,,,,,,STORET-1060247143,Not Detected,None,Perfluorononanoic acid,Total,,,U,Accepted,,,,,,,,,,,,,,,,,,,,,,537M,USEPA,"MODIFIED, Determination of Selected Perfluorinated Alkyl Acids in Drinking Water by Solid Phase Extraction and Liquid Chromatography/Tandem Mass Spectrometry (LC/MS/MS)",,,TALBURL,2021-05-06,,https://www.waterqualitydata.us/data/providers/STORET/organizations/21NYDECA_WQX/activities/21NYDECA_WQX-12-MOHK-17.1_20210422T1015%3ACEC-00180/results/1060247143/resdetectqntlmts,Lower Quantitation Limit,1.6,ng/L,,2025-04-18T14:28:18,STORET
21NYDECA_WQX,New York State Dec Division Of Water,21NYDECA_WQX-11-HOOS-20.8_20210413T1000:CEC-00115,Sample-Routine,Water,,2021-04-13,10:00:00,EDT,,,,,,,,,,,,Routine,Routine River Network,NYSDEC,21NYDECA_WQX-2923,11-HOOS-20.8,,,,,42.9513900000,-73.3911100000,,,,,,STORET-1060245778,Not Detected,None,Perfluorononanoic acid,Total,,,U,Accepted,,,,,,,,,,,,,,,,,,,,,,537M,USEPA,"MODIFIED, Determination of Selected Perfluorinated Alkyl Acids in Drinking Water by Solid Phase Extraction and Liquid Chromatography/Tandem Mass Spectrometry (LC/MS/MS)",,,TALBURL,2021-04-20,,https://www.waterqualitydata.us/data/providers/STORET/organizations/21NYDECA_WQX/activities/21NYDECA_WQX-11-HOOS-20.8_20210413T1000%3ACEC-00115/results/1060245778/resdetectqntlmts,Lower Quantitation Limit,1.7,ng/L,,2025-04-18T14:28:11,STORET
21NYDECA_WQX,New York State Dec Division Of Water,21NYDECA_WQX-08-BLCK-84.5_20210816T0830:CEC-00138,Sample-Routine,Water,,2021-08-16,08:30:00,EDT,,,,,,,,,,,,Routine,Routine River Network,NYSDEC,21NYDECA_WQX-1888,08-BLCK-84.5,,,,,43.5116700000,-75.3066600000,,,,,,STORET-1060246261,Not Detected,None,Perfluorononanoic acid,Total,,,U,Accepted,,,,,,,,,,,,,,,,,,,,,,537M,USEPA,"MODIFIED, Determination of Selected Perfluorinated Alkyl Acids in Drinking Water by Solid Phase Extraction and Liquid Chromatography/Tandem Mass Spectrometry (LC/MS/MS)",,,TALBURL,2021-08-18,,https://www.waterqualitydata.us/data/providers/STORET/organizations/21NYDECA_WQX/activities/21NYDECA_WQX-08-BLCK-84.5_20210816T0830%3ACEC-00138/results/1060246261/resdetectqntlmts,Lower Quantitation Limit,1.6,ng/L,,2025-04-18T14:28:13,STORET
21NYDECA_WQX,New York State Dec Division Of Water,21NYDECA_WQX-03-SALM-6.0_20210420T1500:CEC-00176,Sample-Routine,Water,,2021-04-20,15:00:00,EDT,,,,,,,,,,,,PFAS Monitoring,PFAS Monitoring,NYSDEC,21NYDECA_WQX-671,03-SALM-6.0,,,,,43.5612220000,-76.1181390000,,,,,,STORET-1060247059,Not Detected,None,Perfluorononanoic acid,Total,,,U,Accepted,,,,,,,,,,,,,,,,,,,,,,537M,USEPA,"MODIFIED, Determination of Selected Perfluorinated Alkyl Acids in Drinking Water by Solid Phase Extraction and Liquid Chromatography/Tandem Mass Spectrometry (LC/MS/MS)",,,TALBURL,2021-04-29,,https://www.waterqualitydata.us/data/providers/STORET/organizations/21NYDECA_WQX/activities/21NYDECA_WQX-03-SALM-6.0_20210420T1500%3ACEC-00176/results/1060247059/resdetectqntlmts,Lower Quantitation Limit,1.7,ng/L,,2025-04-18T14:28:18,STORET
21NYDECA_WQX,New York State Dec Division Of Water,21NYDECA_WQX-01-NIAG-17.8_20210824T1615:CEC-00197,Sample-Routine,Water,,2021-08-24,16:15:00,EDT,,,,,,,,,,,,PFAS Monitoring,PFAS Monitoring,NYSDEC,21NYDECA_WQX-77,01-NIAG-17.8,,,,,43.0657450000,-78.9999900000,,,,,,STORET-1060247500,Not Detected,None,Perfluorononanoic acid,Total,,,U,Accepted,,,,,,,,,,,,,,,,,,,,,,537M,USEPA,"MODIFIED, Determination of Selected Perfluorinated Alkyl Acids in Drinking Water by Solid Phase Extraction and Liquid Chromatography/Tandem Mass Spectrometry (LC/MS/MS)",,,TALBURL,2021-08-27,,https://www.waterqualitydata.us/data/providers/STORET/organizations/21NYDECA_WQX/activities/21NYDECA_WQX-01-NIAG-17.8_20210824T1615%3ACEC-00197/results/1060247500/resdetectqntlmts,Lower Quantitation Limit,1.6,ng/L,,2025-04-18T14:28:21,STORET
21NYDECA_WQX,New York State Dec Division Of Water,21NYDECA_WQX-17-KENE-0.3_20210421T1030:CEC-00182,Sample-Routine,Water,,2021-04-21,10:30:00,EDT,,,,,,,,,,,,PFAS Monitoring,PFAS Monitoring,NYSDEC,21NYDECA_WQX-8521,17-KENE-0.3,,,,,41.0804960000,-73.7137590000,,,,,,STORET-1060247183,,None,Perfluorononanoic acid,Total,170,ng/L,CON,Accepted,,Actual,,,,,,,,,,,,,,,,,,,,537M,USEPA,"MODIFIED, Determination of Selected Perfluorinated Alkyl Acids in Drinking Water by Solid Phase Extraction and Liquid Chromatography/Tandem Mass Spectrometry (LC/MS/MS)",,,TALBURL,2021-05-04,,https://www.waterqualitydata.us/data/providers/STORET/organizations/21NYDECA_WQX/activities/21NYDECA_WQX-17-KENE-0.3_20210421T1030%3ACEC-00182/results/1060247183/resdetectqntlmts,Lower Quantitation Limit,1.6,ng/L,,2025-04-18T14:28:19,STORET
21NYDECA_WQX,New York State Dec Division Of Water,21NYDECA_WQX-06-TOGH-32.8_20210818T1100:CEC-00146,Sample-Routine,Water,,2021-08-18,11:00:00,EDT,,,,,,,,,,,,Routine,Routine River Network,NYSDEC,21NYDECA_WQX-1382,06-TOGH-32.8,,,,,42.5986100000,-76.1586100000,,,,,,STORET-1060246429,Not Detected,None,Perfluorononanoic acid,Total,,,U,Accepted,,,,,,,,,,,,,,,,,,,,,,537M,USEPA,"MODIFIED, Determination of Selected Perfluorinated Alkyl Acids in Drinking Water by Solid Phase Extraction and Liquid Chromatography/Tandem Mass Spectrometry (LC/MS/MS)",,,TALBURL,2021-08-20,,https://www.waterqualitydata.us/data/providers/STORET/organizations/21NYDECA_WQX/activities/21NYDECA_WQX-06-TOGH-32.8_20210818T1100%3ACEC-00146/results/1060246429/resdetectqntlmts,Lower Quantitation Limit,1.6,ng/L,,2025-04-18T14:28:14,STORET
21NYDECA_WQX,New York State Dec Division Of Water,21NYDECA_WQX-03-NRUP-3.1_20210413T1245:CEC-00113,Sample-Routine,Water,,2021-04-13,12:45:00,EDT,,,,,,,,,,,,Routine,Routine River Network,NYSDEC,21NYDECA_WQX-634,03-NRUP-3.1,,,,,43.2540000000,-77.7420000000,,,,,,STORET-1060245736,Not Detected,None,Perfluorononanoic acid,Total,,,U,Accepted,,,,,,,,,,,,,,,,,,,,,,537M,USEPA,"MODIFIED, Determination of Selected Perfluorinated Alkyl Acids in Drinking Water by Solid Phase Extraction and Liquid Chromatography/Tandem Mass Spectrometry (LC/MS/MS)",,,TALBURL,2021-04-20,,https://www.waterqualitydata.us/data/providers/STORET/organizations/21NYDECA_WQX/activities/21NYDECA_WQX-03-NRUP-3.1_20210413T1245%3ACEC-00113/results/1060245736/resdetectqntlmts,Lower Quantitation Limit,2,ng/L,,2025-04-18T14:28:11,STORET
21NYDECA_WQX,New York State Dec Division Of Water,21NYDECA_WQX-11-UHUD-4.5_20210426T1100:CEC-00177,Sample-Routine,Water,,2021-04-26,11:00:00,EDT,,,,,,,,,,,,PFAS Monitoring,PFAS Monitoring,NYSDEC,21NYDECA_WQX-3191,11-UHUD-4.5,,,,,42.8091220000,-73.6583080000,,,,,,STORET-1060247080,Not Detected,None,Perfluorononanoic acid,Total,,,U,Accepted,,,,,,,,,,,,,,,,,,,,,,537M,USEPA,"MODIFIED, Determination of Selected Perfluorinated Alkyl Acids in Drinking Water by Solid Phase Extraction and Liquid Chromatography/Tandem Mass Spectrometry (LC/MS/MS)",,,TALBURL,2021-05-06,,https://www.waterqualitydata.us/data/providers/STORET/organizations/21NYDECA_WQX/activities/21NYDECA_WQX-11-UHUD-4.5_20210426T1100%3ACEC-00177/results/1060247080/resdetectqntlmts,Lower Quantitation Limit,1.7,ng/L,,2025-04-18T14:28:18,STORET
21NYDECA_WQX,New York State Dec Division Of Water,21NYDECA_WQX-02-ALGY-20.3_20210816T1045:CEC-00142,Sample-Routine,Water,,2021-08-16,10:45:00,EDT,,,,,,,,,,,,Routine,Routine River Network,NYSDEC,21NYDECA_WQX-427,02-ALGY-20.3,,,,,42.1571600000,-78.7179300000,,,,,,STORET-1060246345,Not Detected,None,Perfluorononanoic acid,Total,,,U,Accepted,,,,,,,,,,,,,,,,,,,,,,537M,USEPA,"MODIFIED, Determination of Selected Perfluorinated Alkyl Acids in Drinking Water by Solid Phase Extraction and Liquid Chromatography/Tandem Mass Spectrometry (LC/MS/MS)",,,TALBURL,2021-08-18,,https://www.waterqualitydata.us/data/providers/STORET/organizations/21NYDECA_WQX/activities/21NYDECA_WQX-02-ALGY-20.3_20210816T1045%3ACEC-00142/results/1060246345/resdetectqntlmts,Lower Quantitation Limit,1.6,ng/L,,2025-04-18T14:28:14,STORET
21NYDECA_WQX,New York State Dec Division Of Water,21NYDECA_WQX-02-CHAD-2.2_20210412T0000:CEC-00106,Sample-Routine,Water,,2021-04-12,00:00:00,EDT,,,,,,,,,,,,Routine,Routine River Network,NYSDEC,21NYDECA_WQX-458,02-CHAD-2.2,,,,,42.1124500000,-79.2030300000,,,,,,STORET-1060245589,Not Detected,None,Perfluorononanoic acid,Total,,,U,Accepted,,,,,,,,,,,,,,,,,,,,,,537M,USEPA,"MODIFIED, Determination of Selected Perfluorinated Alkyl Acids in Drinking Water by Solid Phase Extraction and Liquid Chromatography/Tandem Mass Spectrometry (LC/MS/MS)",,,TALBURL,2021-04-16,,https://www.waterqualitydata.us/data/providers/STORET/organizations/21NYDECA_WQX/activities/21NYDECA_WQX-02-CHAD-2.2_20210412T0000%3ACEC-00106/results/1060245589/resdetectqntlmts,Lower Quantitation Limit,1.7,ng/L,,2025-04-18T14:28:10,STORET
21NYDECA_WQX,New York State Dec Division Of Water,21NYDECA_WQX-12-MOHK-1.5_20210415T1115:CEC-00133,Sample-Routine,Water,,2021-04-15,11:15:00,EDT,,,,,,,,,,,,Routine,Routine River Network,NYSDEC,21NYDECA_WQX-3301,12-MOHK-1.5,,,,,42.7783300000,-73.6966700000,,,,,,STORET-1060246156,Not Detected,None,Perfluorononanoic acid,Total,,,U,Accepted,,,,,,,,,,,,,,,,,,,,,,537M,USEPA,"MODIFIED, Determination of Selected Perfluorinated Alkyl Acids in Drinking Water by Solid Phase Extraction and Liquid Chromatography/Tandem Mass Spectrometry (LC/MS/MS)",,,TALBURL,2021-04-28,,https://www.waterqualitydata.us/data/providers/STORET/organizations/21NYDECA_WQX/activities/21NYDECA_WQX-12-MOHK-1.5_20210415T1115%3ACEC-00133/results/1060246156/resdetectqntlmts,Lower Quantitation Limit,1.7,ng/L,,2025-04-18T14:28:13,STORET
21NYDECA_WQX,New York State Dec Division Of Water,21NYDECA_WQX-12-MOHK-15.5_20210422T1043:CEC-00179,Sample-Routine,Water,,2021-04-22,10:43:00,EDT,,,,,,,,,,,,PFAS Monitoring,PFAS Monitoring,NYSDEC,21NYDECA_WQX-3387,12-MOHK-15.5,,,,,42.8206240000,-73.8586170000,,,,,,STORET-1060247122,Not Detected,None,Perfluorononanoic acid,Total,,,U,Accepted,,,,,,,,,,,,,,,,,,,,,,537M,USEPA,"MODIFIED, Determination of Selected Perfluorinated Alkyl Acids in Drinking Water by Solid Phase Extraction and Liquid Chromatography/Tandem Mass Spectrometry (LC/MS/MS)",,,TALBURL,2021-05-06,,https://www.waterqualitydata.us/data/providers/STORET/organizations/21NYDECA_WQX/activities/21NYDECA_WQX-12-MOHK-15.5_20210422T1043%3ACEC-00179/results/1060247122/resdetectqntlmts,Lower Quantitation Limit,1.7,ng/L,,2025-04-18T14:28:18,STORET
21NYDECA_WQX,New York State Dec Division Of Water,21NYDECA_WQX-03-SALM-7.8_20210420T1415:CEC-00175,Sample-Routine,Water,,2021-04-20,14:15:00,EDT,,,,,,,,,,,,PFAS Monitoring,PFAS Monitoring,NYSDEC,21NYDECA_WQX-672,03-SALM-7.8,,,,,43.5500000000,-76.0944400000,,,,,,STORET-1060247038,Not Detected,None,Perfluorononanoic acid,Total,,,U,Accepted,,,,,,,,,,,,,,,,,,,,,,537M,USEPA,"MODIFIED, Determination of Selected Perfluorinated Alkyl Acids in Drinking Water by Solid Phase Extraction and Liquid Chromatography/Tandem Mass Spectrometry (LC/MS/MS)",,,TALBURL,2021-04-29,,https://www.waterqualitydata.us/data/providers/STORET/organizations/21NYDECA_WQX/activities/21NYDECA_WQX-03-SALM-7.8_20210420T1415%3ACEC-00175/results/1060247038/resdetectqntlmts,Lower Quantitation Limit,1.7,ng/L,,2025-04-18T14:28:18,STORET
21NYDECA_WQX,New York State Dec Division Of Water,21NYDECA_WQX-12-MOHK-79.5_20210412T1115:CEC-00101,Sample-Routine,Water,,2021-04-12,11:15:00,EDT,,,,,,,,,,,,Routine,Routine River Network,NYSDEC,21NYDECA_WQX-3399,12-MOHK-79.5,,,,,43.0377800000,-74.8405500000,,,,,,STORET-1060245484,Not Detected,None,Perfluorononanoic acid,Total,,,U,Accepted,,,,,,,,,,,,,,,,,,,,,,537M,USEPA,"MODIFIED, Determination of Selected Perfluorinated Alkyl Acids in Drinking Water by Solid Phase Extraction and Liquid Chromatography/Tandem Mass Spectrometry (LC/MS/MS)",,,TALBURL,2021-04-19,,https://www.waterqualitydata.us/data/providers/STORET/organizations/21NYDECA_WQX/activities/21NYDECA_WQX-12-MOHK-79.5_20210412T1115%3ACEC-00101/results/1060245484/resdetectqntlmts,Lower Quantitation Limit,1.6,ng/L,,2025-04-18T14:28:09,STORET
21NYDECA_WQX,New York State Dec Division Of Water,21NYDECA_WQX-01-BUFF-1.7_20210817T0830:CEC-00151,Sample-Routine,Water,,2021-08-17,08:30:00,EDT,,,,,,,,,,,,Routine,Routine River Network,NYSDEC,21NYDECA_WQX-139,01-BUFF-1.7,,,,,42.8619400000,-78.8678700000,,,,,,STORET-1060246534,Not Detected,None,Perfluorononanoic acid,Total,,,U,Accepted,,,,,,,,,,,,,,,,,,,,,,537M,USEPA,"MODIFIED, Determination of Selected Perfluorinated Alkyl Acids in Drinking Water by Solid Phase Extraction and Liquid Chromatography/Tandem Mass Spectrometry (LC/MS/MS)",,,TALBURL,2021-08-19,,https://www.waterqualitydata.us/data/providers/STORET/organizations/21NYDECA_WQX/activities/21NYDECA_WQX-01-BUFF-1.7_20210817T0830%3ACEC-00151/results/1060246534/resdetectqntlmts,Lower Quantitation Limit,1.6,ng/L,,2025-04-18T14:28:15,STORET
21NYDECA_WQX,New York State Dec Division Of Water,21NYDECA_WQX-11-UHUD-5.5_20210825T1100:CEC-00204,Sample-Routine,Water,,2021-08-25,11:00:00,EDT,,,,,,,,,,,,PFAS Monitoring,PFAS Monitoring,NYSDEC,21NYDECA_WQX-3194,11-UHUD-5.5,,,,,42.8227400000,-73.6613700000,,,,,,STORET-1060247647,Not Detected,None,Perfluorononanoic acid,Total,,,U,Accepted,,,,,,,,,,,,,,,,,,,,,,537M,USEPA,"MODIFIED, Determination of Selected Perfluorinated Alkyl Acids in Drinking Water by Solid Phase Extraction and Liquid Chromatography/Tandem Mass Spectrometry (LC/MS/MS)",,,TALBURL,2021-08-27,,https://www.waterqualitydata.us/data/providers/STORET/organizations/21NYDECA_WQX/activities/21NYDECA_WQX-11-UHUD-5.5_20210825T1100%3ACEC-00204/results/1060247647/resdetectqntlmts,Lower Quantitation Limit,1.7,ng/L,,2025-04-18T14:28:21,STORET
21NYDECA_WQX,New York State Dec Division Of Water,21NYDECA_WQX-13-ROND-9.2_20210817T1115:CEC-00162,Sample-Routine,Water,,2021-08-17,11:15:00,EDT,,,,,,,,,,,,Routine,Routine River Network,NYSDEC,21NYDECA_WQX-4259,13-ROND-9.2,,,,,41.8461780000,-74.0742820000,,,,,,STORET-1060246765,Not Detected,None,Perfluorononanoic acid,Total,,,U,Accepted,,,,,,,,,,,,,,,,,,,,,,537M,USEPA,"MODIFIED, Determination of Selected Perfluorinated Alkyl Acids in Drinking Water by Solid Phase Extraction and Liquid Chromatography/Tandem Mass Spectrometry (LC/MS/MS)",,,TALBURL,2021-08-20,,https://www.waterqualitydata.us/data/providers/STORET/organizations/21NYDECA_WQX/activities/21NYDECA_WQX-13-ROND-9.2_20210817T1115%3ACEC-00162/results/1060246765/resdetectqntlmts,Lower Quantitation Limit,1.6,ng/L,,2025-04-18T14:28:16,STORET
21NYDECA_WQX,New York State Dec Division Of Water,21NYDECA_WQX-03-SALM-12.0_20210817T1130:CEC-00144,Sample-Routine,Water,,2021-08-17,11:30:00,EDT,,,,,,,,,,,,Routine,Routine River Network,NYSDEC,21NYDECA_WQX-666,03-SALM-12.0,,,,,43.5311100000,-76.0380600000,,,,,,STORET-1060246387,Not Detected,None,Perfluorononanoic acid,Total,,,U,Accepted,,,,,,,,,,,,,,,,,,,,,,537M,USEPA,"MODIFIED, Determination of Selected Perfluorinated Alkyl Acids in Drinking Water by Solid Phase Extraction and Liquid Chromatography/Tandem Mass Spectrometry (LC/MS/MS)",,,TALBURL,2021-08-20,,https://www.waterqualitydata.us/data/providers/STORET/organizations/21NYDECA_WQX/activities/21NYDECA_WQX-03-SALM-12.0_20210817T1130%3ACEC-00144/results/1060246387/resdetectqntlmts,Lower Quantitation Limit,1.6,ng/L,,2025-04-18T14:28:14,STORET
21NYDECA_WQX,New York State Dec Division Of Water,21NYDECA_WQX-01-NIAG-17.8_20210427T1400:CEC-00184,Sample-Routine,Water,,2021-04-27,14:00:00,EDT,,,,,,,,,,,,PFAS Monitoring,PFAS Monitoring,NYSDEC,21NYDECA_WQX-77,01-NIAG-17.8,,,,,43.0657450000,-78.9999900000,,,,,,STORET-1060247227,Not Detected,None,Perfluorononanoic acid,Total,,,U,Accepted,,,,,,,,,,,,,,,,,,,,,,537M,USEPA,"MODIFIED, Determination of Selected Perfluorinated Alkyl Acids in Drinking Water by Solid Phase Extraction and Liquid Chromatography/Tandem Mass Spectrometry (LC/MS/MS)",,,TALBURL,2021-05-12,,https://www.waterqualitydata.us/data/providers/STORET/organizations/21NYDECA_WQX/activities/21NYDECA_WQX-01-NIAG-17.8_20210427T1400%3ACEC-00184/results/1060247227/resdetectqntlmts,Lower Quantitation Limit,1.6,ng/L,,2025-04-18T14:28:19,STORET
21NYDECA_WQX,New York State Dec Division Of Water,21NYDECA_WQX-08-BLCK-8.0_20210412T0915:CEC-00097,Sample-Routine,Water,,2021-04-12,09:15:00,EDT,,,,,,,,,,,,Routine,Routine River Network,NYSDEC,21NYDECA_WQX-1887,08-BLCK-8.0,,,,,43.9847200000,-75.9250000000,,,,,,STORET-1060245400,Not Detected,None,Perfluorononanoic acid,Total,,,U,Accepted,,,,,,,,,,,,,,,,,,,,,,537M,USEPA,"MODIFIED, Determination of Selected Perfluorinated Alkyl Acids in Drinking Water by Solid Phase Extraction and Liquid Chromatography/Tandem Mass Spectrometry (LC/MS/MS)",,,TALBURL,2021-04-15,,https://www.waterqualitydata.us/data/providers/STORET/organizations/21NYDECA_WQX/activities/21NYDECA_WQX-08-BLCK-8.0_20210412T0915%3ACEC-00097/results/1060245400/resdetectqntlmts,Lower Quantitation Limit,1.7,ng/L,,2025-04-18T14:28:09,STORET
21NYDECA_WQX,New York State Dec Division Of Water,21NYDECA_WQX-01-NIAG-2.6_20210824T1415:CEC-00199,Sample-Routine,Water,,2021-08-24,14:15:00,EDT,,,,,,,,,,,,PFAS Monitoring,PFAS Monitoring,NYSDEC,21NYDECA_WQX-79,01-NIAG-2.6,,,,,43.2282330000,-79.0517930000,,,,,,STORET-1060247542,Not Detected,None,Perfluorononanoic acid,Total,,,U,Accepted,,,,,,,,,,,,,,,,,,,,,,537M,USEPA,"MODIFIED, Determination of Selected Perfluorinated Alkyl Acids in Drinking Water by Solid Phase Extraction and Liquid Chromatography/Tandem Mass Spectrometry (LC/MS/MS)",,,TALBURL,2021-08-27,,https://www.waterqualitydata.us/data/providers/STORET/organizations/21NYDECA_WQX/activities/21NYDECA_WQX-01-NIAG-2.6_20210824T1415%3ACEC-00199/results/1060247542/resdetectqntlmts,Lower Quantitation Limit,1.6,ng/L,,2025-04-18T14:28:21,STORET
21NYDECA_WQX,New York State Dec Division Of Water,21NYDECA_WQX-06-DILA-5.4_20210414T1145:CEC-00121,Sample-Routine,Water,,2021-04-14,11:45:00,EDT,,,,,,,,,,,,Routine,Routine River Network,NYSDEC,21NYDECA_WQX-1143,06-DILA-5.4,,,,,42.3772200000,-75.4050000000,,,,,,STORET-1060245904,Not Detected,None,Perfluorononanoic acid,Total,,,U,Accepted,,,,,,,,,,,,,,,,,,,,,,537M,USEPA,"MODIFIED, Determination of Selected Perfluorinated Alkyl Acids in Drinking Water by Solid Phase Extraction and Liquid Chromatography/Tandem Mass Spectrometry (LC/MS/MS)",,,TALBURL,2021-04-21,,https://www.waterqualitydata.us/data/providers/STORET/organizations/21NYDECA_WQX/activities/21NYDECA_WQX-06-DILA-5.4_20210414T1145%3ACEC-00121/results/1060245904/resdetectqntlmts,Lower Quantitation Limit,1.6,ng/L,,2025-04-18T14:28:12,STORET
21NYDECA_WQX,New York State Dec Division Of Water,21NYDECA_WQX-03-SALM-6.0_20210825T1330:CEC-00196,Sample-Routine,Water,,2021-08-25,13:30:00,EDT,,,,,,,,,,,,PFAS Monitoring,PFAS Monitoring,NYSDEC,21NYDECA_WQX-671,03-SALM-6.0,,,,,43.5612220000,-76.1181390000,,,,,,STORET-1060247479,Not Detected,None,Perfluorononanoic acid,Total,,,U,Accepted,,,,,,,,,,,,,,,,,,,,,,537M,USEPA,"MODIFIED, Determination of Selected Perfluorinated Alkyl Acids in Drinking Water by Solid Phase Extraction and Liquid Chromatography/Tandem Mass Spectrometry (LC/MS/MS)",,,TALBURL,2021-08-27,,https://www.waterqualitydata.us/data/providers/STORET/organizations/21NYDECA_WQX/activities/21NYDECA_WQX-03-SALM-6.0_20210825T1330%3ACEC-00196/results/1060247479/resdetectqntlmts,Lower Quantitation Limit,1.9,ng/L,,2025-04-18T14:28:20,STORET
21NYDECA_WQX,New York State Dec Division Of Water,21NYDECA_WQX-05-CHEM-5.4_20210413T0945:CEC-00110,Sample-Routine,Water,,2021-04-13,09:45:00,EDT,,,,,,,,,,,,Routine,Routine River Network,NYSDEC,21NYDECA_WQX-1295,05-CHEM-5.4,,,,,42.0027800000,-76.6349900000,,,,,,STORET-1060245673,Not Detected,None,Perfluorononanoic acid,Total,,,U,Accepted,,,,,,,,,,,,,,,,,,,,,,537M,USEPA,"MODIFIED, Determination of Selected Perfluorinated Alkyl Acids in Drinking Water by Solid Phase Extraction and Liquid Chromatography/Tandem Mass Spectrometry (LC/MS/MS)",,,TALBURL,2021-04-20,,https://www.waterqualitydata.us/data/providers/STORET/organizations/21NYDECA_WQX/activities/21NYDECA_WQX-05-CHEM-5.4_20210413T0945%3ACEC-00110/results/1060245673/resdetectqntlmts,Lower Quantitation Limit,1.7,ng/L,,2025-04-18T14:28:10,STORET
21NYDECA_WQX,New York State Dec Division Of Water,21NYDECA_WQX-14-DELA-1.3_20210817T1000:CEC-00160,Sample-Routine,Water,,2021-08-17,10:00:00,EDT,,,,,,,,,,,,Routine,Routine River Network,NYSDEC,21NYDECA_WQX-6902,14-DELA-1.3,,,,,41.3719400000,-74.6969500000,,,,,,STORET-1060246723,Not Detected,None,Perfluorononanoic acid,Total,,,U,Accepted,,,,,,,,,,,,,,,,,,,,,,537M,USEPA,"MODIFIED, Determination of Selected Perfluorinated Alkyl Acids in Drinking Water by Solid Phase Extraction and Liquid Chromatography/Tandem Mass Spectrometry (LC/MS/MS)",,,TALBURL,2021-08-19,,https://www.waterqualitydata.us/data/providers/STORET/organizations/21NYDECA_WQX/activities/21NYDECA_WQX-14-DELA-1.3_20210817T1000%3ACEC-00160/results/1060246723/resdetectqntlmts,Lower Quantitation Limit,1.6,ng/L,,2025-04-18T14:28:16,STORET
21NYDECA_WQX,New York State Dec Division Of Water,21NYDECA_WQX-11-UHUD-5.5_20210426T1030:CEC-00178,Sample-Routine,Water,,2021-04-26,10:30:00,EDT,,,,,,,,,,,,PFAS Monitoring,PFAS Monitoring,NYSDEC,21NYDECA_WQX-3194,11-UHUD-5.5,,,,,42.8227400000,-73.6613700000,,,,,,STORET-1060247101,Not Detected,None,Perfluorononanoic acid,Total,,,U,Accepted,,,,,,,,,,,,,,,,,,,,,,537M,USEPA,"MODIFIED, Determination of Selected Perfluorinated Alkyl Acids in Drinking Water by Solid Phase Extraction and Liquid Chromatography/Tandem Mass Spectrometry (LC/MS/MS)",,,TALBURL,2021-05-06,,https://www.waterqualitydata.us/data/providers/STORET/organizations/21NYDECA_WQX/activities/21NYDECA_WQX-11-UHUD-5.5_20210426T1030%3ACEC-00178/results/1060247101/resdetectqntlmts,Lower Quantitation Limit,1.6,ng/L,,2025-04-18T14:28:18,STORET
21NYDECA_WQX,New York State Dec Division Of Water,21NYDECA_WQX-01-TONA-19.4_20210826T1530:CEC-00169,Sample-Routine,Water,,2021-08-26,15:30:00,EDT,,,,,,,,,,,,Routine,Routine River Network,NYSDEC,21NYDECA_WQX-375,01-TONA-19.4,,,,,43.0954960000,-78.6380210000,,,,,,STORET-1060246912,Not Detected,None,Perfluorononanoic acid,Total,,,U,Accepted,,,,,,,,,,,,,,,,,,,,,,537M,USEPA,"MODIFIED, Determination of Selected Perfluorinated Alkyl Acids in Drinking Water by Solid Phase Extraction and Liquid Chromatography/Tandem Mass Spectrometry (LC/MS/MS)",,,TALBURL,2021-08-31,,https://www.waterqualitydata.us/data/providers/STORET/organizations/21NYDECA_WQX/activities/21NYDECA_WQX-01-TONA-19.4_20210826T1530%3ACEC-00169/results/1060246912/resdetectqntlmts,Lower Quantitation Limit,1.7,ng/L,,2025-04-18T14:28:17,STORET
21NYDECA_WQX,New York State Dec Division Of Water,21NYDECA_WQX-13-WALK-18.6_20210817T0915:CEC-00163,Sample-Routine,Water,,2021-08-17,09:15:00,EDT,,,,,,,,,,,,Routine,Routine River Network,NYSDEC,21NYDECA_WQX-4087,13-WALK-18.6,,,,,41.6878310000,-74.1657000000,,,,,,STORET-1060246786,Not Detected,None,Perfluorononanoic acid,Total,,,U,Accepted,,,,,,,,,,,,,,,,,,,,,,537M,USEPA,"MODIFIED, Determination of Selected Perfluorinated Alkyl Acids in Drinking Water by Solid Phase Extraction and Liquid Chromatography/Tandem Mass Spectrometry (LC/MS/MS)",,,TALBURL,2021-08-20,,https://www.waterqualitydata.us/data/providers/STORET/organizations/21NYDECA_WQX/activities/21NYDECA_WQX-13-WALK-18.6_20210817T0915%3ACEC-00163/results/1060246786/resdetectqntlmts,Lower Quantitation Limit,1.6,ng/L,,2025-04-18T14:28:16,STORET
21NYDECA_WQX,New York State Dec Division Of Water,21NYDECA_WQX-10-SABL-14.6_20210414T0830:CEC-00131,Sample-Routine,Water,,2021-04-14,08:30:00,EDT,,,,,,,,,,,,Routine,Routine River Network,NYSDEC,21NYDECA_WQX-2546,10-SABL-14.6,,,,,44.4643750000,-73.5752550000,,,,,,STORET-1060246114,Not Detected,None,Perfluorononanoic acid,Total,,,U,Accepted,,,,,,,,,,,,,,,,,,,,,,537M,USEPA,"MODIFIED, Determination of Selected Perfluorinated Alkyl Acids in Drinking Water by Solid Phase Extraction and Liquid Chromatography/Tandem Mass Spectrometry (LC/MS/MS)",,,TALBURL,2021-04-21,,https://www.waterqualitydata.us/data/providers/STORET/organizations/21NYDECA_WQX/activities/21NYDECA_WQX-10-SABL-14.6_20210414T0830%3ACEC-00131/results/1060246114/resdetectqntlmts,Lower Quantitation Limit,1.8,ng/L,,2025-04-18T14:28:13,STORET
21NYDECA_WQX,New York State Dec Division Of Water,21NYDECA_WQX-05-CDEA-1.8_20210412T1245:CEC-00102,Sample-Routine,Water,,2021-04-12,12:45:00,EDT,,,,,,,,,,,,Routine,Routine River Network,NYSDEC,21NYDECA_WQX-1282,05-CDEA-1.8,,,,,42.3356700000,-77.6826700000,,,,,,STORET-1060245505,Not Detected,None,Perfluorononanoic acid,Total,,,U,Accepted,,,,,,,,,,,,,,,,,,,,,,537M,USEPA,"MODIFIED, Determination of Selected Perfluorinated Alkyl Acids in Drinking Water by Solid Phase Extraction and Liquid Chromatography/Tandem Mass Spectrometry (LC/MS/MS)",,,TALBURL,2021-04-19,,https://www.waterqualitydata.us/data/providers/STORET/organizations/21NYDECA_WQX/activities/21NYDECA_WQX-05-CDEA-1.8_20210412T1245%3ACEC-00102/results/1060245505/resdetectqntlmts,Lower Quantitation Limit,1.7,ng/L,,2025-04-18T14:28:09,STORET
21NYDECA_WQX,New York State Dec Division Of Water,21NYDECA_WQX-12-MOHK-1.5_20210818T1100:CEC-00155,Sample-Routine,Water,,2021-08-18,11:00:00,EDT,,,,,,,,,,,,Routine,Routine River Network,NYSDEC,21NYDECA_WQX-3301,12-MOHK-1.5,,,,,42.7783300000,-73.6966700000,,,,,,STORET-1060246618,Not Detected,None,Perfluorononanoic acid,Total,,,U,Accepted,,,,,,,,,,,,,,,,,,,,,,537M,USEPA,"MODIFIED, Determination of Selected Perfluorinated Alkyl Acids in Drinking Water by Solid Phase Extraction and Liquid Chromatography/Tandem Mass Spectrometry (LC/MS/MS)",,,TALBURL,2021-08-20,,https://www.waterqualitydata.us/data/providers/STORET/organizations/21NYDECA_WQX/activities/21NYDECA_WQX-12-MOHK-1.5_20210818T1100%3ACEC-00155/results/1060246618/resdetectqntlmts,Lower Quantitation Limit,1.6,ng/L,,2025-04-18T14:28:15,STORET
21NYDECA_WQX,New York State Dec Division Of Water,21NYDECA_WQX-17-CARM-9.0_20210412T1100:CEC-00107,Sample-Routine,Water,,2021-04-12,11:00:00,EDT,,,,,,,,,,,,Routine,Routine River Network,NYSDEC,21NYDECA_WQX-8498,17-CARM-9.0,,,,,40.8300000000,-72.9069400000,,,,,,STORET-1060245610,Not Detected,None,Perfluorononanoic acid,Total,,,U,Accepted,,,,,,,,,,,,,,,,,,,,,,537M,USEPA,"MODIFIED, Determination of Selected Perfluorinated Alkyl Acids in Drinking Water by Solid Phase Extraction and Liquid Chromatography/Tandem Mass Spectrometry (LC/MS/MS)",,,TALBURL,2021-04-16,,https://www.waterqualitydata.us/data/providers/STORET/organizations/21NYDECA_WQX/activities/21NYDECA_WQX-17-CARM-9.0_20210412T1100%3ACEC-00107/results/1060245610/resdetectqntlmts,Lower Quantitation Limit,1.6,ng/L,,2025-04-18T14:28:10,STORET
21NYDECA_WQX,New York State Dec Division Of Water,21NYDECA_WQX-07-ONON-1.0_20210421T0900:CEC-00134,Sample-Routine,Water,,2021-04-21,09:00:00,EDT,,,,,,,,,,,,Routine,Routine River Network,NYSDEC,21NYDECA_WQX-1672,07-ONON-1.0,,,,,43.0577800000,-76.1634500000,,,,,,STORET-1060246177,Not Detected,None,Perfluorononanoic acid,Total,,,U,Accepted,,,,,,,,,,,,,,,,,,,,,,537M,USEPA,"MODIFIED, Determination of Selected Perfluorinated Alkyl Acids in Drinking Water by Solid Phase Extraction and Liquid Chromatography/Tandem Mass Spectrometry (LC/MS/MS)",,,TALBURL,2021-05-04,,https://www.waterqualitydata.us/data/providers/STORET/organizations/21NYDECA_WQX/activities/21NYDECA_WQX-07-ONON-1.0_20210421T0900%3ACEC-00134/results/1060246177/resdetectqntlmts,Lower Quantitation Limit,1.6,ng/L,,2025-04-18T14:28:13,STORET
21NYDECA_WQX,New York State Dec Division Of Water,21NYDECA_WQX-17-CARM-9.0_20210817T0930:CEC-00168,Sample-Routine,Water,,2021-08-17,09:30:00,EDT,,,,,,,,,,,,Routine,Routine River Network,NYSDEC,21NYDECA_WQX-8498,17-CARM-9.0,,,,,40.8300000000,-72.9069400000,,,,,,STORET-1060246891,Not Detected,None,Perfluorononanoic acid,Total,,,U,Accepted,,,,,,,,,,,,,,,,,,,,,,537M,USEPA,"MODIFIED, Determination of Selected Perfluorinated Alkyl Acids in Drinking Water by Solid Phase Extraction and Liquid Chromatography/Tandem Mass Spectrometry (LC/MS/MS)",,,TALBURL,2021-08-20,,https://www.waterqualitydata.us/data/providers/STORET/organizations/21NYDECA_WQX/activities/21NYDECA_WQX-17-CARM-9.0_20210817T0930%3ACEC-00168/results/1060246891/resdetectqntlmts,Lower Quantitation Limit,2,ng/L,,2025-04-18T14:28:17,STORET
21NYDECA_WQX,New York State Dec Division Of Water,21NYDECA_WQX-13-LHUD-130.6_20210816T1030:CEC-00137,Sample-Routine,Water,,2021-08-16,10:30:00,EDT,,,,,,,,,,,,Routine,Routine River Network,NYSDEC,21NYDECA_WQX-3664,13-LHUD-130.6,,,,,42.6194950000,-73.7587960000,,,,,,STORET-1060246240,Not Detected,None,Perfluorononanoic acid,Total,,,U,Accepted,,,,,,,,,,,,,,,,,,,,,,537M,USEPA,"MODIFIED, Determination of Selected Perfluorinated Alkyl Acids in Drinking Water by Solid Phase Extraction and Liquid Chromatography/Tandem Mass Spectrometry (LC/MS/MS)",,,TALBURL,2021-08-18,,https://www.waterqualitydata.us/data/providers/STORET/organizations/21NYDECA_WQX/activities/21NYDECA_WQX-13-LHUD-130.6_20210816T1030%3ACEC-00137/results/1060246240/resdetectqntlmts,Lower Quantitation Limit,1.7,ng/L,,2025-04-18T14:28:13,STORET
21NYDECA_WQX,New York State Dec Division Of Water,21NYDECA_WQX-08-BLCK-84.5_20210412T0830:CEC-00100,Sample-Routine,Water,,2021-04-12,08:30:00,EDT,,,,,,,,,,,,Routine,Routine River Network,NYSDEC,21NYDECA_WQX-1888,08-BLCK-84.5,,,,,43.5116700000,-75.3066600000,,,,,,STORET-1060245463,Not Detected,None,Perfluorononanoic acid,Total,,,U,Accepted,,,,,,,,,,,,,,,,,,,,,,537M,USEPA,"MODIFIED, Determination of Selected Perfluorinated Alkyl Acids in Drinking Water by Solid Phase Extraction and Liquid Chromatography/Tandem Mass Spectrometry (LC/MS/MS)",,,TALBURL,2021-04-19,,https://www.waterqualitydata.us/data/providers/STORET/organizations/21NYDECA_WQX/activities/21NYDECA_WQX-08-BLCK-84.5_20210412T0830%3ACEC-00100/results/1060245463/resdetectqntlmts,Lower Quantitation Limit,1.6,ng/L,,2025-04-18T14:28:09,STORET
21NYDECA_WQX,New York State Dec Division Of Water,21NYDECA_WQX-14-NEVR-8.9_20210817T1200:CEC-00161,Sample-Routine,Water,,2021-08-17,12:00:00,EDT,,,,,,,,,,,,Routine,Routine River Network,NYSDEC,21NYDECA_WQX-7476,14-NEVR-8.9,,,,,41.4422000000,-74.6002000000,,,,,,STORET-1060246744,Not Detected,None,Perfluorononanoic acid,Total,,,U,Accepted,,,,,,,,,,,,,,,,,,,,,,537M,USEPA,"MODIFIED, Determination of Selected Perfluorinated Alkyl Acids in Drinking Water by Solid Phase Extraction and Liquid Chromatography/Tandem Mass Spectrometry (LC/MS/MS)",,,TALBURL,2021-08-19,,https://www.waterqualitydata.us/data/providers/STORET/organizations/21NYDECA_WQX/activities/21NYDECA_WQX-14-NEVR-8.9_20210817T1200%3ACEC-00161/results/1060246744/resdetectqntlmts,Lower Quantitation Limit,1.7,ng/L,,2025-04-18T14:28:16,STORET
21NYDECA_WQX,New York State Dec Division Of Water,21NYDECA_WQX-01-TONA-19.4_20210414T1130:CEC-00128,Sample-Routine,Water,,2021-04-14,11:30:00,EDT,,,,,,,,,,,,Routine,Routine River Network,NYSDEC,21NYDECA_WQX-375,01-TONA-19.4,,,,,43.0954960000,-78.6380210000,,,,,,STORET-1060246051,Not Detected,None,Perfluorononanoic acid,Total,,,U,Accepted,,,,,,,,,,,,,,,,,,,,,,537M,USEPA,"MODIFIED, Determination of Selected Perfluorinated Alkyl Acids in Drinking Water by Solid Phase Extraction and Liquid Chromatography/Tandem Mass Spectrometry (LC/MS/MS)",,,TALBURL,2021-04-21,,https://www.waterqualitydata.us/data/providers/STORET/organizations/21NYDECA_WQX/activities/21NYDECA_WQX-01-TONA-19.4_20210414T1130%3ACEC-00128/results/1060246051/resdetectqntlmts,Lower Quantitation Limit,1.6,ng/L,,2025-04-18T14:28:12,STORET
21NYDECA_WQX,New York State Dec Division Of Water,21NYDECA_WQX-10-SABL-14.6_20210818T0830:CEC-00158,Sample-Routine,Water,,2021-08-18,08:30:00,EDT,,,,,,,,,,,,Routine,Routine River Network,NYSDEC,21NYDECA_WQX-2546,10-SABL-14.6,,,,,44.4643750000,-73.5752550000,,,,,,STORET-1060246681,Not Detected,None,Perfluorononanoic acid,Total,,,U,Accepted,,,,,,,,,,,,,,,,,,,,,,537M,USEPA,"MODIFIED, Determination of Selected Perfluorinated Alkyl Acids in Drinking Water by Solid Phase Extraction and Liquid Chromatography/Tandem Mass Spectrometry (LC/MS/MS)",,,TALBURL,2021-08-20,,https://www.waterqualitydata.us/data/providers/STORET/organizations/21NYDECA_WQX/activities/21NYDECA_WQX-10-SABL-14.6_20210818T0830%3ACEC-00158/results/1060246681/resdetectqntlmts,Lower Quantitation Limit,1.6,ng/L,,2025-04-18T14:28:15,STORET
21NYDECA_WQX,New York State Dec Division Of Water,21NYDECA_WQX-1310LYO0035_DH_20220830T090100:CEC-00243,Sample-Routine,Water,,2022-08-30,09:01:00,EDT,,,,,0,m,,,,,,Lake Probability 21-25,Lake Probability Sampling 2021-2025,NYSDEC,21NYDECA_WQX-22402,1310LYO0035_DH,,,,,42.5353443600,-73.5794800400,,,,,,STORET-1060249069,,None,Perfluorononanoic acid,Total,0.581,ng/L,CON,Accepted,,Actual,,,,,,,,,,,,,,,,,,,,1633,USEPA,"Analysis of Per- and Polyfluoroalkyl Substances (PFAS) in Aqueous, Solid, Biosolids, and Tissue Samples by LC-MS/MS",,,PACEBTR,2022-09-16,,https://www.waterqualitydata.us/data/providers/STORET/organizations/21NYDECA_WQX/activities/21NYDECA_WQX-1310LYO0035_DH_20220830T090100%3ACEC-00243/results/1060249069/resdetectqntlmts,Lower Quantitation Limit,0.935,ng/L,,2025-04-18T14:28:29,STORET
21NYDECA_WQX,New York State Dec Division Of Water,21NYDECA_WQX-05-STEO_T22-0.2_20220831T1015:CEC-00217,Sample-Routine,Water,,2022-08-31,10:15:00,EDT,,,,,0,m,,,,,,RIBS Screening,Rotating Integrated Basin Studies (RIBS) Screening,NYSDEC,21NYDECA_WQX-1219,05-STEO_T22-0.2,,,,,42.1990000000,-77.4070000000,,,,,,STORET-1060248081,Not Detected,None,Perfluorononanoic acid,Total,,,U,Accepted,,,,,,,,,,,,,,,,,,,,,,1633,USEPA,"Analysis of Per- and Polyfluoroalkyl Substances (PFAS) in Aqueous, Solid, Biosolids, and Tissue Samples by LC-MS/MS",,,PACEBTR,2022-10-18,,https://www.waterqualitydata.us/data/providers/STORET/organizations/21NYDECA_WQX/activities/21NYDECA_WQX-05-STEO_T22-0.2_20220831T1015%3ACEC-00217/results/1060248081/resdetectqntlmts,Lower Quantitation Limit,0.88,ng/L,,2025-04-18T14:28:24,STORET
21NYDECA_WQX,New York State Dec Division Of Water,21NYDECA_WQX-08-MURM_T2-0.1_20220913T1245:CEC-00235,Sample-Routine,Water,,2022-09-13,12:45:00,EDT,,,,,0,m,,,,,,RIBS Screening,Rotating Integrated Basin Studies (RIBS) Screening,NYSDEC,21NYDECA_WQX-1989,08-MURM_T2-0.1,,,,,43.9107410000,-75.3665590000,,,,,,STORET-1060248798,,None,Perfluorononanoic acid,Total,1.09,ng/L,CON,Accepted,,Actual,,,,,,,,,,,,,,,,,,,,1633,USEPA,"Analysis of Per- and Polyfluoroalkyl Substances (PFAS) in Aqueous, Solid, Biosolids, and Tissue Samples by LC-MS/MS",,,PACEBTR,2022-10-27,,https://www.waterqualitydata.us/data/providers/STORET/organizations/21NYDECA_WQX/activities/21NYDECA_WQX-08-MURM_T2-0.1_20220913T1245%3ACEC-00235/results/1060248798/resdetectqntlmts,Lower Quantitation Limit,0.906,ng/L,,2025-04-18T14:28:27,STORET
21NYDECA_WQX,New York State Dec Division Of Water,21NYDECA_WQX-13-DOOD-0.4_20220720T0830:CEC-00248,Sample-Routine,Water,,2022-07-20,08:30:00,EDT,,,,,0,m,,,,,,RIBS Screening,Rotating Integrated Basin Studies (RIBS) Screening,NYSDEC,21NYDECA_WQX-3541,13-DOOD-0.4,,,,,41.3010300000,-73.9863400000,,,,,,STORET-1060249289,Not Detected,None,Perfluorononanoic acid,Total,,,U,Accepted,,,,,,,,,,,,,,,,,,,,,,1633,USEPA,"Analysis of Per- and Polyfluoroalkyl Substances (PFAS) in Aqueous, Solid, Biosolids, and Tissue Samples by LC-MS/MS",,,PACEBTR,2022-09-16,,https://www.waterqualitydata.us/data/providers/STORET/organizations/21NYDECA_WQX/activities/21NYDECA_WQX-13-DOOD-0.4_20220720T0830%3ACEC-00248/results/1060249289/resdetectqntlmts,Lower Quantitation Limit,0.904,ng/L,,2025-04-18T14:28:30,STORET
21NYDECA_WQX,New York State Dec Division Of Water,21NYDECA_WQX-08-COBB-2.2_20220913T1508:CEC-00226,Sample-Routine,Water,,2022-09-13,15:08:00,EDT,,,,,0,m,,,,,,RIBS Screening,Rotating Integrated Basin Studies (RIBS) Screening,NYSDEC,21NYDECA_WQX-1912,08-COBB-2.2,,,,,43.8238900000,-75.6533400000,,,,,,STORET-1060248449,,None,Perfluorononanoic acid,Total,0.678,ng/L,CON,Accepted,,Actual,,,,,,,,,,,,,,,,,,,,1633,USEPA,"Analysis of Per- and Polyfluoroalkyl Substances (PFAS) in Aqueous, Solid, Biosolids, and Tissue Samples by LC-MS/MS",,,PACEBTR,2022-10-27,,https://www.waterqualitydata.us/data/providers/STORET/organizations/21NYDECA_WQX/activities/21NYDECA_WQX-08-COBB-2.2_20220913T1508%3ACEC-00226/results/1060248449/resdetectqntlmts,Lower Quantitation Limit,0.898,ng/L,,2025-04-18T14:28:26,STORET
21NYDECA_WQX,New York State Dec Division Of Water,21NYDECA_WQX-13-VERK-2.9_20220721T0800:CEC-00256,Sample-Routine,Water,,2022-07-21,08:00:00,EDT,,,,,0,m,,,,,,RIBS Screening,Rotating Integrated Basin Studies (RIBS) Screening,NYSDEC,21NYDECA_WQX-4370,13-VERK-2.9,,,,,41.6280000000,-74.3310000000,,,,,,STORET-1060249609,,None,Perfluorononanoic acid,Total,0.212,ng/L,CON,Accepted,,Actual,,,,,,,,,,,,,,,,,,,,1633,USEPA,"Analysis of Per- and Polyfluoroalkyl Substances (PFAS) in Aqueous, Solid, Biosolids, and Tissue Samples by LC-MS/MS",,,PACEBTR,2022-09-15,,https://www.waterqualitydata.us/data/providers/STORET/organizations/21NYDECA_WQX/activities/21NYDECA_WQX-13-VERK-2.9_20220721T0800%3ACEC-00256/results/1060249609/resdetectqntlmts,Lower Quantitation Limit,0.901,ng/L,,2025-04-18T14:28:31,STORET
21NYDECA_WQX,New York State Dec Division Of Water,21NYDECA_WQX-08-BENE-0.2_20220914T1300:CEC-00225,Sample-Routine,Water,,2022-09-14,13:00:00,EDT,,,,,0,m,,,,,,RIBS Screening,Rotating Integrated Basin Studies (RIBS) Screening,NYSDEC,21NYDECA_WQX-1868,08-BENE-0.2,,,,,43.6761100000,-74.7083400000,,,,,,STORET-1060248414,,None,Perfluorononanoic acid,Total,0.413,ng/L,CON,Accepted,,Actual,,,,,,,,,,,,,,,,,,,,1633,USEPA,"Analysis of Per- and Polyfluoroalkyl Substances (PFAS) in Aqueous, Solid, Biosolids, and Tissue Samples by LC-MS/MS",,,PACEBTR,2022-11-10,,https://www.waterqualitydata.us/data/providers/STORET/organizations/21NYDECA_WQX/activities/21NYDECA_WQX-08-BENE-0.2_20220914T1300%3ACEC-00225/results/1060248414/resdetectqntlmts,Lower Quantitation Limit,0.877,ng/L,,2025-04-18T14:28:25,STORET
21NYDECA_WQX,New York State Dec Division Of Water,21NYDECA_WQX-1302KIR0052_DH_20220913T113000:CEC-00269,Sample-Routine,Water,,2022-09-13,11:30:00,EDT,,,,,0,m,,,,,,Lake Probability 21-25,Lake Probability Sampling 2021-2025,NYSDEC,21NYDECA_WQX-14932,1302KIR0052_DH,,,,,41.3850535100,-73.7485300300,,,,,,STORET-1060250093,,None,Perfluorononanoic acid,Total,0.543,ng/L,CON,Accepted,,Actual,,,,,,,,,,,,,,,,,,,,1633,USEPA,"Analysis of Per- and Polyfluoroalkyl Substances (PFAS) in Aqueous, Solid, Biosolids, and Tissue Samples by LC-MS/MS",,,PACEBTR,2022-10-27,,https://www.waterqualitydata.us/data/providers/STORET/organizations/21NYDECA_WQX/activities/21NYDECA_WQX-1302KIR0052_DH_20220913T113000%3ACEC-00269/results/1060250093/resdetectqntlmts,Lower Quantitation Limit,0.888,ng/L,,2025-04-18T14:28:34,STORET
21NYDECA_WQX,New York State Dec Division Of Water,21NYDECA_WQX-1301ROA0183B_DH_20220913T084500:CEC-00268,Sample-Routine,Water,,2022-09-13,08:45:00,EDT,,,,,0,m,,,,,,Lake Probability 21-25,Lake Probability Sampling 2021-2025,NYSDEC,21NYDECA_WQX-13727,1301ROA0183B_DH,,,,,41.4388840000,-73.8083780000,,,,,,STORET-1060250066,,None,Perfluorononanoic acid,Total,0.581,ng/L,CON,Accepted,,Actual,,,,,,,,,,,,,,,,,,,,1633,USEPA,"Analysis of Per- and Polyfluoroalkyl Substances (PFAS) in Aqueous, Solid, Biosolids, and Tissue Samples by LC-MS/MS",,,PACEBTR,2022-10-27,,https://www.waterqualitydata.us/data/providers/STORET/organizations/21NYDECA_WQX/activities/21NYDECA_WQX-1301ROA0183B_DH_20220913T084500%3ACEC-00268/results/1060250066/resdetectqntlmts,Lower Quantitation Limit,0.916,ng/L,,2025-04-18T14:28:33,STORET
21NYDECA_WQX,New York State Dec Division Of Water,21NYDECA_WQX-08-TANE-0.7_20220914T1415:CEC-00238,Sample-Routine,Water,,2022-09-14,14:15:00,EDT,,,,,0,m,,,,,,RIBS Screening,Rotating Integrated Basin Studies (RIBS) Screening,NYSDEC,21NYDECA_WQX-2387,08-TANE-0.7,,,,,43.6770500000,-75.3429100000,,,,,,STORET-1060248900,Not Detected,None,Perfluorononanoic acid,Total,,,U,Accepted,,,,,,,,,,,,,,,,,,,,,,1633,USEPA,"Analysis of Per- and Polyfluoroalkyl Substances (PFAS) in Aqueous, Solid, Biosolids, and Tissue Samples by LC-MS/MS",,,PACEBTR,2022-11-09,,https://www.waterqualitydata.us/data/providers/STORET/organizations/21NYDECA_WQX/activities/21NYDECA_WQX-08-TANE-0.7_20220914T1415%3ACEC-00238/results/1060248900/resdetectqntlmts,Lower Quantitation Limit,0.916,ng/L,,2025-04-18T14:28:28,STORET
21NYDECA_WQX,New York State Dec Division Of Water,21NYDECA_WQX-0801MOS0746_DH_20220927T093100:CEC-00222,Sample-Routine,Water,,2022-09-27,09:31:00,EDT,,,,,0,m,,,,,,Lake Probability 21-25,Lake Probability Sampling 2021-2025,NYSDEC,21NYDECA_WQX-11788,0801MOS0746_DH,,,,,43.7855227800,-74.8464205200,,,,,,STORET-1060248298,,None,Perfluorononanoic acid,Total,0.243,ng/L,CON,Accepted,,Actual,,,,,,,,,,,,,,,,,,,,1633,USEPA,"Analysis of Per- and Polyfluoroalkyl Substances (PFAS) in Aqueous, Solid, Biosolids, and Tissue Samples by LC-MS/MS",,,PACEBTR,2022-11-03,,https://www.waterqualitydata.us/data/providers/STORET/organizations/21NYDECA_WQX/activities/21NYDECA_WQX-0801MOS0746_DH_20220927T093100%3ACEC-00222/results/1060248298/resdetectqntlmts,Lower Quantitation Limit,0.919,ng/L,,2025-04-18T14:28:25,STORET
21NYDECA_WQX,New York State Dec Division Of Water,21NYDECA_WQX-13-KIND-0.2_20220721T0900:CEC-00251,Sample-Routine,Water,,2022-07-21,09:00:00,EDT,,,,,0,m,,,,,,RIBS Screening,Rotating Integrated Basin Studies (RIBS) Screening,NYSDEC,21NYDECA_WQX-3621,13-KIND-0.2,,,,,42.3197200000,-73.7461100000,,,,,,STORET-1060249410,,None,Perfluorononanoic acid,Total,0.497,ng/L,CON,Accepted,,Actual,,,,,,,,,,,,,,,,,,,,1633,USEPA,"Analysis of Per- and Polyfluoroalkyl Substances (PFAS) in Aqueous, Solid, Biosolids, and Tissue Samples by LC-MS/MS",,,PACEBTR,2022-09-15,,https://www.waterqualitydata.us/data/providers/STORET/organizations/21NYDECA_WQX/activities/21NYDECA_WQX-13-KIND-0.2_20220721T0900%3ACEC-00251/results/1060249410/resdetectqntlmts,Lower Quantitation Limit,0.906,ng/L,,2025-04-18T14:28:30,STORET
21NYDECA_WQX,New York State Dec Division Of Water,21NYDECA_WQX-05-TUSC-9.3_20220901T1200:CEC-00220,Sample-Routine,Water,,2022-09-01,12:00:00,EDT,,,,,0,m,,,,,,RIBS Screening,Rotating Integrated Basin Studies (RIBS) Screening,NYSDEC,21NYDECA_WQX-1249,05-TUSC-9.3,,,,,42.0801580000,-77.3647340000,,,,,,STORET-1060248200,,None,Perfluorononanoic acid,Total,0.151,ng/L,CON,Accepted,,Actual,,,,,,,,,,,,,,,,,,,,1633,USEPA,"Analysis of Per- and Polyfluoroalkyl Substances (PFAS) in Aqueous, Solid, Biosolids, and Tissue Samples by LC-MS/MS",,,PACEBTR,2022-09-28,,https://www.waterqualitydata.us/data/providers/STORET/organizations/21NYDECA_WQX/activities/21NYDECA_WQX-05-TUSC-9.3_20220901T1200%3ACEC-00220/results/1060248200/resdetectqntlmts,Lower Quantitation Limit,0.888,ng/L,,2025-04-18T14:28:24,STORET
21NYDECA_WQX,New York State Dec Division Of Water,21NYDECA_WQX-1308TWN0871_DH_20220803T095000:CEC-00264,Sample-Routine,Water,,2022-08-03,09:50:00,EDT,,,,,0,m,,,,,,Lake Probability 21-25,Lake Probability Sampling 2021-2025,NYSDEC,21NYDECA_WQX-22815,1308TWN0871_DH,,,,,42.0620013000,-73.7943795400,,,,,,STORET-1060249908,,None,Perfluorononanoic acid,Total,0.319,ng/L,CON,Accepted,,Actual,,,,,,,,,,,,,,,,,,,,1633,USEPA,"Analysis of Per- and Polyfluoroalkyl Substances (PFAS) in Aqueous, Solid, Biosolids, and Tissue Samples by LC-MS/MS",,,PACEBTR,2022-09-07,,https://www.waterqualitydata.us/data/providers/STORET/organizations/21NYDECA_WQX/activities/21NYDECA_WQX-1308TWN0871_DH_20220803T095000%3ACEC-00264/results/1060249908/resdetectqntlmts,Lower Quantitation Limit,0.912,ng/L,,2025-04-18T14:28:33,STORET
21NYDECA_WQX,New York State Dec Division Of Water,21NYDECA_WQX-13-MUSC-8.4_20220720T0900:CEC-00253,Sample-Routine,Water,,2022-07-20,09:00:00,EDT,,,,,0,m,,,,,,RIBS Screening,Rotating Integrated Basin Studies (RIBS) Screening,NYSDEC,21NYDECA_WQX-3998,13-MUSC-8.4,,,,,41.3330600000,-73.7647200000,,,,,,STORET-1060249474,,None,Perfluorononanoic acid,Total,1.07,ng/L,CON,Accepted,,Actual,,,,,,,,,,,,,,,,,,,,1633,USEPA,"Analysis of Per- and Polyfluoroalkyl Substances (PFAS) in Aqueous, Solid, Biosolids, and Tissue Samples by LC-MS/MS",,,PACEBTR,2022-09-15,,https://www.waterqualitydata.us/data/providers/STORET/organizations/21NYDECA_WQX/activities/21NYDECA_WQX-13-MUSC-8.4_20220720T0900%3ACEC-00253/results/1060249474/resdetectqntlmts,Lower Quantitation Limit,0.882,ng/L,,2025-04-18T14:28:31,STORET
21NYDECA_WQX,New York State Dec Division Of Water,21NYDECA_WQX-05-MDCR-10.0_20220831T0900:CEC-00214,Sample-Routine,Water,,2022-08-31,09:00:00,EDT,,,,,0,m,,,,,,RIBS Screening,Rotating Integrated Basin Studies (RIBS) Screening,NYSDEC,21NYDECA_WQX-1170,05-MDCR-10.0,,,,,42.3555130000,-77.1360420000,,,,,,STORET-1060247988,Not Detected,None,Perfluorononanoic acid,Total,,,U,Accepted,,,,,,,,,,,,,,,,,,,,,,1633,USEPA,"Analysis of Per- and Polyfluoroalkyl Substances (PFAS) in Aqueous, Solid, Biosolids, and Tissue Samples by LC-MS/MS",,,PACEBTR,2022-09-28,,https://www.waterqualitydata.us/data/providers/STORET/organizations/21NYDECA_WQX/activities/21NYDECA_WQX-05-MDCR-10.0_20220831T0900%3ACEC-00214/results/1060247988/resdetectqntlmts,Lower Quantitation Limit,0.933,ng/L,,2025-04-18T14:28:23,STORET
21NYDECA_WQX,New York State Dec Division Of Water,21NYDECA_WQX-13-WAPP_E-3.2_20220721T0830:CEC-00257,Sample-Routine,Water,,2022-07-21,08:30:00,EDT,,,,,0,m,,,,,,RIBS Screening,Rotating Integrated Basin Studies (RIBS) Screening,NYSDEC,21NYDECA_WQX-4117,13-WAPP_E-3.2,,,,,41.7832640000,-73.7442830000,,,,,,STORET-1060249618,,None,Perfluorononanoic acid,Total,0.371,ng/L,CON,Accepted,,Actual,,,,,,,,,,,,,,,,,,,,1633,USEPA,"Analysis of Per- and Polyfluoroalkyl Substances (PFAS) in Aqueous, Solid, Biosolids, and Tissue Samples by LC-MS/MS",,,PACEBTR,2022-08-31,,https://www.waterqualitydata.us/data/providers/STORET/organizations/21NYDECA_WQX/activities/21NYDECA_WQX-13-WAPP_E-3.2_20220721T0830%3ACEC-00257/results/1060249618/resdetectqntlmts,Lower Quantitation Limit,0.894,ng/L,,2025-04-18T14:28:31,STORET
21NYDECA_WQX,New York State Dec Division Of Water,21NYDECA_WQX-08-SWIS-2.6_20220913T1030:CEC-00237,Sample-Routine,Water,,2022-09-13,10:30:00,EDT,,,,,0,m,,,,,,RIBS Screening,Rotating Integrated Basin Studies (RIBS) Screening,NYSDEC,21NYDECA_WQX-2384,08-SWIS-2.6,,,,,43.9371940000,-75.5073800000,,,,,,STORET-1060248852,,None,Perfluorononanoic acid,Total,0.78,ng/L,CON,Accepted,,Actual,,,,,,,,,,,,,,,,,,,,1633,USEPA,"Analysis of Per- and Polyfluoroalkyl Substances (PFAS) in Aqueous, Solid, Biosolids, and Tissue Samples by LC-MS/MS",,,PACEBTR,2022-10-27,,https://www.waterqualitydata.us/data/providers/STORET/organizations/21NYDECA_WQX/activities/21NYDECA_WQX-08-SWIS-2.6_20220913T1030%3ACEC-00237/results/1060248852/resdetectqntlmts,Lower Quantitation Limit,0.919,ng/L,,2025-04-18T14:28:27,STORET
21NYDECA_WQX,New York State Dec Division Of Water,21NYDECA_WQX-05-DIVN_T1-0.4_20220831T1545:CEC-00213,Sample-Routine,Water,,2022-08-31,15:45:00,EDT,,,,,0,m,,,,,,RIBS Screening,Rotating Integrated Basin Studies (RIBS) Screening,NYSDEC,21NYDECA_WQX-1059,05-DIVN_T1-0.4,,,,,42.1226160000,-76.8111080000,,,,,,STORET-1060247927,Not Detected,None,Perfluorononanoic acid,Total,,,U,Accepted,,,,,,,,,,,,,,,,,,,,,,1633,USEPA,"Analysis of Per- and Polyfluoroalkyl Substances (PFAS) in Aqueous, Solid, Biosolids, and Tissue Samples by LC-MS/MS",,,PACEBTR,2022-10-18,,https://www.waterqualitydata.us/data/providers/STORET/organizations/21NYDECA_WQX/activities/21NYDECA_WQX-05-DIVN_T1-0.4_20220831T1545%3ACEC-00213/results/1060247927/resdetectqntlmts,Lower Quantitation Limit,0.906,ng/L,,2025-04-18T14:28:23,STORET
21NYDECA_WQX,New York State Dec Division Of Water,21NYDECA_WQX-13-JACK-5.8_20220720T1200:CEC-00249,Sample-Routine,Water,,2022-07-20,12:00:00,EDT,,,,,0,m,,,,,,RIBS Screening,Rotating Integrated Basin Studies (RIBS) Screening,NYSDEC,21NYDECA_WQX-3616,13-JACK-5.8,,,,,41.6629080000,-73.7363860000,,,,,,STORET-1060249326,Not Detected,None,Perfluorononanoic acid,Total,,,U,Accepted,,,,,,,,,,,,,,,,,,,,,,1633,USEPA,"Analysis of Per- and Polyfluoroalkyl Substances (PFAS) in Aqueous, Solid, Biosolids, and Tissue Samples by LC-MS/MS",,,PACEBTR,2022-09-16,,https://www.waterqualitydata.us/data/providers/STORET/organizations/21NYDECA_WQX/activities/21NYDECA_WQX-13-JACK-5.8_20220720T1200%3ACEC-00249/results/1060249326/resdetectqntlmts,Lower Quantitation Limit,0.877,ng/L,,2025-04-18T14:28:30,STORET
21NYDECA_WQX,New York State Dec Division Of Water,21NYDECA_WQX-13-COXS-0.5_20220720T1230:CEC-00247,Sample-Routine,Water,,2022-07-20,12:30:00,EDT,,,,,0,m,,,,,,RIBS Screening,Rotating Integrated Basin Studies (RIBS) Screening,NYSDEC,21NYDECA_WQX-3818,13-COXS-0.5,,,,,42.3905000000,-73.8013900000,,,,,,STORET-1060249236,,None,Perfluorononanoic acid,Total,0.433,ng/L,CON,Accepted,,Actual,,,,,,,,,,,,,,,,,,,,1633,USEPA,"Analysis of Per- and Polyfluoroalkyl Substances (PFAS) in Aqueous, Solid, Biosolids, and Tissue Samples by LC-MS/MS",,,PACEBTR,2022-09-15,,https://www.waterqualitydata.us/data/providers/STORET/organizations/21NYDECA_WQX/activities/21NYDECA_WQX-13-COXS-0.5_20220720T1230%3ACEC-00247/results/1060249236/resdetectqntlmts,Lower Quantitation Limit,0.898,ng/L,,2025-04-18T14:28:29,STORET
21NYDECA_WQX,New York State Dec Division Of Water,21NYDECA_WQX-1304PRI0351H_DH_20220801T141000:CEC-00261,Sample-Routine,Water,,2022-08-01,14:10:00,EDT,,,,,0,m,,,,,,Lake Probability 21-25,Lake Probability Sampling 2021-2025,NYSDEC,21NYDECA_WQX-20714,1304PRI0351H_DH,,,,,41.6108603000,-73.6629061900,,,,,,STORET-1060249792,,None,Perfluorononanoic acid,Total,0.208,ng/L,CON,Accepted,,Actual,,,,,,,,,,,,,,,,,,,,1633,USEPA,"Analysis of Per- and Polyfluoroalkyl Substances (PFAS) in Aqueous, Solid, Biosolids, and Tissue Samples by LC-MS/MS",,,PACEBTR,2022-09-01,,https://www.waterqualitydata.us/data/providers/STORET/organizations/21NYDECA_WQX/activities/21NYDECA_WQX-1304PRI0351H_DH_20220801T141000%3ACEC-00261/results/1060249792/resdetectqntlmts,Lower Quantitation Limit,0.956,ng/L,,2025-04-18T14:28:32,STORET
21NYDECA_WQX,New York State Dec Division Of Water,21NYDECA_WQX-1305RYD0401_DH_20220802T090900:CEC-00262,Sample-Routine,Water,,2022-08-02,09:09:00,EDT,,,,,0,m,,,,,,Lake Probability 21-25,Lake Probability Sampling 2021-2025,NYSDEC,21NYDECA_WQX-21448,1305RYD0401_DH,,,,,41.8661765500,-73.6435258700,,,,,,STORET-1060249839,,None,Perfluorononanoic acid,Total,0.367,ng/L,CON,Accepted,,Actual,,,,,,,,,,,,,,,,,,,,1633,USEPA,"Analysis of Per- and Polyfluoroalkyl Substances (PFAS) in Aqueous, Solid, Biosolids, and Tissue Samples by LC-MS/MS",,,PACEBTR,2022-09-07,,https://www.waterqualitydata.us/data/providers/STORET/organizations/21NYDECA_WQX/activities/21NYDECA_WQX-1305RYD0401_DH_20220802T090900%3ACEC-00262/results/1060249839/resdetectqntlmts,Lower Quantitation Limit,0.909,ng/L,,2025-04-18T14:28:32,STORET
21NYDECA_WQX,New York State Dec Division Of Water,21NYDECA_WQX-05-COHO-37.2_20220831T1200:CEC-00211,Sample-Routine,Water,,2022-08-31,12:00:00,EDT,,,,,0,m,,,,,,RIBS Screening,Rotating Integrated Basin Studies (RIBS) Screening,NYSDEC,21NYDECA_WQX-1308,05-COHO-37.2,,,,,42.4952600000,-77.5032100000,,,,,,STORET-1060247884,,None,Perfluorononanoic acid,Total,0.3,ng/L,CON,Accepted,,Actual,,,,,,,,,,,,,,,,,,,,1633,USEPA,"Analysis of Per- and Polyfluoroalkyl Substances (PFAS) in Aqueous, Solid, Biosolids, and Tissue Samples by LC-MS/MS",,,PACEBTR,2022-10-18,,https://www.waterqualitydata.us/data/providers/STORET/organizations/21NYDECA_WQX/activities/21NYDECA_WQX-05-COHO-37.2_20220831T1200%3ACEC-00211/results/1060247884/resdetectqntlmts,Lower Quantitation Limit,0.923,ng/L,,2025-04-18T14:28:23,STORET
21NYDECA_WQX,New York State Dec Division Of Water,21NYDECA_WQX-1301UWB0391B_DH_20220829T084900:CEC-00242,Sample-Routine,Water,,2022-08-29,08:49:00,EDT,,,,,0,m,,,,,,Lake Probability 21-25,Lake Probability Sampling 2021-2025,NYSDEC,21NYDECA_WQX-15786,1301UWB0391B_DH,,,,,42.6342070300,-73.5611106500,,,,,,STORET-1060249032,,None,Perfluorononanoic acid,Total,1.15,ng/L,CON,Accepted,,Actual,,,,,,,,,,,,,,,,,,,,1633,USEPA,"Analysis of Per- and Polyfluoroalkyl Substances (PFAS) in Aqueous, Solid, Biosolids, and Tissue Samples by LC-MS/MS",,,PACEBTR,2022-09-16,,https://www.waterqualitydata.us/data/providers/STORET/organizations/21NYDECA_WQX/activities/21NYDECA_WQX-1301UWB0391B_DH_20220829T084900%3ACEC-00242/results/1060249032/resdetectqntlmts,Lower Quantitation Limit,0.911,ng/L,,2025-04-18T14:28:28,STORET
21NYDECA_WQX,New York State Dec Division Of Water,21NYDECA_WQX-05-MEAD-10.9_20220830T1345:CEC-00215,Sample-Routine,Water,,2022-08-30,13:45:00,EDT,,,,,0,m,,,,,,RIBS Screening,Rotating Integrated Basin Studies (RIBS) Screening,NYSDEC,21NYDECA_WQX-1172,05-MEAD-10.9,,,,,42.2911840000,-77.0652570000,,,,,,STORET-1060248012,Not Detected,None,Perfluorononanoic acid,Total,,,U,Accepted,,,,,,,,,,,,,,,,,,,,,,1633,USEPA,"Analysis of Per- and Polyfluoroalkyl Substances (PFAS) in Aqueous, Solid, Biosolids, and Tissue Samples by LC-MS/MS",,,PACEBTR,2022-09-28,,https://www.waterqualitydata.us/data/providers/STORET/organizations/21NYDECA_WQX/activities/21NYDECA_WQX-05-MEAD-10.9_20220830T1345%3ACEC-00215/results/1060248012/resdetectqntlmts,Lower Quantitation Limit,0.894,ng/L,,2025-04-18T14:28:23,STORET
21NYDECA_WQX,New York State Dec Division Of Water,21NYDECA_WQX-13-WYNT-12.0_20220720T0800:CEC-00259,Sample-Routine,Water,,2022-07-20,08:00:00,EDT,,,,,0,m,,,,,,RIBS Screening,Rotating Integrated Basin Studies (RIBS) Screening,NYSDEC,21NYDECA_WQX-8916,13-WYNT-12.0,,,,,42.6236120000,-73.5712420000,,,,,,STORET-1060249726,,None,Perfluorononanoic acid,Total,0.489,ng/L,CON,Accepted,,Actual,,,,,,,,,,,,,,,,,,,,1633,USEPA,"Analysis of Per- and Polyfluoroalkyl Substances (PFAS) in Aqueous, Solid, Biosolids, and Tissue Samples by LC-MS/MS",,,PACEBTR,2022-09-15,,https://www.waterqualitydata.us/data/providers/STORET/organizations/21NYDECA_WQX/activities/21NYDECA_WQX-13-WYNT-12.0_20220720T0800%3ACEC-00259/results/1060249726/resdetectqntlmts,Lower Quantitation Limit,1,ng/L,,2025-04-18T14:28:32,STORET
21NYDECA_WQX,New York State Dec Division Of Water,21NYDECA_WQX-13-MONH-4.9_20220720T1430:CEC-00252,Sample-Routine,Water,,2022-07-20,14:30:00,EDT,,,,,0,m,,,,,,RIBS Screening,Rotating Integrated Basin Studies (RIBS) Screening,NYSDEC,21NYDECA_WQX-3974,13-MONH-4.9,,,,,41.4388130000,-74.4183550000,,,,,,STORET-1060249425,,None,Perfluorononanoic acid,Total,1.16,ng/L,CON,Accepted,,Actual,,,,,,,,,,,,,,,,,,,,1633,USEPA,"Analysis of Per- and Polyfluoroalkyl Substances (PFAS) in Aqueous, Solid, Biosolids, and Tissue Samples by LC-MS/MS",,,PACEBTR,2022-09-16,,https://www.waterqualitydata.us/data/providers/STORET/organizations/21NYDECA_WQX/activities/21NYDECA_WQX-13-MONH-4.9_20220720T1430%3ACEC-00252/results/1060249425/resdetectqntlmts,Lower Quantitation Limit,0.887,ng/L,,2025-04-18T14:28:30,STORET
21NYDECA_WQX,New York State Dec Division Of Water,21NYDECA_WQX-08-NMOO-0.7_20220914T1430:CEC-00236,Sample-Routine,Water,,2022-09-14,14:30:00,EDT,,,,,0,m,,,,,,RIBS Screening,Rotating Integrated Basin Studies (RIBS) Screening,NYSDEC,21NYDECA_WQX-1990,08-NMOO-0.7,,,,,43.8083200000,-74.8513710000,,,,,,STORET-1060248811,,None,Perfluorononanoic acid,Total,0.278,ng/L,CON,Accepted,,Actual,,,,,,,,,,,,,,,,,,,,1633,USEPA,"Analysis of Per- and Polyfluoroalkyl Substances (PFAS) in Aqueous, Solid, Biosolids, and Tissue Samples by LC-MS/MS",,,PACEBTR,2022-11-09,,https://www.waterqualitydata.us/data/providers/STORET/organizations/21NYDECA_WQX/activities/21NYDECA_WQX-08-NMOO-0.7_20220914T1430%3ACEC-00236/results/1060248811/resdetectqntlmts,Lower Quantitation Limit,0.873,ng/L,,2025-04-18T14:28:27,STORET
21NYDECA_WQX,New York State Dec Division Of Water,21NYDECA_WQX-08-TWIN-1.0_20220915T1100:CEC-00239,Sample-Routine,Water,,2022-09-15,11:00:00,EDT,,,,,0,m,,,,,,RIBS Screening,Rotating Integrated Basin Studies (RIBS) Screening,NYSDEC,21NYDECA_WQX-2390,08-TWIN-1.0,,,,,43.4507000000,-75.0147450000,,,,,,STORET-1060248920,,None,Perfluorononanoic acid,Total,0.284,ng/L,CON,Accepted,,Actual,,,,,,,,,,,,,,,,,,,,1633,USEPA,"Analysis of Per- and Polyfluoroalkyl Substances (PFAS) in Aqueous, Solid, Biosolids, and Tissue Samples by LC-MS/MS",,,PACEBTR,2022-11-09,,https://www.waterqualitydata.us/data/providers/STORET/organizations/21NYDECA_WQX/activities/21NYDECA_WQX-08-TWIN-1.0_20220915T1100%3ACEC-00239/results/1060248920/resdetectqntlmts,Lower Quantitation Limit,0.921,ng/L,,2025-04-18T14:28:28,STORET
21NYDECA_WQX,New York State Dec Division Of Water,21NYDECA_WQX-1601UWB6647_DH_20220829T131700:CEC-00260,Sample-Routine,Water,,2022-08-29,13:17:00,EDT,,,,,0,m,,,,,,Lake Probability 21-25,Lake Probability Sampling 2021-2025,NYSDEC,21NYDECA_WQX-18683,1601UWB6647_DH,,,,,42.3652001200,-73.4519582600,,,,,,STORET-1060249770,Not Detected,None,Perfluorononanoic acid,Total,,,U,Accepted,,,,,,,,,,,,,,,,,,,,,,1633,USEPA,"Analysis of Per- and Polyfluoroalkyl Substances (PFAS) in Aqueous, Solid, Biosolids, and Tissue Samples by LC-MS/MS",,,PACEBTR,2022-09-16,,https://www.waterqualitydata.us/data/providers/STORET/organizations/21NYDECA_WQX/activities/21NYDECA_WQX-1601UWB6647_DH_20220829T131700%3ACEC-00260/results/1060249770/resdetectqntlmts,Lower Quantitation Limit,0.899,ng/L,,2025-04-18T14:28:32,STORET
21NYDECA_WQX,New York State Dec Division Of Water,21NYDECA_WQX-08-LWDH-2.7_20220915T1300:CEC-00232,Sample-Routine,Water,,2022-09-15,13:00:00,EDT,,,,,0,m,,,,,,RIBS Screening,Rotating Integrated Basin Studies (RIBS) Screening,NYSDEC,21NYDECA_WQX-1958,08-LWDH-2.7,,,,,43.4552800000,-75.1527800000,,,,,,STORET-1060248662,,None,Perfluorononanoic acid,Total,0.267,ng/L,CON,Accepted,,Actual,,,,,,,,,,,,,,,,,,,,1633,USEPA,"Analysis of Per- and Polyfluoroalkyl Substances (PFAS) in Aqueous, Solid, Biosolids, and Tissue Samples by LC-MS/MS",,,PACEBTR,2022-11-09,,https://www.waterqualitydata.us/data/providers/STORET/organizations/21NYDECA_WQX/activities/21NYDECA_WQX-08-LWDH-2.7_20220915T1300%3ACEC-00232/results/1060248662/resdetectqntlmts,Lower Quantitation Limit,0.903,ng/L,,2025-04-18T14:28:27,STORET
21NYDECA_WQX,New York State Dec Division Of Water,21NYDECA_WQX-1301BRO0193A_DH_20220913T143000:CEC-00271,Sample-Routine,Water,,2022-09-13,14:30:00,EDT,,,,,0,m,,,,,,Lake Probability 21-25,Lake Probability Sampling 2021-2025,NYSDEC,21NYDECA_WQX-15148,1301BRO0193A_DH,,,,,41.3310602300,-73.9936069000,,,,,,STORET-1060250188,,None,Perfluorononanoic acid,Total,0.369,ng/L,CON,Accepted,,Actual,,,,,,,,,,,,,,,,,,,,1633,USEPA,"Analysis of Per- and Polyfluoroalkyl Substances (PFAS) in Aqueous, Solid, Biosolids, and Tissue Samples by LC-MS/MS",,,PACEBTR,2022-10-27,,https://www.waterqualitydata.us/data/providers/STORET/organizations/21NYDECA_WQX/activities/21NYDECA_WQX-1301BRO0193A_DH_20220913T143000%3ACEC-00271/results/1060250188/resdetectqntlmts,Lower Quantitation Limit,0.988,ng/L,,2025-04-18T14:28:34,STORET
21NYDECA_WQX,New York State Dec Division Of Water,21NYDECA_WQX-1501LUC0982B_DH_20220914T073000:CEC-00273,Sample-Routine,Water,,2022-09-14,07:30:00,EDT,,,,,0,m,,,,,,Lake Probability 21-25,Lake Probability Sampling 2021-2025,NYSDEC,21NYDECA_WQX-19686,1501LUC0982B_DH,,,,,41.1842612700,-73.9951748000,,,,,,STORET-1060250277,,None,Perfluorononanoic acid,Total,0.817,ng/L,CON,Accepted,,Actual,,,,,,,,,,,,,,,,,,,,1633,USEPA,"Analysis of Per- and Polyfluoroalkyl Substances (PFAS) in Aqueous, Solid, Biosolids, and Tissue Samples by LC-MS/MS",,,PACEBTR,2022-11-09,,https://www.waterqualitydata.us/data/providers/STORET/organizations/21NYDECA_WQX/activities/21NYDECA_WQX-1501LUC0982B_DH_20220914T073000%3ACEC-00273/results/1060250277/resdetectqntlmts,Lower Quantitation Limit,0.921,ng/L,,2025-04-18T14:28:35,STORET
21NYDECA_WQX,New York State Dec Division Of Water,21NYDECA_WQX-13-ROND_T18-0.2_20220720T1000:CEC-00254,Sample-Routine,Water,,2022-07-20,10:00:00,EDT,,,,,0,m,,,,,,RIBS Screening,Rotating Integrated Basin Studies (RIBS) Screening,NYSDEC,21NYDECA_WQX-4261,13-ROND_T18-0.2,,,,,41.7962120000,-74.2108300000,,,,,,STORET-1060249515,Not Detected,None,Perfluorononanoic acid,Total,,,U,Accepted,,,,,,,,,,,,,,,,,,,,,,1633,USEPA,"Analysis of Per- and Polyfluoroalkyl Substances (PFAS) in Aqueous, Solid, Biosolids, and Tissue Samples by LC-MS/MS",,,PACEBTR,2022-09-16,,https://www.waterqualitydata.us/data/providers/STORET/organizations/21NYDECA_WQX/activities/21NYDECA_WQX-13-ROND_T18-0.2_20220720T1000%3ACEC-00254/results/1060249515/resdetectqntlmts,Lower Quantitation Limit,0.938,ng/L,,2025-04-18T14:28:31,STORET
21NYDECA_WQX,New York State Dec Division Of Water,21NYDECA_WQX-1306UWB5602_DH_20220912T140000:CEC-00277,Sample-Routine,Water,,2022-09-12,14:00:00,EDT,,,,,0,m,,,,,,Lake Probability 21-25,Lake Probability Sampling 2021-2025,NYSDEC,21NYDECA_WQX-21177,1306UWB5602_DH,,,,,41.4031201200,-74.3513596700,,,,,,STORET-1060250407,,None,Perfluorononanoic acid,Total,1.09,ng/L,CON,Accepted,,Actual,,,,,,,,,,,,,,,,,,,,1633,USEPA,"Analysis of Per- and Polyfluoroalkyl Substances (PFAS) in Aqueous, Solid, Biosolids, and Tissue Samples by LC-MS/MS",,,PACEBTR,2022-10-27,,https://www.waterqualitydata.us/data/providers/STORET/organizations/21NYDECA_WQX/activities/21NYDECA_WQX-1306UWB5602_DH_20220912T140000%3ACEC-00277/results/1060250407/resdetectqntlmts,Lower Quantitation Limit,0.994,ng/L,,2025-04-18T14:28:35,STORET
21NYDECA_WQX,New York State Dec Division Of Water,21NYDECA_WQX-08-DEER-2.0_20220913T1130:CEC-00228,Sample-Routine,Water,,2022-09-13,11:30:00,EDT,,,,,0,m,,,,,,RIBS Screening,Rotating Integrated Basin Studies (RIBS) Screening,NYSDEC,21NYDECA_WQX-1920,08-DEER-2.0,,,,,43.9302800000,-75.5911100000,,,,,,STORET-1060248508,,None,Perfluorononanoic acid,Total,0.419,ng/L,CON,Accepted,,Actual,,,,,,,,,,,,,,,,,,,,1633,USEPA,"Analysis of Per- and Polyfluoroalkyl Substances (PFAS) in Aqueous, Solid, Biosolids, and Tissue Samples by LC-MS/MS",,,PACEBTR,2022-10-27,,https://www.waterqualitydata.us/data/providers/STORET/organizations/21NYDECA_WQX/activities/21NYDECA_WQX-08-DEER-2.0_20220913T1130%3ACEC-00228/results/1060248508/resdetectqntlmts,Lower Quantitation Limit,0.896,ng/L,,2025-04-18T14:28:26,STORET
21NYDECA_WQX,New York State Dec Division Of Water,21NYDECA_WQX-1302CAR0062A_DH_20220912T140000:CEC-00267,Sample-Routine,Water,,2022-09-12,14:00:00,EDT,,,,,0,m,,,,,,Lake Probability 21-25,Lake Probability Sampling 2021-2025,NYSDEC,21NYDECA_WQX-15688,1302CAR0062A_DH,,,,,41.4655900000,-73.6639700000,,,,,,STORET-1060250026,,None,Perfluorononanoic acid,Total,0.784,ng/L,CON,Accepted,,Actual,,,,,,,,,,,,,,,,,,,,1633,USEPA,"Analysis of Per- and Polyfluoroalkyl Substances (PFAS) in Aqueous, Solid, Biosolids, and Tissue Samples by LC-MS/MS",,,PACEBTR,2022-10-27,,https://www.waterqualitydata.us/data/providers/STORET/organizations/21NYDECA_WQX/activities/21NYDECA_WQX-1302CAR0062A_DH_20220912T140000%3ACEC-00267/results/1060250026/resdetectqntlmts,Lower Quantitation Limit,0.914,ng/L,,2025-04-18T14:28:33,STORET
21NYDECA_WQX,New York State Dec Division Of Water,21NYDECA_WQX-13-TIOR-0.1_20220720T1000:CEC-00255,Sample-Routine,Water,,2022-07-20,10:00:00,EDT,,,,,0,m,,,,,,RIBS Screening,Rotating Integrated Basin Studies (RIBS) Screening,NYSDEC,21NYDECA_WQX-4345,13-TIOR-0.1,,,,,41.2421930000,-74.0256260000,,,,,,STORET-1060249569,,None,Perfluorononanoic acid,Total,0.257,ng/L,CON,Accepted,,Actual,,,,,,,,,,,,,,,,,,,,1633,USEPA,"Analysis of Per- and Polyfluoroalkyl Substances (PFAS) in Aqueous, Solid, Biosolids, and Tissue Samples by LC-MS/MS",,,PACEBTR,2022-09-16,,https://www.waterqualitydata.us/data/providers/STORET/organizations/21NYDECA_WQX/activities/21NYDECA_WQX-13-TIOR-0.1_20220720T1000%3ACEC-00255/results/1060249569/resdetectqntlmts,Lower Quantitation Limit,0.906,ng/L,,2025-04-18T14:28:31,STORET
21NYDECA_WQX,New York State Dec Division Of Water,21NYDECA_WQX-08-MOOC-0.4_20220915T0930:CEC-00234,Sample-Routine,Water,,2022-09-15,09:30:00,EDT,,,,,0,m,,,,,,RIBS Screening,Rotating Integrated Basin Studies (RIBS) Screening,NYSDEC,21NYDECA_WQX-1975,08-MOOC-0.4,,,,,43.5219400000,-75.3452700000,,,,,,STORET-1060248725,,None,Perfluorononanoic acid,Total,0.26,ng/L,CON,Accepted,,Actual,,,,,,,,,,,,,,,,,,,,1633,USEPA,"Analysis of Per- and Polyfluoroalkyl Substances (PFAS) in Aqueous, Solid, Biosolids, and Tissue Samples by LC-MS/MS",,,PACEBTR,2022-11-10,,https://www.waterqualitydata.us/data/providers/STORET/organizations/21NYDECA_WQX/activities/21NYDECA_WQX-08-MOOC-0.4_20220915T0930%3ACEC-00234/results/1060248725/resdetectqntlmts,Lower Quantitation Limit,0.98,ng/L,,2025-04-18T14:28:27,STORET
21NYDECA_WQX,New York State Dec Division Of Water,21NYDECA_WQX-05-BAKE-0.3_20220831T1300:CEC-00207,Sample-Routine,Water,,2022-08-31,13:00:00,EDT,,,,,0,m,,,,,,RIBS Screening,Rotating Integrated Basin Studies (RIBS) Screening,NYSDEC,21NYDECA_WQX-874,05-BAKE-0.3,,,,,42.2649390000,-77.5477680000,,,,,,STORET-1060247715,Not Detected,None,Perfluorononanoic acid,Total,,,U,Accepted,,,,,,,,,,,,,,,,,,,,,,1633,USEPA,"Analysis of Per- and Polyfluoroalkyl Substances (PFAS) in Aqueous, Solid, Biosolids, and Tissue Samples by LC-MS/MS",,,PACEBTR,2022-09-28,,https://www.waterqualitydata.us/data/providers/STORET/organizations/21NYDECA_WQX/activities/21NYDECA_WQX-05-BAKE-0.3_20220831T1300%3ACEC-00207/results/1060247715/resdetectqntlmts,Lower Quantitation Limit,0.914,ng/L,,2025-04-18T14:28:22,STORET
21NYDECA_WQX,New York State Dec Division Of Water,21NYDECA_WQX-0801MOS0478_DH_20220926T121200:CEC-00221,Sample-Routine,Water,,2022-09-26,12:12:00,EDT,,,,,0,m,,,,,,Lake Probability 21-25,Lake Probability Sampling 2021-2025,NYSDEC,21NYDECA_WQX-11784,0801MOS0478_DH,,,,,43.8941920000,-75.0605370000,,,,,,STORET-1060248236,,None,Perfluorononanoic acid,Total,0.336,ng/L,CON,Accepted,,Actual,,,,,,,,,,,,,,,,,,,,1633,USEPA,"Analysis of Per- and Polyfluoroalkyl Substances (PFAS) in Aqueous, Solid, Biosolids, and Tissue Samples by LC-MS/MS",,,PACEBTR,2022-11-03,,https://www.waterqualitydata.us/data/providers/STORET/organizations/21NYDECA_WQX/activities/21NYDECA_WQX-0801MOS0478_DH_20220926T121200%3ACEC-00221/results/1060248236/resdetectqntlmts,Lower Quantitation Limit,0.917,ng/L,,2025-04-18T14:28:24,STORET
21NYDECA_WQX,New York State Dec Division Of Water,21NYDECA_WQX-1501KAN1003_DH_20220913T123000:CEC-00274,Sample-Routine,Water,,2022-09-13,12:30:00,EDT,,,,,0,m,,,,,,Lake Probability 21-25,Lake Probability Sampling 2021-2025,NYSDEC,21NYDECA_WQX-19676,1501KAN1003_DH,,,,,41.2249738700,-74.1216828800,,,,,,STORET-1060250310,,None,Perfluorononanoic acid,Total,0.384,ng/L,CON,Accepted,,Actual,,,,,,,,,,,,,,,,,,,,1633,USEPA,"Analysis of Per- and Polyfluoroalkyl Substances (PFAS) in Aqueous, Solid, Biosolids, and Tissue Samples by LC-MS/MS",,,PACEBTR,2022-10-27,,https://www.waterqualitydata.us/data/providers/STORET/organizations/21NYDECA_WQX/activities/21NYDECA_WQX-1501KAN1003_DH_20220913T123000%3ACEC-00274/results/1060250310/resdetectqntlmts,Lower Quantitation Limit,0.874,ng/L,,2025-04-18T14:28:35,STORET
21NYDECA_WQX,New York State Dec Division Of Water,21NYDECA_WQX-08-MLLL_T7-0.8_20220914T0830:CEC-00233,Sample-Routine,Water,,2022-09-14,08:30:00,EDT,,,,,0,m,,,,,,RIBS Screening,Rotating Integrated Basin Studies (RIBS) Screening,NYSDEC,21NYDECA_WQX-1974,08-MLLL_T7-0.8,,,,,43.7903000000,-75.5460730000,,,,,,STORET-1060248718,Not Detected,None,Perfluorononanoic acid,Total,,,U,Accepted,,,,,,,,,,,,,,,,,,,,,,1633,USEPA,"Analysis of Per- and Polyfluoroalkyl Substances (PFAS) in Aqueous, Solid, Biosolids, and Tissue Samples by LC-MS/MS",,,PACEBTR,2022-11-09,,https://www.waterqualitydata.us/data/providers/STORET/organizations/21NYDECA_WQX/activities/21NYDECA_WQX-08-MLLL_T7-0.8_20220914T0830%3ACEC-00233/results/1060248718/resdetectqntlmts,Lower Quantitation Limit,0.887,ng/L,,2025-04-18T14:28:27,STORET
21NYDECA_WQX,New York State Dec Division Of Water,21NYDECA_WQX-0801SAN0436_DH_20220926T123000:CEC-00224,Sample-Routine,Water,,2022-09-26,12:30:00,EDT,,,,,0,m,,,,,,Lake Probability 21-25,Lake Probability Sampling 2021-2025,NYSDEC,21NYDECA_WQX-12086,0801SAN0436_DH,,,,,43.9497200000,-75.1620410000,,,,,,STORET-1060248363,,None,Perfluorononanoic acid,Total,0.393,ng/L,CON,Accepted,,Actual,,,,,,,,,,,,,,,,,,,,1633,USEPA,"Analysis of Per- and Polyfluoroalkyl Substances (PFAS) in Aqueous, Solid, Biosolids, and Tissue Samples by LC-MS/MS",,,PACEBTR,2022-11-03,,https://www.waterqualitydata.us/data/providers/STORET/organizations/21NYDECA_WQX/activities/21NYDECA_WQX-0801SAN0436_DH_20220926T123000%3ACEC-00224/results/1060248363/resdetectqntlmts,Lower Quantitation Limit,0.88,ng/L,,2025-04-18T14:28:25,STORET
21NYDECA_WQX,New York State Dec Division Of Water,21NYDECA_WQX-1301DYK0445_DH_20220830T122700:CEC-00240,Sample-Routine,Water,,2022-08-30,12:27:00,EDT,,,,,0,m,,,,,,Lake Probability 21-25,Lake Probability Sampling 2021-2025,NYSDEC,21NYDECA_WQX-15437,1301DYK0445_DH,,,,,42.7203600000,-73.4306400000,,,,,,STORET-1060248974,,None,Perfluorononanoic acid,Total,0.379,ng/L,CON,Accepted,,Actual,,,,,,,,,,,,,,,,,,,,1633,USEPA,"Analysis of Per- and Polyfluoroalkyl Substances (PFAS) in Aqueous, Solid, Biosolids, and Tissue Samples by LC-MS/MS",,,PACEBTR,2022-09-16,,https://www.waterqualitydata.us/data/providers/STORET/organizations/21NYDECA_WQX/activities/21NYDECA_WQX-1301DYK0445_DH_20220830T122700%3ACEC-00240/results/1060248974/resdetectqntlmts,Lower Quantitation Limit,0.901,ng/L,,2025-04-18T14:28:28,STORET
21NYDECA_WQX,New York State Dec Division Of Water,21NYDECA_WQX-05-TIOG-11.7_20220830T1430:CEC-00219,Sample-Routine,Water,,2022-08-30,14:30:00,EDT,,,,,0,m,,,,,,RIBS Screening,Rotating Integrated Basin Studies (RIBS) Screening,NYSDEC,21NYDECA_WQX-1225,05-TIOG-11.7,,,,,42.0195920000,-77.1285630000,,,,,,STORET-1060248159,,None,Perfluorononanoic acid,Total,0.24,ng/L,CON,Accepted,,Actual,,,,,,,,,,,,,,,,,,,,1633,USEPA,"Analysis of Per- and Polyfluoroalkyl Substances (PFAS) in Aqueous, Solid, Biosolids, and Tissue Samples by LC-MS/MS",,,PACEBTR,2022-10-18,,https://www.waterqualitydata.us/data/providers/STORET/organizations/21NYDECA_WQX/activities/21NYDECA_WQX-05-TIOG-11.7_20220830T1430%3ACEC-00219/results/1060248159/resdetectqntlmts,Lower Quantitation Limit,0.891,ng/L,,2025-04-18T14:28:24,STORET
21NYDECA_WQX,New York State Dec Division Of Water,21NYDECA_WQX-13-KAAT-8.4_20220721T1000:CEC-00250,Sample-Routine,Water,,2022-07-21,10:00:00,EDT,,,,,0,m,,,,,,RIBS Screening,Rotating Integrated Basin Studies (RIBS) Screening,NYSDEC,21NYDECA_WQX-3620,13-KAAT-8.4,,,,,42.1805280000,-73.9402470000,,,,,,STORET-1060249372,,None,Perfluorononanoic acid,Total,0.3,ng/L,CON,Accepted,,Actual,,,,,,,,,,,,,,,,,,,,1633,USEPA,"Analysis of Per- and Polyfluoroalkyl Substances (PFAS) in Aqueous, Solid, Biosolids, and Tissue Samples by LC-MS/MS",,,PACEBTR,2022-09-16,,https://www.waterqualitydata.us/data/providers/STORET/organizations/21NYDECA_WQX/activities/21NYDECA_WQX-13-KAAT-8.4_20220721T1000%3ACEC-00250/results/1060249372/resdetectqntlmts,Lower Quantitation Limit,0.949,ng/L,,2025-04-18T14:28:30,STORET
21NYDECA_WQX,New York State Dec Division Of Water,21NYDECA_WQX-05-COHO_T1-0.1_20220831T1030:CEC-00212,Sample-Routine,Water,,2022-08-31,10:30:00,EDT,,,,,0,m,,,,,,RIBS Screening,Rotating Integrated Basin Studies (RIBS) Screening,NYSDEC,21NYDECA_WQX-1050,05-COHO_T1-0.1,,,,,42.5632250000,-77.5100480000,,,,,,STORET-1060247919,Not Detected,None,Perfluorononanoic acid,Total,,,U,Accepted,,,,,,,,,,,,,,,,,,,,,,1633,USEPA,"Analysis of Per- and Polyfluoroalkyl Substances (PFAS) in Aqueous, Solid, Biosolids, and Tissue Samples by LC-MS/MS",,,PACEBTR,2022-10-18,,https://www.waterqualitydata.us/data/providers/STORET/organizations/21NYDECA_WQX/activities/21NYDECA_WQX-05-COHO_T1-0.1_20220831T1030%3ACEC-00212/results/1060247919/resdetectqntlmts,Lower Quantitation Limit,0.893,ng/L,,2025-04-18T14:28:23,STORET
21NYDECA_WQX,New York State Dec Division Of Water,21NYDECA_WQX-0801OTT0926_DH_20220927T132200:CEC-00223,Sample-Routine,Water,,2022-09-27,13:22:00,EDT,,,,,0,m,,,,,,Lake Probability 21-25,Lake Probability Sampling 2021-2025,NYSDEC,21NYDECA_WQX-11931,0801OTT0926_DH,,,,,43.5911293000,-75.1188354500,,,,,,STORET-1060248329,,None,Perfluorononanoic acid,Total,0.4,ng/L,CON,Accepted,,Actual,,,,,,,,,,,,,,,,,,,,1633,USEPA,"Analysis of Per- and Polyfluoroalkyl Substances (PFAS) in Aqueous, Solid, Biosolids, and Tissue Samples by LC-MS/MS",,,PACEBTR,2022-11-03,,https://www.waterqualitydata.us/data/providers/STORET/organizations/21NYDECA_WQX/activities/21NYDECA_WQX-0801OTT0926_DH_20220927T132200%3ACEC-00223/results/1060248329/resdetectqntlmts,Lower Quantitation Limit,0.978,ng/L,,2025-04-18T14:28:25,STORET
21NYDECA_WQX,New York State Dec Division Of Water,21NYDECA_WQX-13-WFKIL-0.4_20220721T1115:CEC-00258,Sample-Routine,Water,,2022-07-21,11:15:00,EDT,,,,,0,m,,,,,,RIBS Screening,Rotating Integrated Basin Studies (RIBS) Screening,NYSDEC,21NYDECA_WQX-4155,13-WFKIL-0.4,,,,,41.7087640000,-73.9338880000,,,,,,STORET-1060249661,,None,Perfluorononanoic acid,Total,1.51,ng/L,CON,Accepted,,Actual,,,,,,,,,,,,,,,,,,,,1633,USEPA,"Analysis of Per- and Polyfluoroalkyl Substances (PFAS) in Aqueous, Solid, Biosolids, and Tissue Samples by LC-MS/MS",,,PACEBTR,2022-09-15,,https://www.waterqualitydata.us/data/providers/STORET/organizations/21NYDECA_WQX/activities/21NYDECA_WQX-13-WFKIL-0.4_20220721T1115%3ACEC-00258/results/1060249661/resdetectqntlmts,Lower Quantitation Limit,0.894,ng/L,,2025-04-18T14:28:31,STORET
21NYDECA_WQX,New York State Dec Division Of Water,21NYDECA_WQX-05-COHO-1.4_20220830T1315:CEC-00209,Sample-Routine,Water,,2022-08-30,17:15:00,EDT,,,,,0,m,,,,,,RIBS Screening,Rotating Integrated Basin Studies (RIBS) Screening,NYSDEC,21NYDECA_WQX-1297,05-COHO-1.4,,,,,42.1675100000,-77.1047700000,,,,,,STORET-1060247805,,None,Perfluorononanoic acid,Total,0.2,ng/L,CON,Accepted,,Actual,,,,,,,,,,,,,,,,,,,,1633,USEPA,"Analysis of Per- and Polyfluoroalkyl Substances (PFAS) in Aqueous, Solid, Biosolids, and Tissue Samples by LC-MS/MS",,,PACEBTR,2022-10-18,,https://www.waterqualitydata.us/data/providers/STORET/organizations/21NYDECA_WQX/activities/21NYDECA_WQX-05-COHO-1.4_20220830T1315%3ACEC-00209/results/1060247805/resdetectqntlmts,Lower Quantitation Limit,0.871,ng/L,,2025-04-18T14:28:22,STORET
21NYDECA_WQX,New York State Dec Division Of Water,21NYDECA_WQX-13-BASC-4.7_20220720T1400:CEC-00245,Sample-Routine,Water,,2022-07-20,14:00:00,EDT,,,,,0,m,,,,,,RIBS Screening,Rotating Integrated Basin Studies (RIBS) Screening,NYSDEC,21NYDECA_WQX-3736,13-BASC-4.7,,,,,42.4127800000,-74.0358400000,,,,,,STORET-1060249152,,None,Perfluorononanoic acid,Total,0.306,ng/L,CON,Accepted,,Actual,,,,,,,,,,,,,,,,,,,,1633,USEPA,"Analysis of Per- and Polyfluoroalkyl Substances (PFAS) in Aqueous, Solid, Biosolids, and Tissue Samples by LC-MS/MS",,,PACEBTR,2022-09-15,,https://www.waterqualitydata.us/data/providers/STORET/organizations/21NYDECA_WQX/activities/21NYDECA_WQX-13-BASC-4.7_20220720T1400%3ACEC-00245/results/1060249152/resdetectqntlmts,Lower Quantitation Limit,1.09,ng/L,,2025-04-18T14:28:29,STORET
21NYDECA_WQX,New York State Dec Division Of Water,21NYDECA_WQX-1301LIT0355_DH_20220831T134800:CEC-00241,Sample-Routine,Water,,2022-08-31,13:48:00,EDT,,,,,0,m,,,,,,Lake Probability 21-25,Lake Probability Sampling 2021-2025,NYSDEC,21NYDECA_WQX-15610,1301LIT0355_DH,,,,,42.6972020000,-73.7399520000,,,,,,STORET-1060248992,,None,Perfluorononanoic acid,Total,0.486,ng/L,CON,Accepted,,Actual,,,,,,,,,,,,,,,,,,,,1633,USEPA,"Analysis of Per- and Polyfluoroalkyl Substances (PFAS) in Aqueous, Solid, Biosolids, and Tissue Samples by LC-MS/MS",,,PACEBTR,2022-09-16,,https://www.waterqualitydata.us/data/providers/STORET/organizations/21NYDECA_WQX/activities/21NYDECA_WQX-1301LIT0355_DH_20220831T134800%3ACEC-00241/results/1060248992/resdetectqntlmts,Lower Quantitation Limit,0.923,ng/L,,2025-04-18T14:28:28,STORET
21NYDECA_WQX,New York State Dec Division Of Water,21NYDECA_WQX-13-CATS-6.2_20220721T0830:CEC-00246,Sample-Routine,Water,,2022-07-21,08:30:00,EDT,,,,,0,m,,,,,,RIBS Screening,Rotating Integrated Basin Studies (RIBS) Screening,NYSDEC,21NYDECA_WQX-3793,13-CATS-6.2,,,,,42.2563900000,-73.9047100000,,,,,,STORET-1060249190,,None,Perfluorononanoic acid,Total,0.193,ng/L,CON,Accepted,,Actual,,,,,,,,,,,,,,,,,,,,1633,USEPA,"Analysis of Per- and Polyfluoroalkyl Substances (PFAS) in Aqueous, Solid, Biosolids, and Tissue Samples by LC-MS/MS",,,PACEBTR,2022-09-15,,https://www.waterqualitydata.us/data/providers/STORET/organizations/21NYDECA_WQX/activities/21NYDECA_WQX-13-CATS-6.2_20220721T0830%3ACEC-00246/results/1060249190/resdetectqntlmts,Lower Quantitation Limit,0.887,ng/L,,2025-04-18T14:28:29,STORET
21NYDECA_WQX,New York State Dec Division Of Water,21NYDECA_WQX-1302UWB0044F_DH_20220912T110000:CEC-00270,Sample-Routine,Water,,2022-09-12,11:00:00,EDT,,,,,0,m,,,,,,Lake Probability 21-25,Lake Probability Sampling 2021-2025,NYSDEC,21NYDECA_WQX-20678,1302UWB0044F_DH,,,,,41.3216303300,-73.7232969000,,,,,,STORET-1060250139,,None,Perfluorononanoic acid,Total,0.872,ng/L,CON,Accepted,,Actual,,,,,,,,,,,,,,,,,,,,1633,USEPA,"Analysis of Per- and Polyfluoroalkyl Substances (PFAS) in Aqueous, Solid, Biosolids, and Tissue Samples by LC-MS/MS",,,PACEBTR,2022-10-27,,https://www.waterqualitydata.us/data/providers/STORET/organizations/21NYDECA_WQX/activities/21NYDECA_WQX-1302UWB0044F_DH_20220912T110000%3ACEC-00270/results/1060250139/resdetectqntlmts,Lower Quantitation Limit,0.978,ng/L,,2025-04-18T14:28:34,STORET
21NYDECA_WQX,New York State Dec Division Of Water,21NYDECA_WQX-05-BWIN_T11-0.7_20220901T1100:CEC-00208,Sample-Routine,Water,,2022-09-01,11:00:00,EDT,,,,,0,m,,,,,,RIBS Screening,Rotating Integrated Basin Studies (RIBS) Screening,NYSDEC,21NYDECA_WQX-889,05-BWIN_T11-0.7,,,,,42.1014600000,-76.6865600000,,,,,,STORET-1060247765,Not Detected,None,Perfluorononanoic acid,Total,,,U,Accepted,,,,,,,,,,,,,,,,,,,,,,1633,USEPA,"Analysis of Per- and Polyfluoroalkyl Substances (PFAS) in Aqueous, Solid, Biosolids, and Tissue Samples by LC-MS/MS",,,PACEBTR,2022-10-18,,https://www.waterqualitydata.us/data/providers/STORET/organizations/21NYDECA_WQX/activities/21NYDECA_WQX-05-BWIN_T11-0.7_20220901T1100%3ACEC-00208/results/1060247765/resdetectqntlmts,Lower Quantitation Limit,0.89,ng/L,,2025-04-18T14:28:22,STORET
21NYDECA_WQX,New York State Dec Division Of Water,21NYDECA_WQX-08-DEER-27.6_20220913T1230:CEC-00229,Sample-Routine,Water,,2022-09-13,12:30:00,EDT,,,,,0,m,,,,,,RIBS Screening,Rotating Integrated Basin Studies (RIBS) Screening,NYSDEC,21NYDECA_WQX-1922,08-DEER-27.6,,,,,43.7233890000,-75.7013800000,,,,,,STORET-1060248564,,None,Perfluorononanoic acid,Total,0.518,ng/L,CON,Accepted,,Actual,,,,,,,,,,,,,,,,,,,,1633,USEPA,"Analysis of Per- and Polyfluoroalkyl Substances (PFAS) in Aqueous, Solid, Biosolids, and Tissue Samples by LC-MS/MS",,,PACEBTR,2022-10-27,,https://www.waterqualitydata.us/data/providers/STORET/organizations/21NYDECA_WQX/activities/21NYDECA_WQX-08-DEER-27.6_20220913T1230%3ACEC-00229/results/1060248564/resdetectqntlmts,Lower Quantitation Limit,0.862,ng/L,,2025-04-18T14:28:26,STORET
21NYDECA_WQX,New York State Dec Division Of Water,21NYDECA_WQX-1303BRO0260_DH_20220912T110000:CEC-00276,Sample-Routine,Water,,2022-09-12,11:00:00,EDT,,,,,0,m,,,,,,Lake Probability 21-25,Lake Probability Sampling 2021-2025,NYSDEC,21NYDECA_WQX-21995,1303BRO0260_DH,,,,,41.4568721800,-74.2097031600,,,,,,STORET-1060250367,,None,Perfluorononanoic acid,Total,0.803,ng/L,CON,Accepted,,Actual,,,,,,,,,,,,,,,,,,,,1633,USEPA,"Analysis of Per- and Polyfluoroalkyl Substances (PFAS) in Aqueous, Solid, Biosolids, and Tissue Samples by LC-MS/MS",,,PACEBTR,2022-10-27,,https://www.waterqualitydata.us/data/providers/STORET/organizations/21NYDECA_WQX/activities/21NYDECA_WQX-1303BRO0260_DH_20220912T110000%3ACEC-00276/results/1060250367/resdetectqntlmts,Lower Quantitation Limit,0.888,ng/L,,2025-04-18T14:28:35,STORET
21NYDECA_WQX,New York State Dec Division Of Water,21NYDECA_WQX-1311DUA0276A_DH_20220831T094700:CEC-00244,Sample-Routine,Water,,2022-08-31,09:47:00,EDT,,,,,0,m,,,,,,Lake Probability 21-25,Lake Probability Sampling 2021-2025,NYSDEC,21NYDECA_WQX-19015,1311DUA0276A_DH,,,,,42.7474272200,-74.1170123000,,,,,,STORET-1060249142,,None,Perfluorononanoic acid,Total,0.473,ng/L,CON,Accepted,,Actual,,,,,,,,,,,,,,,,,,,,1633,USEPA,"Analysis of Per- and Polyfluoroalkyl Substances (PFAS) in Aqueous, Solid, Biosolids, and Tissue Samples by LC-MS/MS",,,PACEBTR,2022-09-16,,https://www.waterqualitydata.us/data/providers/STORET/organizations/21NYDECA_WQX/activities/21NYDECA_WQX-1311DUA0276A_DH_20220831T094700%3ACEC-00244/results/1060249142/resdetectqntlmts,Lower Quantitation Limit,0.883,ng/L,,2025-04-18T14:28:29,STORET
21NYDECA_WQX,New York State Dec Division Of Water,21NYDECA_WQX-08-KLSY-0.1_20220913T0000:CEC-00230,Sample-Routine,Water,,2022-09-13,00:00:00,EDT,,,,,0,m,,,,,,RIBS Screening,Rotating Integrated Basin Studies (RIBS) Screening,NYSDEC,21NYDECA_WQX-1941,08-KLSY-0.1,,,,,43.9894400000,-75.9241600000,,,,,,STORET-1060248584,,None,Perfluorononanoic acid,Total,0.238,ng/L,CON,Accepted,,Actual,,,,,,,,,,,,,,,,,,,,1633,USEPA,"Analysis of Per- and Polyfluoroalkyl Substances (PFAS) in Aqueous, Solid, Biosolids, and Tissue Samples by LC-MS/MS",,,PACEBTR,2022-10-27,,https://www.waterqualitydata.us/data/providers/STORET/organizations/21NYDECA_WQX/activities/21NYDECA_WQX-08-KLSY-0.1_20220913T0000%3ACEC-00230/results/1060248584/resdetectqntlmts,Lower Quantitation Limit,0.888,ng/L,,2025-04-18T14:28:26,STORET
21NYDECA_WQX,New York State Dec Division Of Water,21NYDECA_WQX-1309NOR6398_DH_20220803T140400:CEC-00265,Sample-Routine,Water,,2022-08-03,14:04:00,EDT,,,,,0,m,,,,,,Lake Probability 21-25,Lake Probability Sampling 2021-2025,NYSDEC,21NYDECA_WQX-21363,1309NOR6398_DH,,,,,42.1994580000,-74.0374090000,,,,,,STORET-1060249951,,None,Perfluorononanoic acid,Total,0.315,ng/L,CON,Accepted,,Actual,,,,,,,,,,,,,,,,,,,,1633,USEPA,"Analysis of Per- and Polyfluoroalkyl Substances (PFAS) in Aqueous, Solid, Biosolids, and Tissue Samples by LC-MS/MS",,,PACEBTR,2022-09-07,,https://www.waterqualitydata.us/data/providers/STORET/organizations/21NYDECA_WQX/activities/21NYDECA_WQX-1309NOR6398_DH_20220803T140400%3ACEC-00265/results/1060249951/resdetectqntlmts,Lower Quantitation Limit,0.919,ng/L,,2025-04-18T14:28:33,STORET
21NYDECA_WQX,New York State Dec Division Of Water,21NYDECA_WQX-05-STEO-24.7_20220831T1145:CEC-00218,Sample-Routine,Water,,2022-08-31,11:45:00,EDT,,,,,0,m,,,,,,RIBS Screening,Rotating Integrated Basin Studies (RIBS) Screening,NYSDEC,21NYDECA_WQX-1209,05-STEO-24.7,,,,,42.2489100000,-77.4524400000,,,,,,STORET-1060248116,,None,Perfluorononanoic acid,Total,0.232,ng/L,CON,Accepted,,Actual,,,,,,,,,,,,,,,,,,,,1633,USEPA,"Analysis of Per- and Polyfluoroalkyl Substances (PFAS) in Aqueous, Solid, Biosolids, and Tissue Samples by LC-MS/MS",,,PACEBTR,2022-09-28,,https://www.waterqualitydata.us/data/providers/STORET/organizations/21NYDECA_WQX/activities/21NYDECA_WQX-05-STEO-24.7_20220831T1145%3ACEC-00218/results/1060248116/resdetectqntlmts,Lower Quantitation Limit,0.883,ng/L,,2025-04-18T14:28:24,STORET
21NYDECA_WQX,New York State Dec Division Of Water,21NYDECA_WQX-08-LMKN-6.7_20220914T1000:CEC-00231,Sample-Routine,Water,,2022-09-14,10:00:00,EDT,,,,,0,m,,,,,,RIBS Screening,Rotating Integrated Basin Studies (RIBS) Screening,NYSDEC,21NYDECA_WQX-1951,08-LMKN-6.7,,,,,43.7124440000,-74.8136510000,,,,,,STORET-1060248639,,None,Perfluorononanoic acid,Total,0.213,ng/L,CON,Accepted,,Actual,,,,,,,,,,,,,,,,,,,,1633,USEPA,"Analysis of Per- and Polyfluoroalkyl Substances (PFAS) in Aqueous, Solid, Biosolids, and Tissue Samples by LC-MS/MS",,,PACEBTR,2022-11-09,,https://www.waterqualitydata.us/data/providers/STORET/organizations/21NYDECA_WQX/activities/21NYDECA_WQX-08-LMKN-6.7_20220914T1000%3ACEC-00231/results/1060248639/resdetectqntlmts,Lower Quantitation Limit,0.893,ng/L,,2025-04-18T14:28:26,STORET
21NYDECA_WQX,New York State Dec Division Of Water,21NYDECA_WQX-0502WAN0048_DH_20220802T110000:CEC-00266,Sample-Routine,Water,,2022-08-02,11:00:00,EDT,,,,,0,m,,,,,,Lake Probability 21-25,Lake Probability Sampling 2021-2025,NYSDEC,21NYDECA_WQX-4548,0502WAN0048_DH,,,,,42.4447410000,-77.1007060000,,,,,,STORET-1060250007,,None,Perfluorononanoic acid,Total,0.291,ng/L,CON,Accepted,,Actual,,,,,,,,,,,,,,,,,,,,1633,USEPA,"Analysis of Per- and Polyfluoroalkyl Substances (PFAS) in Aqueous, Solid, Biosolids, and Tissue Samples by LC-MS/MS",,,PACEBTR,2022-09-07,,https://www.waterqualitydata.us/data/providers/STORET/organizations/21NYDECA_WQX/activities/21NYDECA_WQX-0502WAN0048_DH_20220802T110000%3ACEC-00266/results/1060250007/resdetectqntlmts,Lower Quantitation Limit,0.879,ng/L,,2025-04-18T14:28:33,STORET
21NYDECA_WQX,New York State Dec Division Of Water,21NYDECA_WQX-05-COHO-28.6_20220831T1215:CEC-00210,Sample-Routine,Water,,2022-08-31,12:15:00,EDT,,,,,0,m,,,,,,RIBS Screening,Rotating Integrated Basin Studies (RIBS) Screening,NYSDEC,21NYDECA_WQX-1303,05-COHO-28.6,,,,,42.4117030000,-77.4267620000,,,,,,STORET-1060247824,Not Detected,None,Perfluorononanoic acid,Total,,,U,Accepted,,,,,,,,,,,,,,,,,,,,,,1633,USEPA,"Analysis of Per- and Polyfluoroalkyl Substances (PFAS) in Aqueous, Solid, Biosolids, and Tissue Samples by LC-MS/MS",,,PACEBTR,2022-09-28,,https://www.waterqualitydata.us/data/providers/STORET/organizations/21NYDECA_WQX/activities/21NYDECA_WQX-05-COHO-28.6_20220831T1215%3ACEC-00210/results/1060247824/resdetectqntlmts,Lower Quantitation Limit,0.882,ng/L,,2025-04-18T14:28:22,STORET
21NYDECA_WQX,New York State Dec Division Of Water,21NYDECA_WQX-1501UWB1007A_DH_20220914T101500:CEC-00275,Sample-Routine,Water,,2022-09-14,10:15:00,EDT,,,,,0,m,,,,,,Lake Probability 21-25,Lake Probability Sampling 2021-2025,NYSDEC,21NYDECA_WQX-20125,1501UWB1007A_DH,,,,,41.2385003800,-74.2086655300,,,,,,STORET-1060250326,,None,Perfluorononanoic acid,Total,0.383,ng/L,CON,Accepted,,Actual,,,,,,,,,,,,,,,,,,,,1633,USEPA,"Analysis of Per- and Polyfluoroalkyl Substances (PFAS) in Aqueous, Solid, Biosolids, and Tissue Samples by LC-MS/MS",,,PACEBTR,2022-11-09,,https://www.waterqualitydata.us/data/providers/STORET/organizations/21NYDECA_WQX/activities/21NYDECA_WQX-1501UWB1007A_DH_20220914T101500%3ACEC-00275/results/1060250326/resdetectqntlmts,Lower Quantitation Limit,0.912,ng/L,,2025-04-18T14:28:35,STORET
21NYDECA_WQX,New York State Dec Division Of Water,21NYDECA_WQX-1306STU0453A_DH_20220824T072900:CEC-00263,Sample-Routine,Water,,2022-08-24,07:29:00,EDT,,,,,0,m,,,,,,Lake Probability 21-25,Lake Probability Sampling 2021-2025,NYSDEC,21NYDECA_WQX-22466,1306STU0453A_DH,,,,,41.8476500000,-74.0396400000,,,,,,STORET-1060249889,,None,Perfluorononanoic acid,Total,0.628,ng/L,CON,Accepted,,Actual,,,,,,,,,,,,,,,,,,,,1633,USEPA,"Analysis of Per- and Polyfluoroalkyl Substances (PFAS) in Aqueous, Solid, Biosolids, and Tissue Samples by LC-MS/MS",,,PACEBTR,2022-09-06,,https://www.waterqualitydata.us/data/providers/STORET/organizations/21NYDECA_WQX/activities/21NYDECA_WQX-1306STU0453A_DH_20220824T072900%3ACEC-00263/results/1060249889/resdetectqntlmts,Lower Quantitation Limit,0.926,ng/L,,2025-04-18T14:28:33,STORET
21NYDECA_WQX,New York State Dec Division Of Water,21NYDECA_WQX-05-NEWT-6.8_20220901T0815:CEC-00216,Sample-Routine,Water,,2022-09-01,08:15:00,EDT,,,,,0,m,,,,,,RIBS Screening,Rotating Integrated Basin Studies (RIBS) Screening,NYSDEC,21NYDECA_WQX-1182,05-NEWT-6.8,,,,,42.1683300000,-76.8188900000,,,,,,STORET-1060248060,,None,Perfluorononanoic acid,Total,0.158,ng/L,CON,Accepted,,Actual,,,,,,,,,,,,,,,,,,,,1633,USEPA,"Analysis of Per- and Polyfluoroalkyl Substances (PFAS) in Aqueous, Solid, Biosolids, and Tissue Samples by LC-MS/MS",,,PACEBTR,2022-10-18,,https://www.waterqualitydata.us/data/providers/STORET/organizations/21NYDECA_WQX/activities/21NYDECA_WQX-05-NEWT-6.8_20220901T0815%3ACEC-00216/results/1060248060/resdetectqntlmts,Lower Quantitation Limit,0.911,ng/L,,2025-04-18T14:28:24,STORET
21NYDECA_WQX,New York State Dec Division Of Water,21NYDECA_WQX-1301SIL0184C_DH_20220913T093000:CEC-00272,Sample-Routine,Water,,2022-09-13,09:30:00,EDT,,,,,0,m,,,,,,Lake Probability 21-25,Lake Probability Sampling 2021-2025,NYSDEC,21NYDECA_WQX-13742,1301SIL0184C_DH,,,,,41.2907200000,-74.0540700000,,,,,,STORET-1060250212,,None,Perfluorononanoic acid,Total,0.229,ng/L,CON,Accepted,,Actual,,,,,,,,,,,,,,,,,,,,1633,USEPA,"Analysis of Per- and Polyfluoroalkyl Substances (PFAS) in Aqueous, Solid, Biosolids, and Tissue Samples by LC-MS/MS",,,PACEBTR,2022-10-27,,https://www.waterqualitydata.us/data/providers/STORET/organizations/21NYDECA_WQX/activities/21NYDECA_WQX-1301SIL0184C_DH_20220913T093000%3ACEC-00272/results/1060250212/resdetectqntlmts,Lower Quantitation Limit,0.903,ng/L,,2025-04-18T14:28:34,STORET
21NYDECA_WQX,New York State Dec Division Of Water,21NYDECA_WQX-08-CUMM-0.1_20220915T1100:CEC-00227,Sample-Routine,Water,,2022-09-15,11:00:00,EDT,,,,,0,m,,,,,,RIBS Screening,Rotating Integrated Basin Studies (RIBS) Screening,NYSDEC,21NYDECA_WQX-1918,08-CUMM-0.1,,,,,43.5061980000,-75.2214610000,,,,,,STORET-1060248480,,None,Perfluorononanoic acid,Total,0.18,ng/L,CON,Accepted,,Actual,,,,,,,,,,,,,,,,,,,,1633,USEPA,"Analysis of Per- and Polyfluoroalkyl Substances (PFAS) in Aqueous, Solid, Biosolids, and Tissue Samples by LC-MS/MS",,,PACEBTR,2022-11-09,,https://www.waterqualitydata.us/data/providers/STORET/organizations/21NYDECA_WQX/activities/21NYDECA_WQX-08-CUMM-0.1_20220915T1100%3ACEC-00227/results/1060248480/resdetectqntlmts,Lower Quantitation Limit,0.879,ng/L,,2025-04-18T14:28:26,STORET
21NYDECA_WQX,New York State Dec Division Of Water,21NYDECA_WQX-06-DILA-36.6_20230824T1100:CEC-00380,Sample-Routine,Water,,2023-08-24,15:00:00,EDT,,,,,,,,,,,,RIBS Screening,Rotating Integrated Basin Studies (RIBS) Screening,NYSDEC,21NYDECA_WQX-23910,06-DILA-36.6,,,,,42.6849300199,-75.3195322926,,,,,,STORET-1060252092,Not Detected,None,Perfluorononanoic acid,Total,,,U,Accepted,,,,,,,,,,,,,,,,,,,,,,1633,USEPA,"Analysis of Per- and Polyfluoroalkyl Substances (PFAS) in Aqueous, Solid, Biosolids, and Tissue Samples by LC-MS/MS",,,CASKEL,2023-09-15,,https://www.waterqualitydata.us/data/providers/STORET/organizations/21NYDECA_WQX/activities/21NYDECA_WQX-06-DILA-36.6_20230824T1100%3ACEC-00380/results/1060252092/resdetectqntlmts,Lower Quantitation Limit,4.8,ng/L,,2025-04-18T14:28:44,STORET
21NYDECA_WQX,New York State Dec Division Of Water,21NYDECA_WQX-1002UWB5009_DH_20230627T112500:CEC-00287,Sample-Routine,Water,,2023-06-27,11:25:00,EDT,,,,,,,,,,,,Lake Probability 21-25,Lake Probability Sampling 2021-2025,NYSDEC,21NYDECA_WQX-10563,1002UWB5009_DH,,,,,44.8781286900,-73.4227385300,,,,,,STORET-1060250586,,None,Perfluorononanoic acid,Total,0.9,ng/L,CON,Accepted,,Actual,,,,,,,,,,,,,,,,,,,,1633,USEPA,"Analysis of Per- and Polyfluoroalkyl Substances (PFAS) in Aqueous, Solid, Biosolids, and Tissue Samples by LC-MS/MS",,,CASKEL,2023-07-14,,https://www.waterqualitydata.us/data/providers/STORET/organizations/21NYDECA_WQX/activities/21NYDECA_WQX-1002UWB5009_DH_20230627T112500%3ACEC-00287/results/1060250586/resdetectqntlmts,Lower Quantitation Limit,4.1,ng/L,,2025-04-18T14:28:36,STORET
21NYDECA_WQX,New York State Dec Division Of Water,21NYDECA_WQX-1701RON0304_DH_20230614T091600:CEC-00285,Sample-Routine,Water,,2023-06-14,09:16:00,EDT,,,,,,,,,,,,Lake Probability 21-25,Lake Probability Sampling 2021-2025,NYSDEC,21NYDECA_WQX-20002,1701RON0304_DH,,,,,40.8237500000,-73.1200000000,,,,,,STORET-1060250540,,None,Perfluorononanoic acid,Total,1,ng/L,CON,Accepted,,Actual,,,,,,,,,,,,,,,,,,,,1633,USEPA,"Analysis of Per- and Polyfluoroalkyl Substances (PFAS) in Aqueous, Solid, Biosolids, and Tissue Samples by LC-MS/MS",,,CASKEL,2023-07-06,,https://www.waterqualitydata.us/data/providers/STORET/organizations/21NYDECA_WQX/activities/21NYDECA_WQX-1701RON0304_DH_20230614T091600%3ACEC-00285/results/1060250540/resdetectqntlmts,Lower Quantitation Limit,4.2,ng/L,,2025-04-18T14:28:36,STORET
21NYDECA_WQX,New York State Dec Division Of Water,21NYDECA_WQX-1702BRY1106_DH_20230905T143200:CEC-00439,Sample-Routine,Water,,2023-09-05,14:32:00,EDT,,,,,,,,,,,,Lake Probability 21-25,Lake Probability Sampling 2021-2025,NYSDEC,21NYDECA_WQX-23567,1702BRY1106_DH,,,,,41.1728000000,-73.6932900000,,,,,,STORET-1060253016,Not Detected,None,Perfluorononanoic acid,Total,,,U,Accepted,,,,,,,,,,,,,,,,,,,,,,1633,USEPA,"Analysis of Per- and Polyfluoroalkyl Substances (PFAS) in Aqueous, Solid, Biosolids, and Tissue Samples by LC-MS/MS",,,CASKEL,2023-10-04,,https://www.waterqualitydata.us/data/providers/STORET/organizations/21NYDECA_WQX/activities/21NYDECA_WQX-1702BRY1106_DH_20230905T143200%3ACEC-00439/results/1060253016/resdetectqntlmts,Lower Quantitation Limit,4,ng/L,,2025-04-18T14:28:49,STORET
21NYDECA_WQX,New York State Dec Division Of Water,21NYDECA_WQX-0603CAY0008_DH_20230719T151200:CEC-00319,Sample-Routine,Water,,2023-07-19,15:12:00,EDT,,,,,,,,,,,,Lake Probability 21-25,Lake Probability Sampling 2021-2025,NYSDEC,21NYDECA_WQX-5050,0603CAY0008_DH,,,,,42.3714400000,-76.7345200000,,,,,,STORET-1060251045,Not Detected,None,Perfluorononanoic acid,Total,,,U,Accepted,,,,,,,,,,,,,,,,,,,,,,1633,USEPA,"Analysis of Per- and Polyfluoroalkyl Substances (PFAS) in Aqueous, Solid, Biosolids, and Tissue Samples by LC-MS/MS",,,CASKEL,2023-08-09,,https://www.waterqualitydata.us/data/providers/STORET/organizations/21NYDECA_WQX/activities/21NYDECA_WQX-0603CAY0008_DH_20230719T151200%3ACEC-00319/results/1060251045/resdetectqntlmts,Lower Quantitation Limit,4.2,ng/L,,2025-04-18T14:28:39,STORET
21NYDECA_WQX,New York State Dec Division Of Water,21NYDECA_WQX-0602TOR0049_DH_20230830T112500:CEC-00428,Sample-Routine,Water,,2023-08-30,11:25:00,EDT,,,,,,,,,,,,Lake Probability 21-25,Lake Probability Sampling 2021-2025,NYSDEC,21NYDECA_WQX-4890,0602TOR0049_DH,,,,,42.8235027600,-75.7154408400,,,,,,STORET-1060252872,Not Detected,None,Perfluorononanoic acid,Total,,,U,Accepted,,,,,,,,,,,,,,,,,,,,,,1633,USEPA,"Analysis of Per- and Polyfluoroalkyl Substances (PFAS) in Aqueous, Solid, Biosolids, and Tissue Samples by LC-MS/MS",,,CASKEL,2023-09-21,,https://www.waterqualitydata.us/data/providers/STORET/organizations/21NYDECA_WQX/activities/21NYDECA_WQX-0602TOR0049_DH_20230830T112500%3ACEC-00428/results/1060252872/resdetectqntlmts,Lower Quantitation Limit,3.9,ng/L,,2025-04-18T14:28:48,STORET
21NYDECA_WQX,New York State Dec Division Of Water,21NYDECA_WQX-0602COO5406_DH_20230816T082000:CEC-00421,Sample-Routine,Water,,2023-08-16,08:20:00,EDT,,,,,,,,,,,,Lake Probability 21-25,Lake Probability Sampling 2021-2025,NYSDEC,21NYDECA_WQX-4447,0602COO5406_DH,,,,,42.2995151900,-75.7466886000,,,,,,STORET-1060252741,Not Detected,None,Perfluorononanoic acid,Total,,,U,Accepted,,,,,,,,,,,,,,,,,,,,,,1633,USEPA,"Analysis of Per- and Polyfluoroalkyl Substances (PFAS) in Aqueous, Solid, Biosolids, and Tissue Samples by LC-MS/MS",,,CASKEL,2023-09-07,,https://www.waterqualitydata.us/data/providers/STORET/organizations/21NYDECA_WQX/activities/21NYDECA_WQX-0602COO5406_DH_20230816T082000%3ACEC-00421/results/1060252741/resdetectqntlmts,Lower Quantitation Limit,4.3,ng/L,,2025-04-18T14:28:48,STORET
21NYDECA_WQX,New York State Dec Division Of Water,21NYDECA_WQX-06-SUSQ_T16-0.1_20230823T1252:CEC-00366,Sample-Routine,Water,,2023-08-23,16:52:00,EDT,,,,,,,,,,,,RIBS Screening,Rotating Integrated Basin Studies (RIBS) Screening,NYSDEC,21NYDECA_WQX-23920,06-SUSQ_T16-0.1,,,,,42.0867420457,-76.3112886944,,,,,,STORET-1060251862,Not Detected,None,Perfluorononanoic acid,Total,,,U,Accepted,,,,,,,,,,,,,,,,,,,,,,1633,USEPA,"Analysis of Per- and Polyfluoroalkyl Substances (PFAS) in Aqueous, Solid, Biosolids, and Tissue Samples by LC-MS/MS",,,CASKEL,2023-09-15,,https://www.waterqualitydata.us/data/providers/STORET/organizations/21NYDECA_WQX/activities/21NYDECA_WQX-06-SUSQ_T16-0.1_20230823T1252%3ACEC-00366/results/1060251862/resdetectqntlmts,Lower Quantitation Limit,4.6,ng/L,,2025-04-18T14:28:43,STORET
21NYDECA_WQX,New York State Dec Division Of Water,21NYDECA_WQX-10-TWOB-1.3_20230726T1315:CEC-00330,Sample-Routine,Water,,2023-07-26,17:15:00,EDT,,,,,,,,,,,,RIBS Screening,Rotating Integrated Basin Studies (RIBS) Screening,NYSDEC,21NYDECA_WQX-2732,10-TWOB-1.3,,,,,44.4085500000,-74.0842600000,,,,,,STORET-1060251228,Not Detected,None,Perfluorononanoic acid,Total,,,U,Accepted,,,,,,,,,,,,,,,,,,,,,,1633,USEPA,"Analysis of Per- and Polyfluoroalkyl Substances (PFAS) in Aqueous, Solid, Biosolids, and Tissue Samples by LC-MS/MS",,,CASKEL,2023-08-09,,https://www.waterqualitydata.us/data/providers/STORET/organizations/21NYDECA_WQX/activities/21NYDECA_WQX-10-TWOB-1.3_20230726T1315%3ACEC-00330/results/1060251228/resdetectqntlmts,Lower Quantitation Limit,4.3,ng/L,,2025-04-18T14:28:40,STORET
21NYDECA_WQX,New York State Dec Division Of Water,21NYDECA_WQX-1701UWB0986B_DH_20230912T132500:CEC-00442,Sample-Routine,Water,,2023-09-12,13:25:00,EDT,,,,,,,,,,,,Lake Probability 21-25,Lake Probability Sampling 2021-2025,NYSDEC,21NYDECA_WQX-22989,1701UWB0986B_DH,,,,,40.7092669000,-73.5499124500,,,,,,STORET-1060253102,,None,Perfluorononanoic acid,Total,1,ng/L,CON,Accepted,,Actual,,,,,,,,,,,,,,,,,,,,1633,USEPA,"Analysis of Per- and Polyfluoroalkyl Substances (PFAS) in Aqueous, Solid, Biosolids, and Tissue Samples by LC-MS/MS",,,CASKEL,2023-10-13,,https://www.waterqualitydata.us/data/providers/STORET/organizations/21NYDECA_WQX/activities/21NYDECA_WQX-1701UWB0986B_DH_20230912T132500%3ACEC-00442/results/1060253102/resdetectqntlmts,Lower Quantitation Limit,4.3,ng/L,,2025-04-18T14:28:50,STORET
21NYDECA_WQX,New York State Dec Division Of Water,21NYDECA_WQX-0603UWBSR5039_DH_20230830T112000:CEC-00427,Sample-Routine,Water,,2023-08-30,11:20:00,EDT,,,,,,,,,,,,Lake Probability 21-25,Lake Probability Sampling 2021-2025,NYSDEC,21NYDECA_WQX-13590,0603UWBSR5039_DH,,,,,42.1392649000,-76.3295754600,,,,,,STORET-1060252832,Not Detected,None,Perfluorononanoic acid,Total,,,U,Accepted,,,,,,,,,,,,,,,,,,,,,,1633,USEPA,"Analysis of Per- and Polyfluoroalkyl Substances (PFAS) in Aqueous, Solid, Biosolids, and Tissue Samples by LC-MS/MS",,,CASKEL,2023-09-21,,https://www.waterqualitydata.us/data/providers/STORET/organizations/21NYDECA_WQX/activities/21NYDECA_WQX-0603UWBSR5039_DH_20230830T112000%3ACEC-00427/results/1060252832/resdetectqntlmts,Lower Quantitation Limit,3.9,ng/L,,2025-04-18T14:28:48,STORET
21NYDECA_WQX,New York State Dec Division Of Water,21NYDECA_WQX-1003MCK0088_DH_20230627T122600:CEC-00290,Sample-Routine,Water,,2023-06-27,12:26:00,EDT,,,,,,,,,,,,Lake Probability 21-25,Lake Probability Sampling 2021-2025,NYSDEC,21NYDECA_WQX-10295,1003MCK0088_DH,,,,,44.3306002800,-74.0808822100,,,,,,STORET-1060250631,Not Detected,None,Perfluorononanoic acid,Total,,,U,Accepted,,,,,,,,,,,,,,,,,,,,,,1633,USEPA,"Analysis of Per- and Polyfluoroalkyl Substances (PFAS) in Aqueous, Solid, Biosolids, and Tissue Samples by LC-MS/MS",,,CASKEL,2023-07-14,,https://www.waterqualitydata.us/data/providers/STORET/organizations/21NYDECA_WQX/activities/21NYDECA_WQX-1003MCK0088_DH_20230627T122600%3ACEC-00290/results/1060250631/resdetectqntlmts,Lower Quantitation Limit,4,ng/L,,2025-04-18T14:28:37,STORET
21NYDECA_WQX,New York State Dec Division Of Water,21NYDECA_WQX-1702CRA1063D_DH_20230613T134500:CEC-00282,Sample-Routine,Water,,2023-06-13,13:45:00,EDT,,,,,,,,,,,,Lake Probability 21-25,Lake Probability Sampling 2021-2025,NYSDEC,21NYDECA_WQX-23578,1702CRA1063D_DH,,,,,41.0760272700,-73.7550956900,,,,,,STORET-1060250454,Not Detected,None,Perfluorononanoic acid,Total,,,U,Accepted,,,,,,,,,,,,,,,,,,,,,,1633,USEPA,"Analysis of Per- and Polyfluoroalkyl Substances (PFAS) in Aqueous, Solid, Biosolids, and Tissue Samples by LC-MS/MS",,,CASKEL,2023-06-28,,https://www.waterqualitydata.us/data/providers/STORET/organizations/21NYDECA_WQX/activities/21NYDECA_WQX-1702CRA1063D_DH_20230613T134500%3ACEC-00282/results/1060250454/resdetectqntlmts,Lower Quantitation Limit,4,ng/L,,2025-04-18T14:28:36,STORET
21NYDECA_WQX,New York State Dec Division Of Water,21NYDECA_WQX-1701BEL0637_DH_20230614T150000:CEC-00310,Sample-Routine,Water,,2023-06-14,15:00:00,EDT,,,,,,,,,,,,Lake Probability 21-25,Lake Probability Sampling 2021-2025,NYSDEC,21NYDECA_WQX-18825,1701BEL0637_DH,,,,,40.8802379800,-72.5590759000,,,,,,STORET-1060250907,,None,Perfluorononanoic acid,Total,1,ng/L,CON,Accepted,,Actual,,,,,,,,,,,,,,,,,,,,1633,USEPA,"Analysis of Per- and Polyfluoroalkyl Substances (PFAS) in Aqueous, Solid, Biosolids, and Tissue Samples by LC-MS/MS",,,CASKEL,2023-07-06,,https://www.waterqualitydata.us/data/providers/STORET/organizations/21NYDECA_WQX/activities/21NYDECA_WQX-1701BEL0637_DH_20230614T150000%3ACEC-00310/results/1060250907/resdetectqntlmts,Lower Quantitation Limit,4,ng/L,,2025-04-18T14:28:38,STORET
21NYDECA_WQX,New York State Dec Division Of Water,21NYDECA_WQX-17-MITL-1.0_20230927T1236:CEC-00482,Sample-Routine,Water,,2023-09-27,16:36:00,EDT,,,,,,,,,,,,RIBS Screening,Rotating Integrated Basin Studies (RIBS) Screening,NYSDEC,21NYDECA_WQX-24051,17-MITL-1.0,,,,,40.8142260000,-73.7441820000,,,,,,STORET-1060253742,,None,Perfluorononanoic acid,Total,2.5,ng/L,CON,Accepted,,Actual,,,,,,,,,,,,,,,,,,,,1633,USEPA,"Analysis of Per- and Polyfluoroalkyl Substances (PFAS) in Aqueous, Solid, Biosolids, and Tissue Samples by LC-MS/MS",,,CASKEL,2023-10-19,,https://www.waterqualitydata.us/data/providers/STORET/organizations/21NYDECA_WQX/activities/21NYDECA_WQX-17-MITL-1.0_20230927T1236%3ACEC-00482/results/1060253742/resdetectqntlmts,Lower Quantitation Limit,4.5,ng/L,,2025-04-18T14:28:53,STORET
21NYDECA_WQX,New York State Dec Division Of Water,21NYDECA_WQX-17-KENC_T20-0.5_20230926T1115:CEC-00471,Sample-Routine,Water,,2023-09-26,15:15:00,EDT,,,,,,,,,,,,RIBS Screening,Rotating Integrated Basin Studies (RIBS) Screening,NYSDEC,21NYDECA_WQX-24002,17-KENC_T20-0.5,,,,,41.1299565026,-73.7369423909,,,,,,STORET-1060253558,Not Detected,None,Perfluorononanoic acid,Total,,,U,Accepted,,,,,,,,,,,,,,,,,,,,,,1633,USEPA,"Analysis of Per- and Polyfluoroalkyl Substances (PFAS) in Aqueous, Solid, Biosolids, and Tissue Samples by LC-MS/MS",,,CASKEL,2023-10-19,,https://www.waterqualitydata.us/data/providers/STORET/organizations/21NYDECA_WQX/activities/21NYDECA_WQX-17-KENC_T20-0.5_20230926T1115%3ACEC-00471/results/1060253558/resdetectqntlmts,Lower Quantitation Limit,4.6,ng/L,,2025-04-18T14:28:52,STORET
21NYDECA_WQX,New York State Dec Division Of Water,21NYDECA_WQX-10-LCHZ-8.9_20230725T1230:CEC-00333,Sample-Routine,Water,,2023-07-25,16:30:00,EDT,,,,,,,,,,,,RIBS Screening,Rotating Integrated Basin Studies (RIBS) Screening,NYSDEC,21NYDECA_WQX-23940,10-LCHZ-8.9,,,,,44.8448142720,-73.4706739708,,,,,,STORET-1060251313,Not Detected,None,Perfluorononanoic acid,Total,,,U,Accepted,,,,,,,,,,,,,,,,,,,,,,1633,USEPA,"Analysis of Per- and Polyfluoroalkyl Substances (PFAS) in Aqueous, Solid, Biosolids, and Tissue Samples by LC-MS/MS",,,CASKEL,2023-08-09,,https://www.waterqualitydata.us/data/providers/STORET/organizations/21NYDECA_WQX/activities/21NYDECA_WQX-10-LCHZ-8.9_20230725T1230%3ACEC-00333/results/1060251313/resdetectqntlmts,Lower Quantitation Limit,4.4,ng/L,,2025-04-18T14:28:40,STORET
21NYDECA_WQX,New York State Dec Division Of Water,21NYDECA_WQX-17-WILT-0.7_20230927T1000:CEC-00488,Sample-Routine,Water,,2023-09-27,14:00:00,EDT,,,,,,,,,,,,RIBS Screening,Rotating Integrated Basin Studies (RIBS) Screening,NYSDEC,21NYDECA_WQX-8820,17-WILT-0.7,,,,,40.7045400000,-73.3002400000,,,,,,STORET-1060253834,,None,Perfluorononanoic acid,Total,1.3,ng/L,CON,Accepted,,Actual,,,,,,,,,,,,,,,,,,,,1633,USEPA,"Analysis of Per- and Polyfluoroalkyl Substances (PFAS) in Aqueous, Solid, Biosolids, and Tissue Samples by LC-MS/MS",,,CASKEL,2023-10-19,,https://www.waterqualitydata.us/data/providers/STORET/organizations/21NYDECA_WQX/activities/21NYDECA_WQX-17-WILT-0.7_20230927T1000%3ACEC-00488/results/1060253834/resdetectqntlmts,Lower Quantitation Limit,4.6,ng/L,,2025-04-18T14:28:53,STORET
21NYDECA_WQX,New York State Dec Division Of Water,21NYDECA_WQX-1003STG0201_DH_20230628T153000:CEC-00301,Sample-Routine,Water,,2023-06-28,15:30:00,EDT,,,,,,,,,,,,Lake Probability 21-25,Lake Probability Sampling 2021-2025,NYSDEC,21NYDECA_WQX-16031,1003STG0201_DH,,,,,44.3782774700,-74.2637261100,,,,,,STORET-1060250699,,None,Perfluorononanoic acid,Total,0.9,ng/L,CON,Accepted,,Actual,,,,,,,,,,,,,,,,,,,,1633,USEPA,"Analysis of Per- and Polyfluoroalkyl Substances (PFAS) in Aqueous, Solid, Biosolids, and Tissue Samples by LC-MS/MS",,,CASKEL,2023-07-27,,https://www.waterqualitydata.us/data/providers/STORET/organizations/21NYDECA_WQX/activities/21NYDECA_WQX-1003STG0201_DH_20230628T153000%3ACEC-00301/results/1060250699/resdetectqntlmts,Lower Quantitation Limit,4,ng/L,,2025-04-18T14:28:37,STORET
21NYDECA_WQX,New York State Dec Division Of Water,21NYDECA_WQX-10-BOQT-28.5_20230726T1330:CEC-00349,Sample-Routine,Water,,2023-07-26,17:30:00,EDT,,,,,,,,,,,,RIBS Screening,Rotating Integrated Basin Studies (RIBS) Screening,NYSDEC,21NYDECA_WQX-2679,10-BOQT-28.5,,,,,44.2200300000,-73.5855200000,,,,,,STORET-1060251586,Not Detected,None,Perfluorononanoic acid,Total,,,U,Accepted,,,,,,,,,,,,,,,,,,,,,,1633,USEPA,"Analysis of Per- and Polyfluoroalkyl Substances (PFAS) in Aqueous, Solid, Biosolids, and Tissue Samples by LC-MS/MS",,,CASKEL,2023-08-10,,https://www.waterqualitydata.us/data/providers/STORET/organizations/21NYDECA_WQX/activities/21NYDECA_WQX-10-BOQT-28.5_20230726T1330%3ACEC-00349/results/1060251586/resdetectqntlmts,Lower Quantitation Limit,4.3,ng/L,,2025-04-18T14:28:41,STORET
21NYDECA_WQX,New York State Dec Division Of Water,21NYDECA_WQX-10-DERB-2.7_20230725T1400:CEC-00339,Sample-Routine,Water,,2023-07-25,18:00:00,EDT,,,,,,,,,,,,RIBS Screening,Rotating Integrated Basin Studies (RIBS) Screening,NYSDEC,21NYDECA_WQX-23931,10-DERB-2.7,,,,,44.2993606825,-73.5952315200,,,,,,STORET-1060251403,Not Detected,None,Perfluorononanoic acid,Total,,,U,Accepted,,,,,,,,,,,,,,,,,,,,,,1633,USEPA,"Analysis of Per- and Polyfluoroalkyl Substances (PFAS) in Aqueous, Solid, Biosolids, and Tissue Samples by LC-MS/MS",,,CASKEL,2023-08-09,,https://www.waterqualitydata.us/data/providers/STORET/organizations/21NYDECA_WQX/activities/21NYDECA_WQX-10-DERB-2.7_20230725T1400%3ACEC-00339/results/1060251403/resdetectqntlmts,Lower Quantitation Limit,4.3,ng/L,,2025-04-18T14:28:40,STORET
21NYDECA_WQX,New York State Dec Division Of Water,21NYDECA_WQX-1003CHU0056_DH_20230809T131900:CEC-00404,Sample-Routine,Water,,2023-08-09,13:19:00,EDT,,,,,,,,,,,,Lake Probability 21-25,Lake Probability Sampling 2021-2025,NYSDEC,21NYDECA_WQX-11006,1003CHU0056_DH,,,,,44.5239705800,-74.1007924000,,,,,,STORET-1060252391,Not Detected,None,Perfluorononanoic acid,Total,,,U,Accepted,,,,,,,,,,,,,,,,,,,,,,1633,USEPA,"Analysis of Per- and Polyfluoroalkyl Substances (PFAS) in Aqueous, Solid, Biosolids, and Tissue Samples by LC-MS/MS",,,CASKEL,2023-08-21,,https://www.waterqualitydata.us/data/providers/STORET/organizations/21NYDECA_WQX/activities/21NYDECA_WQX-1003CHU0056_DH_20230809T131900%3ACEC-00404/results/1060252391/resdetectqntlmts,Lower Quantitation Limit,4.1,ng/L,,2025-04-18T14:28:46,STORET
21NYDECA_WQX,New York State Dec Division Of Water,21NYDECA_WQX-1004DAV0210C_DH_20230628T072300:CEC-00304,Sample-Routine,Water,,2023-06-28,07:23:00,EDT,,,,,,,,,,,,Lake Probability 21-25,Lake Probability Sampling 2021-2025,NYSDEC,21NYDECA_WQX-16613,1004DAV0210C_DH,,,,,44.6176516000,-73.6086520900,,,,,,STORET-1060250816,Not Detected,None,Perfluorononanoic acid,Total,,,U,Accepted,,,,,,,,,,,,,,,,,,,,,,1633,USEPA,"Analysis of Per- and Polyfluoroalkyl Substances (PFAS) in Aqueous, Solid, Biosolids, and Tissue Samples by LC-MS/MS",,,CASKEL,2023-07-27,,https://www.waterqualitydata.us/data/providers/STORET/organizations/21NYDECA_WQX/activities/21NYDECA_WQX-1004DAV0210C_DH_20230628T072300%3ACEC-00304/results/1060250816/resdetectqntlmts,Lower Quantitation Limit,4,ng/L,,2025-04-18T14:28:38,STORET
21NYDECA_WQX,New York State Dec Division Of Water,21NYDECA_WQX-1002ROX5044_DH_20230808T160200:CEC-00410,Sample-Routine,Water,,2023-08-08,16:02:00,EDT,,,,,,,,,,,,Lake Probability 21-25,Lake Probability Sampling 2021-2025,NYSDEC,21NYDECA_WQX-10552,1002ROX5044_DH,,,,,44.8946400000,-73.8040810000,,,,,,STORET-1060252597,Not Detected,None,Perfluorononanoic acid,Total,,,U,Accepted,,,,,,,,,,,,,,,,,,,,,,1633,USEPA,"Analysis of Per- and Polyfluoroalkyl Substances (PFAS) in Aqueous, Solid, Biosolids, and Tissue Samples by LC-MS/MS",,,CASKEL,2023-09-07,,https://www.waterqualitydata.us/data/providers/STORET/organizations/21NYDECA_WQX/activities/21NYDECA_WQX-1002ROX5044_DH_20230808T160200%3ACEC-00410/results/1060252597/resdetectqntlmts,Lower Quantitation Limit,4.4,ng/L,,2025-04-18T14:28:47,STORET
21NYDECA_WQX,New York State Dec Division Of Water,21NYDECA_WQX-1004CHA0274_DH_20230810T133000:CEC-00408,Sample-Routine,Water,,2023-08-10,13:30:00,EDT,,,,,,,,,,,,Lake Probability 21-25,Lake Probability Sampling 2021-2025,NYSDEC,21NYDECA_WQX-16489,1004CHA0274_DH,,,,,44.1398688900,-73.7475662000,,,,,,STORET-1060252551,Not Detected,None,Perfluorononanoic acid,Total,,,U,Accepted,,,,,,,,,,,,,,,,,,,,,,1633,USEPA,"Analysis of Per- and Polyfluoroalkyl Substances (PFAS) in Aqueous, Solid, Biosolids, and Tissue Samples by LC-MS/MS",,,CASKEL,2023-09-11,,https://www.waterqualitydata.us/data/providers/STORET/organizations/21NYDECA_WQX/activities/21NYDECA_WQX-1004CHA0274_DH_20230810T133000%3ACEC-00408/results/1060252551/resdetectqntlmts,Lower Quantitation Limit,4.1,ng/L,,2025-04-18T14:28:47,STORET
21NYDECA_WQX,New York State Dec Division Of Water,21NYDECA_WQX-06-CHAS-1.7_20230822T1345:CEC-00357,Sample-Routine,Water,,2023-08-22,17:45:00,EDT,,,,,,,,,,,,RIBS Screening,Rotating Integrated Basin Studies (RIBS) Screening,NYSDEC,21NYDECA_WQX-23906,06-CHAS-1.7,,,,,42.6639353870,-74.9722142768,,,,,,STORET-1060251724,Not Detected,None,Perfluorononanoic acid,Total,,,U,Accepted,,,,,,,,,,,,,,,,,,,,,,1633,USEPA,"Analysis of Per- and Polyfluoroalkyl Substances (PFAS) in Aqueous, Solid, Biosolids, and Tissue Samples by LC-MS/MS",,,CASKEL,2023-09-15,,https://www.waterqualitydata.us/data/providers/STORET/organizations/21NYDECA_WQX/activities/21NYDECA_WQX-06-CHAS-1.7_20230822T1345%3ACEC-00357/results/1060251724/resdetectqntlmts,Lower Quantitation Limit,4.7,ng/L,,2025-04-18T14:28:42,STORET
21NYDECA_WQX,New York State Dec Division Of Water,21NYDECA_WQX-1003SUN0188_DH_20230628T100100:CEC-00302,Sample-Routine,Water,,2023-06-28,10:01:00,EDT,,,,,,,,,,,,Lake Probability 21-25,Lake Probability Sampling 2021-2025,NYSDEC,21NYDECA_WQX-16035,1003SUN0188_DH,,,,,44.3462387700,-74.3001707300,,,,,,STORET-1060250738,,None,Perfluorononanoic acid,Total,1.1,ng/L,CON,Accepted,,Actual,,,,,,,,,,,,,,,,,,,,1633,USEPA,"Analysis of Per- and Polyfluoroalkyl Substances (PFAS) in Aqueous, Solid, Biosolids, and Tissue Samples by LC-MS/MS",,,CASKEL,2023-07-27,,https://www.waterqualitydata.us/data/providers/STORET/organizations/21NYDECA_WQX/activities/21NYDECA_WQX-1003SUN0188_DH_20230628T100100%3ACEC-00302/results/1060250738/resdetectqntlmts,Lower Quantitation Limit,4.1,ng/L,,2025-04-18T14:28:37,STORET
21NYDECA_WQX,New York State Dec Division Of Water,21NYDECA_WQX-1003COL0106_DH_20230808T133000:CEC-00406,Sample-Routine,Water,,2023-08-08,13:30:00,EDT,,,,,,,,,,,,Lake Probability 21-25,Lake Probability Sampling 2021-2025,NYSDEC,21NYDECA_WQX-11017,1003COL0106_DH,,,,,44.3458850000,-74.1481920000,,,,,,STORET-1060252471,Not Detected,None,Perfluorononanoic acid,Total,,,U,Accepted,,,,,,,,,,,,,,,,,,,,,,1633,USEPA,"Analysis of Per- and Polyfluoroalkyl Substances (PFAS) in Aqueous, Solid, Biosolids, and Tissue Samples by LC-MS/MS",,,CASKEL,2023-09-11,,https://www.waterqualitydata.us/data/providers/STORET/organizations/21NYDECA_WQX/activities/21NYDECA_WQX-1003COL0106_DH_20230808T133000%3ACEC-00406/results/1060252471/resdetectqntlmts,Lower Quantitation Limit,4.1,ng/L,,2025-04-18T14:28:46,STORET
21NYDECA_WQX,New York State Dec Division Of Water,21NYDECA_WQX-0601UWBXX1_DH_20230829T120500:CEC-00387,Sample-Routine,Water,,2023-08-29,12:05:00,EDT,,,,,,,,,,,,Lake Probability 21-25,Lake Probability Sampling 2021-2025,NYSDEC,21NYDECA_WQX-6631,0601UWBXX1_DH,,,,,42.7875856800,-75.2869126900,,,,,,STORET-1060252190,Not Detected,None,Perfluorononanoic acid,Total,,,U,Accepted,,,,,,,,,,,,,,,,,,,,,,1633,USEPA,"Analysis of Per- and Polyfluoroalkyl Substances (PFAS) in Aqueous, Solid, Biosolids, and Tissue Samples by LC-MS/MS",,,CASKEL,2023-09-15,,https://www.waterqualitydata.us/data/providers/STORET/organizations/21NYDECA_WQX/activities/21NYDECA_WQX-0601UWBXX1_DH_20230829T120500%3ACEC-00387/results/1060252190/resdetectqntlmts,Lower Quantitation Limit,4.2,ng/L,,2025-04-18T14:28:45,STORET
21NYDECA_WQX,New York State Dec Division Of Water,21NYDECA_WQX-06-OTSL-21.1_20230823T1230:CEC-00377,Sample-Routine,Water,,2023-08-23,16:30:00,EDT,,,,,,,,,,,,RIBS Screening,Rotating Integrated Basin Studies (RIBS) Screening,NYSDEC,21NYDECA_WQX-23915,06-OTSL-21.1,,,,,42.5665627118,-75.8830556173,,,,,,STORET-1060251972,Not Detected,None,Perfluorononanoic acid,Total,,,U,Accepted,,,,,,,,,,,,,,,,,,,,,,1633,USEPA,"Analysis of Per- and Polyfluoroalkyl Substances (PFAS) in Aqueous, Solid, Biosolids, and Tissue Samples by LC-MS/MS",,,CASKEL,2023-09-15,,https://www.waterqualitydata.us/data/providers/STORET/organizations/21NYDECA_WQX/activities/21NYDECA_WQX-06-OTSL-21.1_20230823T1230%3ACEC-00377/results/1060251972/resdetectqntlmts,Lower Quantitation Limit,4.6,ng/L,,2025-04-18T14:28:43,STORET
21NYDECA_WQX,New York State Dec Division Of Water,21NYDECA_WQX-0601SWE0174A_DH_20230718T143800:CEC-00318,Sample-Routine,Water,,2023-07-18,14:38:00,EDT,,,,,,,,,,,,Lake Probability 21-25,Lake Probability Sampling 2021-2025,NYSDEC,21NYDECA_WQX-5589,0601SWE0174A_DH,,,,,42.0985361300,-75.7377755700,,,,,,STORET-1060251005,,None,Perfluorononanoic acid,Total,1.6,ng/L,CON,Accepted,,Actual,,,,,,,,,,,,,,,,,,,,1633,USEPA,"Analysis of Per- and Polyfluoroalkyl Substances (PFAS) in Aqueous, Solid, Biosolids, and Tissue Samples by LC-MS/MS",,,CASKEL,2023-08-09,,https://www.waterqualitydata.us/data/providers/STORET/organizations/21NYDECA_WQX/activities/21NYDECA_WQX-0601SWE0174A_DH_20230718T143800%3ACEC-00318/results/1060251005/resdetectqntlmts,Lower Quantitation Limit,4.2,ng/L,,2025-04-18T14:28:38,STORET
21NYDECA_WQX,New York State Dec Division Of Water,21NYDECA_WQX-1702HIG1106K_DH_20230906T115200:CEC-00440,Sample-Routine,Water,,2023-09-06,11:52:00,EDT,,,,,,,,,,,,Lake Probability 21-25,Lake Probability Sampling 2021-2025,NYSDEC,21NYDECA_WQX-23603,1702HIG1106K_DH,,,,,41.1667160400,-73.6045391600,,,,,,STORET-1060253056,Not Detected,None,Perfluorononanoic acid,Total,,,U,Accepted,,,,,,,,,,,,,,,,,,,,,,1633,USEPA,"Analysis of Per- and Polyfluoroalkyl Substances (PFAS) in Aqueous, Solid, Biosolids, and Tissue Samples by LC-MS/MS",,,CASKEL,2023-10-04,,https://www.waterqualitydata.us/data/providers/STORET/organizations/21NYDECA_WQX/activities/21NYDECA_WQX-1702HIG1106K_DH_20230906T115200%3ACEC-00440/results/1060253056/resdetectqntlmts,Lower Quantitation Limit,4,ng/L,,2025-04-18T14:28:49,STORET
21NYDECA_WQX,New York State Dec Division Of Water,21NYDECA_WQX-17-BRNX-12.3_20230926T1115:CEC-00473,Sample-Routine,Water,,2023-09-26,15:15:00,EDT,,,,,,,,,,,,RIBS Screening,Rotating Integrated Basin Studies (RIBS) Screening,NYSDEC,21NYDECA_WQX-8363,17-BRNX-12.3,,,,,40.9594400000,-73.8219950000,,,,,,STORET-1060253604,Not Detected,None,Perfluorononanoic acid,Total,,,U,Accepted,,,,,,,,,,,,,,,,,,,,,,1633,USEPA,"Analysis of Per- and Polyfluoroalkyl Substances (PFAS) in Aqueous, Solid, Biosolids, and Tissue Samples by LC-MS/MS",,,CASKEL,2023-10-20,,https://www.waterqualitydata.us/data/providers/STORET/organizations/21NYDECA_WQX/activities/21NYDECA_WQX-17-BRNX-12.3_20230926T1115%3ACEC-00473/results/1060253604/resdetectqntlmts,Lower Quantitation Limit,4.4,ng/L,,2025-04-18T14:28:52,STORET
21NYDECA_WQX,New York State Dec Division Of Water,21NYDECA_WQX-17-MILI-2.9_20230926T1130:CEC-00465,Sample-Routine,Water,,2023-09-26,15:30:00,EDT,,,,,,,,,,,,RIBS Screening,Rotating Integrated Basin Studies (RIBS) Screening,NYSDEC,21NYDECA_WQX-8666,17-MILI-2.9,,,,,41.2125000000,-73.5530500000,,,,,,STORET-1060253466,Not Detected,None,Perfluorononanoic acid,Total,,,U,Accepted,,,,,,,,,,,,,,,,,,,,,,1633,USEPA,"Analysis of Per- and Polyfluoroalkyl Substances (PFAS) in Aqueous, Solid, Biosolids, and Tissue Samples by LC-MS/MS",,,CASKEL,2023-10-19,,https://www.waterqualitydata.us/data/providers/STORET/organizations/21NYDECA_WQX/activities/21NYDECA_WQX-17-MILI-2.9_20230926T1130%3ACEC-00465/results/1060253466/resdetectqntlmts,Lower Quantitation Limit,4.5,ng/L,,2025-04-18T14:28:51,STORET
21NYDECA_WQX,New York State Dec Division Of Water,21NYDECA_WQX-10-IDIA_T1-5.0_20230727T1130:CEC-00351,Sample-Routine,Water,,2023-07-27,15:30:00,EDT,,,,,,,,,,,,RIBS Screening,Rotating Integrated Basin Studies (RIBS) Screening,NYSDEC,21NYDECA_WQX-23937,10-IDIA_T1-5.0,,,,,43.3653483224,-73.2912581890,,,,,,STORET-1060251632,Not Detected,None,Perfluorononanoic acid,Total,,,U,Accepted,,,,,,,,,,,,,,,,,,,,,,1633,USEPA,"Analysis of Per- and Polyfluoroalkyl Substances (PFAS) in Aqueous, Solid, Biosolids, and Tissue Samples by LC-MS/MS",,,CASKEL,2023-08-21,,https://www.waterqualitydata.us/data/providers/STORET/organizations/21NYDECA_WQX/activities/21NYDECA_WQX-10-IDIA_T1-5.0_20230727T1130%3ACEC-00351/results/1060251632/resdetectqntlmts,Lower Quantitation Limit,4.5,ng/L,,2025-04-18T14:28:42,STORET
21NYDECA_WQX,New York State Dec Division Of Water,21NYDECA_WQX-1005HIL0463_DH_20230920T111000:CEC-00453,Sample-Routine,Water,,2023-09-20,11:10:00,EDT,,,,,,,,,,,,Lake Probability 21-25,Lake Probability Sampling 2021-2025,NYSDEC,21NYDECA_WQX-17350,1005HIL0463_DH,,,,,43.5146085500,-73.2804545000,,,,,,STORET-1060253283,Not Detected,None,Perfluorononanoic acid,Total,,,U,Accepted,,,,,,,,,,,,,,,,,,,,,,1633,USEPA,"Analysis of Per- and Polyfluoroalkyl Substances (PFAS) in Aqueous, Solid, Biosolids, and Tissue Samples by LC-MS/MS",,,CASKEL,2023-10-12,,https://www.waterqualitydata.us/data/providers/STORET/organizations/21NYDECA_WQX/activities/21NYDECA_WQX-1005HIL0463_DH_20230920T111000%3ACEC-00453/results/1060253283/resdetectqntlmts,Lower Quantitation Limit,4.1,ng/L,,2025-04-18T14:28:50,STORET
21NYDECA_WQX,New York State Dec Division Of Water,21NYDECA_WQX-17-PENA-1.1_20230927T0900:CEC-00487,Sample-Routine,Water,,2023-09-27,13:00:00,EDT,,,,,,,,,,,,RIBS Screening,Rotating Integrated Basin Studies (RIBS) Screening,NYSDEC,21NYDECA_WQX-8799,17-PENA-1.1,,,,,40.7274700000,-73.2442700000,,,,,,STORET-1060253794,,None,Perfluorononanoic acid,Total,2.6,ng/L,CON,Accepted,,Actual,,,,,,,,,,,,,,,,,,,,1633,USEPA,"Analysis of Per- and Polyfluoroalkyl Substances (PFAS) in Aqueous, Solid, Biosolids, and Tissue Samples by LC-MS/MS",,,CASKEL,2023-10-19,,https://www.waterqualitydata.us/data/providers/STORET/organizations/21NYDECA_WQX/activities/21NYDECA_WQX-17-PENA-1.1_20230927T0900%3ACEC-00487/results/1060253794/resdetectqntlmts,Lower Quantitation Limit,4.5,ng/L,,2025-04-18T14:28:53,STORET
21NYDECA_WQX,New York State Dec Division Of Water,21NYDECA_WQX-17-PECN-8.9_20230927T0830:CEC-00479,Sample-Routine,Water,,2023-09-27,12:30:00,EDT,,,,,,,,,,,,RIBS Screening,Rotating Integrated Basin Studies (RIBS) Screening,NYSDEC,21NYDECA_WQX-8797,17-PECN-8.9,,,,,40.9036100000,-72.7647200000,,,,,,STORET-1060253696,,None,Perfluorononanoic acid,Total,120,ng/L,CON,Accepted,,Actual,,,,,,,,,,,,,,,,,,,,1633,USEPA,"Analysis of Per- and Polyfluoroalkyl Substances (PFAS) in Aqueous, Solid, Biosolids, and Tissue Samples by LC-MS/MS",,,CASKEL,2023-10-19,,https://www.waterqualitydata.us/data/providers/STORET/organizations/21NYDECA_WQX/activities/21NYDECA_WQX-17-PECN-8.9_20230927T0830%3ACEC-00479/results/1060253696/resdetectqntlmts,Lower Quantitation Limit,4.6,ng/L,,2025-04-18T14:28:52,STORET
21NYDECA_WQX,New York State Dec Division Of Water,21NYDECA_WQX-06-WHAR-26.1_20230822T1145:CEC-00356,Sample-Routine,Water,,2023-08-22,15:45:00,EDT,,,,,,,,,,,,RIBS Screening,Rotating Integrated Basin Studies (RIBS) Screening,NYSDEC,21NYDECA_WQX-23924,06-WHAR-26.1,,,,,42.8263083214,-75.1354801468,,,,,,STORET-1060251684,Not Detected,None,Perfluorononanoic acid,Total,,,U,Accepted,,,,,,,,,,,,,,,,,,,,,,1633,USEPA,"Analysis of Per- and Polyfluoroalkyl Substances (PFAS) in Aqueous, Solid, Biosolids, and Tissue Samples by LC-MS/MS",,,CASKEL,2023-09-15,,https://www.waterqualitydata.us/data/providers/STORET/organizations/21NYDECA_WQX/activities/21NYDECA_WQX-06-WHAR-26.1_20230822T1145%3ACEC-00356/results/1060251684/resdetectqntlmts,Lower Quantitation Limit,4.6,ng/L,,2025-04-18T14:28:42,STORET
21NYDECA_WQX,New York State Dec Division Of Water,21NYDECA_WQX-1702GRA1055_DH_20230613T103600:CEC-00283,Sample-Routine,Water,,2023-06-13,10:36:00,EDT,,,,,,,,,,,,Lake Probability 21-25,Lake Probability Sampling 2021-2025,NYSDEC,21NYDECA_WQX-23595,1702GRA1055_DH,,,,,40.9615540000,-73.8515630000,,,,,,STORET-1060250494,,None,Perfluorononanoic acid,Total,1.4,ng/L,CON,Accepted,,Actual,,,,,,,,,,,,,,,,,,,,1633,USEPA,"Analysis of Per- and Polyfluoroalkyl Substances (PFAS) in Aqueous, Solid, Biosolids, and Tissue Samples by LC-MS/MS",,,CASKEL,2023-06-28,,https://www.waterqualitydata.us/data/providers/STORET/organizations/21NYDECA_WQX/activities/21NYDECA_WQX-1702GRA1055_DH_20230613T103600%3ACEC-00283/results/1060250494/resdetectqntlmts,Lower Quantitation Limit,4.1,ng/L,,2025-04-18T14:28:36,STORET
21NYDECA_WQX,New York State Dec Division Of Water,21NYDECA_WQX-1005RAT5336_DH_20230919T113500:CEC-00444,Sample-Routine,Water,,2023-09-19,11:35:00,EDT,,,,,,,,,,,,Lake Probability 21-25,Lake Probability Sampling 2021-2025,NYSDEC,21NYDECA_WQX-17490,1005RAT5336_DH,,,,,43.4237642100,-73.2566368600,,,,,,STORET-1060253148,Not Detected,None,Perfluorononanoic acid,Total,,,U,Accepted,,,,,,,,,,,,,,,,,,,,,,1633,USEPA,"Analysis of Per- and Polyfluoroalkyl Substances (PFAS) in Aqueous, Solid, Biosolids, and Tissue Samples by LC-MS/MS",,,CASKEL,2023-10-13,,https://www.waterqualitydata.us/data/providers/STORET/organizations/21NYDECA_WQX/activities/21NYDECA_WQX-1005RAT5336_DH_20230919T113500%3ACEC-00444/results/1060253148/resdetectqntlmts,Lower Quantitation Limit,4.3,ng/L,,2025-04-18T14:28:50,STORET
21NYDECA_WQX,New York State Dec Division Of Water,21NYDECA_WQX-10-FAYB-1.0_20230726T1400:CEC-00331,Sample-Routine,Water,,2023-07-26,18:00:00,EDT,,,,,,,,,,,,RIBS Screening,Rotating Integrated Basin Studies (RIBS) Screening,NYSDEC,21NYDECA_WQX-23932,10-FAYB-1.0,,,,,44.3804896900,-74.1918978269,,,,,,STORET-1060251268,Not Detected,None,Perfluorononanoic acid,Total,,,U,Accepted,,,,,,,,,,,,,,,,,,,,,,1633,USEPA,"Analysis of Per- and Polyfluoroalkyl Substances (PFAS) in Aqueous, Solid, Biosolids, and Tissue Samples by LC-MS/MS",,,CASKEL,2023-08-09,,https://www.waterqualitydata.us/data/providers/STORET/organizations/21NYDECA_WQX/activities/21NYDECA_WQX-10-FAYB-1.0_20230726T1400%3ACEC-00331/results/1060251268/resdetectqntlmts,Lower Quantitation Limit,4.4,ng/L,,2025-04-18T14:28:40,STORET
21NYDECA_WQX,New York State Dec Division Of Water,21NYDECA_WQX-17-MILI_T5-0.6_20230926T1230:CEC-00463,Sample-Routine,Water,,2023-09-26,16:30:00,EDT,,,,,,,,,,,,RIBS Screening,Rotating Integrated Basin Studies (RIBS) Screening,NYSDEC,21NYDECA_WQX-24004,17-MILI_T5-0.6,,,,,41.2122533381,-73.5672581909,,,,,,STORET-1060253386,Not Detected,None,Perfluorononanoic acid,Total,,,U,Accepted,,,,,,,,,,,,,,,,,,,,,,1633,USEPA,"Analysis of Per- and Polyfluoroalkyl Substances (PFAS) in Aqueous, Solid, Biosolids, and Tissue Samples by LC-MS/MS",,,CASKEL,2023-10-18,,https://www.waterqualitydata.us/data/providers/STORET/organizations/21NYDECA_WQX/activities/21NYDECA_WQX-17-MILI_T5-0.6_20230926T1230%3ACEC-00463/results/1060253386/resdetectqntlmts,Lower Quantitation Limit,4.5,ng/L,,2025-04-18T14:28:51,STORET
21NYDECA_WQX,New York State Dec Division Of Water,21NYDECA_WQX-10-GRAV-7.8_20230725T1200:CEC-00322,Sample-Routine,Water,,2023-07-25,16:00:00,EDT,,,,,,,,,,,,RIBS Screening,Rotating Integrated Basin Studies (RIBS) Screening,NYSDEC,21NYDECA_WQX-23934,10-GRAV-7.8,,,,,44.8654337469,-73.7851535329,,,,,,STORET-1060251130,Not Detected,None,Perfluorononanoic acid,Total,,,U,Accepted,,,,,,,,,,,,,,,,,,,,,,1633,USEPA,"Analysis of Per- and Polyfluoroalkyl Substances (PFAS) in Aqueous, Solid, Biosolids, and Tissue Samples by LC-MS/MS",,,CASKEL,2023-08-21,,https://www.waterqualitydata.us/data/providers/STORET/organizations/21NYDECA_WQX/activities/21NYDECA_WQX-10-GRAV-7.8_20230725T1200%3ACEC-00322/results/1060251130/resdetectqntlmts,Lower Quantitation Limit,4.4,ng/L,,2025-04-18T14:28:39,STORET
21NYDECA_WQX,New York State Dec Division Of Water,21NYDECA_WQX-06-SANG_T11-1.0_20230824T1215:CEC-00368,Sample-Routine,Water,,2023-08-24,16:15:00,EDT,,,,,,,,,,,,RIBS Screening,Rotating Integrated Basin Studies (RIBS) Screening,NYSDEC,21NYDECA_WQX-23919,06-SANG_T11-1.0,,,,,42.7926272141,-75.5096637981,,,,,,STORET-1060251908,Not Detected,None,Perfluorononanoic acid,Total,,,U,Accepted,,,,,,,,,,,,,,,,,,,,,,1633,USEPA,"Analysis of Per- and Polyfluoroalkyl Substances (PFAS) in Aqueous, Solid, Biosolids, and Tissue Samples by LC-MS/MS",,,CASKEL,2023-09-15,,https://www.waterqualitydata.us/data/providers/STORET/organizations/21NYDECA_WQX/activities/21NYDECA_WQX-06-SANG_T11-1.0_20230824T1215%3ACEC-00368/results/1060251908/resdetectqntlmts,Lower Quantitation Limit,4.7,ng/L,,2025-04-18T14:28:43,STORET
21NYDECA_WQX,New York State Dec Division Of Water,21NYDECA_WQX-1004UAU0277_DH_20230809T133000:CEC-00407,Sample-Routine,Water,,2023-08-09,13:30:00,EDT,,,,,,,,,,,,Lake Probability 21-25,Lake Probability Sampling 2021-2025,NYSDEC,21NYDECA_WQX-16915,1004UAU0277_DH,,,,,44.0773690900,-73.8729802300,,,,,,STORET-1060252511,Not Detected,None,Perfluorononanoic acid,Total,,,U,Accepted,,,,,,,,,,,,,,,,,,,,,,1633,USEPA,"Analysis of Per- and Polyfluoroalkyl Substances (PFAS) in Aqueous, Solid, Biosolids, and Tissue Samples by LC-MS/MS",,,CASKEL,2023-09-11,,https://www.waterqualitydata.us/data/providers/STORET/organizations/21NYDECA_WQX/activities/21NYDECA_WQX-1004UAU0277_DH_20230809T133000%3ACEC-00407/results/1060252511/resdetectqntlmts,Lower Quantitation Limit,4.1,ng/L,,2025-04-18T14:28:46,STORET
21NYDECA_WQX,New York State Dec Division Of Water,21NYDECA_WQX-10-TROK-7.5_20230727T1000:CEC-00343,Sample-Routine,Water,,2023-07-27,14:00:00,EDT,,,,,,,,,,,,RIBS Screening,Rotating Integrated Basin Studies (RIBS) Screening,NYSDEC,21NYDECA_WQX-23952,10-TROK-7.5,,,,,43.8108480573,-73.4925048534,,,,,,STORET-1060251495,Not Detected,None,Perfluorononanoic acid,Total,,,U,Accepted,,,,,,,,,,,,,,,,,,,,,,1633,USEPA,"Analysis of Per- and Polyfluoroalkyl Substances (PFAS) in Aqueous, Solid, Biosolids, and Tissue Samples by LC-MS/MS",,,CASKEL,2023-08-10,,https://www.waterqualitydata.us/data/providers/STORET/organizations/21NYDECA_WQX/activities/21NYDECA_WQX-10-TROK-7.5_20230727T1000%3ACEC-00343/results/1060251495/resdetectqntlmts,Lower Quantitation Limit,4.4,ng/L,,2025-04-18T14:28:41,STORET
21NYDECA_WQX,New York State Dec Division Of Water,21NYDECA_WQX-0601GOO0360_DH_20230815T124500:CEC-00419,Sample-Routine,Water,,2023-08-15,12:45:00,EDT,,,,,,,,,,,,Lake Probability 21-25,Lake Probability Sampling 2021-2025,NYSDEC,21NYDECA_WQX-5296,0601GOO0360_DH,,,,,42.5071600000,-74.9823330000,,,,,,STORET-1060252661,Not Detected,None,Perfluorononanoic acid,Total,,,U,Accepted,,,,,,,,,,,,,,,,,,,,,,1633,USEPA,"Analysis of Per- and Polyfluoroalkyl Substances (PFAS) in Aqueous, Solid, Biosolids, and Tissue Samples by LC-MS/MS",,,CASKEL,2023-09-07,,https://www.waterqualitydata.us/data/providers/STORET/organizations/21NYDECA_WQX/activities/21NYDECA_WQX-0601GOO0360_DH_20230815T124500%3ACEC-00419/results/1060252661/resdetectqntlmts,Lower Quantitation Limit,4.3,ng/L,,2025-04-18T14:28:47,STORET
21NYDECA_WQX,New York State Dec Division Of Water,21NYDECA_WQX-1003FIS0124_DH_20230629T100000:CEC-00303,Sample-Routine,Water,,2023-06-29,10:00:00,EDT,,,,,,,,,,,,Lake Probability 21-25,Lake Probability Sampling 2021-2025,NYSDEC,21NYDECA_WQX-9830,1003FIS0124_DH,,,,,44.2982180400,-74.3587726500,,,,,,STORET-1060250777,,None,Perfluorononanoic acid,Total,0.76,ng/L,CON,Accepted,,Actual,,,,,,,,,,,,,,,,,,,,1633,USEPA,"Analysis of Per- and Polyfluoroalkyl Substances (PFAS) in Aqueous, Solid, Biosolids, and Tissue Samples by LC-MS/MS",,,CASKEL,2023-07-27,,https://www.waterqualitydata.us/data/providers/STORET/organizations/21NYDECA_WQX/activities/21NYDECA_WQX-1003FIS0124_DH_20230629T100000%3ACEC-00303/results/1060250777/resdetectqntlmts,Lower Quantitation Limit,4.1,ng/L,,2025-04-18T14:28:37,STORET
21NYDECA_WQX,New York State Dec Division Of Water,21NYDECA_WQX-10-BOQT-11.9_20230726T1230:CEC-00348,Sample-Routine,Water,,2023-07-26,16:30:00,EDT,,,,,,,,,,,,RIBS Screening,Rotating Integrated Basin Studies (RIBS) Screening,NYSDEC,21NYDECA_WQX-23926,10-BOQT-11.9,,,,,44.2525537786,-73.4058367767,,,,,,STORET-1060251546,Not Detected,None,Perfluorononanoic acid,Total,,,U,Accepted,,,,,,,,,,,,,,,,,,,,,,1633,USEPA,"Analysis of Per- and Polyfluoroalkyl Substances (PFAS) in Aqueous, Solid, Biosolids, and Tissue Samples by LC-MS/MS",,,CASKEL,2023-08-10,,https://www.waterqualitydata.us/data/providers/STORET/organizations/21NYDECA_WQX/activities/21NYDECA_WQX-10-BOQT-11.9_20230726T1230%3ACEC-00348/results/1060251546/resdetectqntlmts,Lower Quantitation Limit,4.3,ng/L,,2025-04-18T14:28:41,STORET
21NYDECA_WQX,New York State Dec Division Of Water,21NYDECA_WQX-17-MILI_T6-1.7_20230926T1030:CEC-00464,Sample-Routine,Water,,2023-09-26,14:30:00,EDT,,,,,,,,,,,,RIBS Screening,Rotating Integrated Basin Studies (RIBS) Screening,NYSDEC,21NYDECA_WQX-24005,17-MILI_T6-1.7,,,,,41.2422300810,-73.5288473680,,,,,,STORET-1060253426,Not Detected,None,Perfluorononanoic acid,Total,,,U,Accepted,,,,,,,,,,,,,,,,,,,,,,1633,USEPA,"Analysis of Per- and Polyfluoroalkyl Substances (PFAS) in Aqueous, Solid, Biosolids, and Tissue Samples by LC-MS/MS",,,CASKEL,2023-10-19,,https://www.waterqualitydata.us/data/providers/STORET/organizations/21NYDECA_WQX/activities/21NYDECA_WQX-17-MILI_T6-1.7_20230926T1030%3ACEC-00464/results/1060253426/resdetectqntlmts,Lower Quantitation Limit,4.5,ng/L,,2025-04-18T14:28:51,STORET
21NYDECA_WQX,New York State Dec Division Of Water,21NYDECA_WQX-0601UWB5827_DH_20230829T114500:CEC-00388,Sample-Routine,Water,,2023-08-29,11:45:00,EDT,,,,,,,,,,,,Lake Probability 21-25,Lake Probability Sampling 2021-2025,NYSDEC,21NYDECA_WQX-6614,0601UWB5827_DH,,,,,42.6356230100,-74.6940860700,,,,,,STORET-1060252230,Not Detected,None,Perfluorononanoic acid,Total,,,U,Accepted,,,,,,,,,,,,,,,,,,,,,,1633,USEPA,"Analysis of Per- and Polyfluoroalkyl Substances (PFAS) in Aqueous, Solid, Biosolids, and Tissue Samples by LC-MS/MS",,,CASKEL,2023-09-15,,https://www.waterqualitydata.us/data/providers/STORET/organizations/21NYDECA_WQX/activities/21NYDECA_WQX-0601UWB5827_DH_20230829T114500%3ACEC-00388/results/1060252230/resdetectqntlmts,Lower Quantitation Limit,4,ng/L,,2025-04-18T14:28:45,STORET
21NYDECA_WQX,New York State Dec Division Of Water,21NYDECA_WQX-17-BLND_T2-3.6_20230926T1200:CEC-00470,Sample-Routine,Water,,2023-09-26,16:00:00,EDT,,,,,,,,,,,,RIBS Screening,Rotating Integrated Basin Studies (RIBS) Screening,NYSDEC,21NYDECA_WQX-23998,17-BLND_T2-3.6,,,,,41.0515639766,-73.7069770125,,,,,,STORET-1060253518,,None,Perfluorononanoic acid,Total,0.97,ng/L,CON,Accepted,,Actual,,,,,,,,,,,,,,,,,,,,1633,USEPA,"Analysis of Per- and Polyfluoroalkyl Substances (PFAS) in Aqueous, Solid, Biosolids, and Tissue Samples by LC-MS/MS",,,CASKEL,2023-10-19,,https://www.waterqualitydata.us/data/providers/STORET/organizations/21NYDECA_WQX/activities/21NYDECA_WQX-17-BLND_T2-3.6_20230926T1200%3ACEC-00470/results/1060253518/resdetectqntlmts,Lower Quantitation Limit,4.5,ng/L,,2025-04-18T14:28:52,STORET
21NYDECA_WQX,New York State Dec Division Of Water,21NYDECA_WQX-1003CRA0075_DH_20230919T140000:CEC-00451,Sample-Routine,Water,,2023-09-19,14:00:00,EDT,,,,,,,,,,,,Lake Probability 21-25,Lake Probability Sampling 2021-2025,NYSDEC,21NYDECA_WQX-11021,1003CRA0075_DH,,,,,44.4717041200,-73.9015444300,,,,,,STORET-1060253206,Not Detected,None,Perfluorononanoic acid,Total,,,U,Accepted,,,,,,,,,,,,,,,,,,,,,,1633,USEPA,"Analysis of Per- and Polyfluoroalkyl Substances (PFAS) in Aqueous, Solid, Biosolids, and Tissue Samples by LC-MS/MS",,,CASKEL,2023-10-12,,https://www.waterqualitydata.us/data/providers/STORET/organizations/21NYDECA_WQX/activities/21NYDECA_WQX-1003CRA0075_DH_20230919T140000%3ACEC-00451/results/1060253206/resdetectqntlmts,Lower Quantitation Limit,4.2,ng/L,,2025-04-18T14:28:50,STORET
21NYDECA_WQX,New York State Dec Division Of Water,21NYDECA_WQX-1005BUT5350_DH_20230921T104500:CEC-00391,Sample-Routine,Water,,2023-09-21,10:45:00,EDT,,,,,,,,,,,,Lake Probability 21-25,Lake Probability Sampling 2021-2025,NYSDEC,21NYDECA_WQX-17213,1005BUT5350_DH,,,,,43.3492050200,-73.7273483300,,,,,,STORET-1060252276,Not Detected,None,Perfluorononanoic acid,Total,,,U,Accepted,,,,,,,,,,,,,,,,,,,,,,1633,USEPA,"Analysis of Per- and Polyfluoroalkyl Substances (PFAS) in Aqueous, Solid, Biosolids, and Tissue Samples by LC-MS/MS",,,CASKEL,2023-10-18,,https://www.waterqualitydata.us/data/providers/STORET/organizations/21NYDECA_WQX/activities/21NYDECA_WQX-1005BUT5350_DH_20230921T104500%3ACEC-00391/results/1060252276/resdetectqntlmts,Lower Quantitation Limit,4.3,ng/L,,2025-04-18T14:28:45,STORET
21NYDECA_WQX,New York State Dec Division Of Water,21NYDECA_WQX-1003BLA0130_DH_20230810T102900:CEC-00405,Sample-Routine,Water,,2023-08-10,10:29:00,EDT,,,,,,,,,,,,Lake Probability 21-25,Lake Probability Sampling 2021-2025,NYSDEC,21NYDECA_WQX-10996,1003BLA0130_DH,,,,,44.3080572400,-74.3810488100,,,,,,STORET-1060252431,Not Detected,None,Perfluorononanoic acid,Total,,,U,Accepted,,,,,,,,,,,,,,,,,,,,,,1633,USEPA,"Analysis of Per- and Polyfluoroalkyl Substances (PFAS) in Aqueous, Solid, Biosolids, and Tissue Samples by LC-MS/MS",,,CASKEL,2023-09-11,,https://www.waterqualitydata.us/data/providers/STORET/organizations/21NYDECA_WQX/activities/21NYDECA_WQX-1003BLA0130_DH_20230810T102900%3ACEC-00405/results/1060252431/resdetectqntlmts,Lower Quantitation Limit,4.2,ng/L,,2025-04-18T14:28:46,STORET
21NYDECA_WQX,New York State Dec Division Of Water,21NYDECA_WQX-06-CSPR-3.5_20230824T0930:CEC-00379,Sample-Routine,Water,,2023-08-24,13:30:00,EDT,,,,,,,,,,,,RIBS Screening,Rotating Integrated Basin Studies (RIBS) Screening,NYSDEC,21NYDECA_WQX-23908,06-CSPR-3.5,,,,,42.7200391820,-75.5749001407,,,,,,STORET-1060252052,Not Detected,None,Perfluorononanoic acid,Total,,,U,Accepted,,,,,,,,,,,,,,,,,,,,,,1633,USEPA,"Analysis of Per- and Polyfluoroalkyl Substances (PFAS) in Aqueous, Solid, Biosolids, and Tissue Samples by LC-MS/MS",,,CASKEL,2023-09-15,,https://www.waterqualitydata.us/data/providers/STORET/organizations/21NYDECA_WQX/activities/21NYDECA_WQX-06-CSPR-3.5_20230824T0930%3ACEC-00379/results/1060252052/resdetectqntlmts,Lower Quantitation Limit,4.6,ng/L,,2025-04-18T14:28:44,STORET
21NYDECA_WQX,New York State Dec Division Of Water,21NYDECA_WQX-06-TROW-3.7_20230823T1015:CEC-00363,Sample-Routine,Water,,2023-08-23,14:15:00,EDT,,,,,,,,,,,,RIBS Screening,Rotating Integrated Basin Studies (RIBS) Screening,NYSDEC,21NYDECA_WQX-23922,06-TROW-3.7,,,,,42.0225577527,-75.7313670891,,,,,,STORET-1060251816,Not Detected,None,Perfluorononanoic acid,Total,,,U,Accepted,,,,,,,,,,,,,,,,,,,,,,1633,USEPA,"Analysis of Per- and Polyfluoroalkyl Substances (PFAS) in Aqueous, Solid, Biosolids, and Tissue Samples by LC-MS/MS",,,CASKEL,2023-09-15,,https://www.waterqualitydata.us/data/providers/STORET/organizations/21NYDECA_WQX/activities/21NYDECA_WQX-06-TROW-3.7_20230823T1015%3ACEC-00363/results/1060251816/resdetectqntlmts,Lower Quantitation Limit,4.6,ng/L,,2025-04-18T14:28:43,STORET
21NYDECA_WQX,New York State Dec Division Of Water,21NYDECA_WQX-06-CORL_T1-0.5_20230824T0845:CEC-00382,Sample-Routine,Water,,2023-08-24,12:45:00,EDT,,,,,,,,,,,,RIBS Screening,Rotating Integrated Basin Studies (RIBS) Screening,NYSDEC,21NYDECA_WQX-23907,06-CORL_T1-0.5,,,,,42.2006889701,-75.5312840088,,,,,,STORET-1060252138,Not Detected,None,Perfluorononanoic acid,Total,,,U,Accepted,,,,,,,,,,,,,,,,,,,,,,1633,USEPA,"Analysis of Per- and Polyfluoroalkyl Substances (PFAS) in Aqueous, Solid, Biosolids, and Tissue Samples by LC-MS/MS",,,CASKEL,2023-09-15,,https://www.waterqualitydata.us/data/providers/STORET/organizations/21NYDECA_WQX/activities/21NYDECA_WQX-06-CORL_T1-0.5_20230824T0845%3ACEC-00382/results/1060252138/resdetectqntlmts,Lower Quantitation Limit,4.6,ng/L,,2025-04-18T14:28:44,STORET
21NYDECA_WQX,New York State Dec Division Of Water,21NYDECA_WQX-0602PET0078_DH_20230816T104500:CEC-00422,Sample-Routine,Water,,2023-08-16,10:45:00,EDT,,,,,,,,,,,,Lake Probability 21-25,Lake Probability Sampling 2021-2025,NYSDEC,21NYDECA_WQX-4744,0602PET0078_DH,,,,,42.3523400000,-75.7989400000,,,,,,STORET-1060252781,Not Detected,None,Perfluorononanoic acid,Total,,,U,Accepted,,,,,,,,,,,,,,,,,,,,,,1633,USEPA,"Analysis of Per- and Polyfluoroalkyl Substances (PFAS) in Aqueous, Solid, Biosolids, and Tissue Samples by LC-MS/MS",,,CASKEL,2023-09-07,,https://www.waterqualitydata.us/data/providers/STORET/organizations/21NYDECA_WQX/activities/21NYDECA_WQX-0602PET0078_DH_20230816T104500%3ACEC-00422/results/1060252781/resdetectqntlmts,Lower Quantitation Limit,4.3,ng/L,,2025-04-18T14:28:48,STORET
21NYDECA_WQX,New York State Dec Division Of Water,21NYDECA_WQX-0601UWB5808_DH_20230720T143300:CEC-00320,Sample-Routine,Water,,2023-07-20,14:33:00,EDT,,,,,,,,,,,,Lake Probability 21-25,Lake Probability Sampling 2021-2025,NYSDEC,21NYDECA_WQX-6484,0601UWB5808_DH,,,,,42.6833278800,-75.0739587700,,,,,,STORET-1060251085,Not Detected,None,Perfluorononanoic acid,Total,,,U,Accepted,,,,,,,,,,,,,,,,,,,,,,1633,USEPA,"Analysis of Per- and Polyfluoroalkyl Substances (PFAS) in Aqueous, Solid, Biosolids, and Tissue Samples by LC-MS/MS",,,CASKEL,2023-08-09,,https://www.waterqualitydata.us/data/providers/STORET/organizations/21NYDECA_WQX/activities/21NYDECA_WQX-0601UWB5808_DH_20230720T143300%3ACEC-00320/results/1060251085/resdetectqntlmts,Lower Quantitation Limit,4.1,ng/L,,2025-04-18T14:28:39,STORET
21NYDECA_WQX,New York State Dec Division Of Water,21NYDECA_WQX-17-CARM-9.0_20230927T0800:CEC-00490,Sample-Routine,Water,,2023-09-27,12:00:00,EDT,,,,,,,,,,,,RIBS Screening,Rotating Integrated Basin Studies (RIBS) Screening,NYSDEC,21NYDECA_WQX-8498,17-CARM-9.0,,,,,40.8300000000,-72.9069400000,,,,,,STORET-1060253880,Not Detected,None,Perfluorononanoic acid,Total,,,U,Accepted,,,,,,,,,,,,,,,,,,,,,,1633,USEPA,"Analysis of Per- and Polyfluoroalkyl Substances (PFAS) in Aqueous, Solid, Biosolids, and Tissue Samples by LC-MS/MS",,,CASKEL,2023-11-02,,https://www.waterqualitydata.us/data/providers/STORET/organizations/21NYDECA_WQX/activities/21NYDECA_WQX-17-CARM-9.0_20230927T0800%3ACEC-00490/results/1060253880/resdetectqntlmts,Lower Quantitation Limit,4.4,ng/L,,2025-04-18T14:28:53,STORET
21NYDECA_WQX,New York State Dec Division Of Water,21NYDECA_WQX-06-CHAR-24.8_20230822T0830:CEC-00360,Sample-Routine,Water,,2023-08-22,12:30:00,EDT,,,,,,,,,,,,RIBS Screening,Rotating Integrated Basin Studies (RIBS) Screening,NYSDEC,21NYDECA_WQX-23905,06-CHAR-24.8,,,,,42.5439980288,-74.6634513700,,,,,,STORET-1060251770,Not Detected,None,Perfluorononanoic acid,Total,,,U,Accepted,,,,,,,,,,,,,,,,,,,,,,1633,USEPA,"Analysis of Per- and Polyfluoroalkyl Substances (PFAS) in Aqueous, Solid, Biosolids, and Tissue Samples by LC-MS/MS",,,CASKEL,2023-09-15,,https://www.waterqualitydata.us/data/providers/STORET/organizations/21NYDECA_WQX/activities/21NYDECA_WQX-06-CHAR-24.8_20230822T0830%3ACEC-00360/results/1060251770/resdetectqntlmts,Lower Quantitation Limit,4.6,ng/L,,2025-04-18T14:28:42,STORET
21NYDECA_WQX,New York State Dec Division Of Water,21NYDECA_WQX-0602MAS5678_DH_20230831T112500:CEC-00434,Sample-Routine,Water,,2023-08-31,11:25:00,EDT,,,,,,,,,,,,Lake Probability 21-25,Lake Probability Sampling 2021-2025,NYSDEC,21NYDECA_WQX-4720,0602MAS5678_DH,,,,,42.7698138400,-76.0758776000,,,,,,STORET-1060252964,Not Detected,None,Perfluorononanoic acid,Total,,,U,Accepted,,,,,,,,,,,,,,,,,,,,,,1633,USEPA,"Analysis of Per- and Polyfluoroalkyl Substances (PFAS) in Aqueous, Solid, Biosolids, and Tissue Samples by LC-MS/MS",,,CASKEL,2023-09-21,,https://www.waterqualitydata.us/data/providers/STORET/organizations/21NYDECA_WQX/activities/21NYDECA_WQX-0602MAS5678_DH_20230831T112500%3ACEC-00434/results/1060252964/resdetectqntlmts,Lower Quantitation Limit,4,ng/L,,2025-04-18T14:28:49,STORET
21NYDECA_WQX,New York State Dec Division Of Water,21NYDECA_WQX-1702GRE0378_DH_20230614T095000:CEC-00311,Sample-Routine,Water,,2023-06-14,09:50:00,EDT,,,,,,,,,,,,Lake Probability 21-25,Lake Probability Sampling 2021-2025,NYSDEC,21NYDECA_WQX-23598,1702GRE0378_DH,,,,,41.0671220000,-72.4542760000,,,,,,STORET-1060250947,,None,Perfluorononanoic acid,Total,1.3,ng/L,CON,Accepted,,Actual,,,,,,,,,,,,,,,,,,,,1633,USEPA,"Analysis of Per- and Polyfluoroalkyl Substances (PFAS) in Aqueous, Solid, Biosolids, and Tissue Samples by LC-MS/MS",,,CASKEL,2023-07-06,,https://www.waterqualitydata.us/data/providers/STORET/organizations/21NYDECA_WQX/activities/21NYDECA_WQX-1702GRE0378_DH_20230614T095000%3ACEC-00311/results/1060250947/resdetectqntlmts,Lower Quantitation Limit,4.1,ng/L,,2025-04-18T14:28:38,STORET
21NYDECA_WQX,New York State Dec Division Of Water,21NYDECA_WQX-0601MIL5877_DH_20230831T113000:CEC-00433,Sample-Routine,Water,,2023-08-31,11:30:00,EDT,,,,,,,,,,,,Lake Probability 21-25,Lake Probability Sampling 2021-2025,NYSDEC,21NYDECA_WQX-5311,0601MIL5877_DH,,,,,42.6242778300,-75.3635355200,,,,,,STORET-1060252924,Not Detected,None,Perfluorononanoic acid,Total,,,U,Accepted,,,,,,,,,,,,,,,,,,,,,,1633,USEPA,"Analysis of Per- and Polyfluoroalkyl Substances (PFAS) in Aqueous, Solid, Biosolids, and Tissue Samples by LC-MS/MS",,,CASKEL,2023-09-21,,https://www.waterqualitydata.us/data/providers/STORET/organizations/21NYDECA_WQX/activities/21NYDECA_WQX-0601MIL5877_DH_20230831T113000%3ACEC-00433/results/1060252924/resdetectqntlmts,Lower Quantitation Limit,3.9,ng/L,,2025-04-18T14:28:49,STORET
21NYDECA_WQX,New York State Dec Division Of Water,21NYDECA_WQX-06-TOGH_E_T3-5.3_20230823T1330:CEC-00378,Sample-Routine,Water,,2023-08-23,17:30:00,EDT,,,,,,,,,,,,RIBS Screening,Rotating Integrated Basin Studies (RIBS) Screening,NYSDEC,21NYDECA_WQX-23921,06-TOGH_E_T3-5.3,,,,,42.6784127691,-76.1331368921,,,,,,STORET-1060252012,Not Detected,None,Perfluorononanoic acid,Total,,,U,Accepted,,,,,,,,,,,,,,,,,,,,,,1633,USEPA,"Analysis of Per- and Polyfluoroalkyl Substances (PFAS) in Aqueous, Solid, Biosolids, and Tissue Samples by LC-MS/MS",,,CASKEL,2023-09-15,,https://www.waterqualitydata.us/data/providers/STORET/organizations/21NYDECA_WQX/activities/21NYDECA_WQX-06-TOGH_E_T3-5.3_20230823T1330%3ACEC-00378/results/1060252012/resdetectqntlmts,Lower Quantitation Limit,4.7,ng/L,,2025-04-18T14:28:44,STORET
21NYDECA_WQX,New York State Dec Division Of Water,21NYDECA_WQX-10-SABL_E-5.8_20230726T1345:CEC-00341,Sample-Routine,Water,,2023-07-26,17:45:00,EDT,,,,,,,,,,,,RIBS Screening,Rotating Integrated Basin Studies (RIBS) Screening,NYSDEC,21NYDECA_WQX-2559,10-SABL_E-5.8,,,,,44.3772330000,-73.7149300000,,,,,,STORET-1060251449,Not Detected,None,Perfluorononanoic acid,Total,,,U,Accepted,,,,,,,,,,,,,,,,,,,,,,1633,USEPA,"Analysis of Per- and Polyfluoroalkyl Substances (PFAS) in Aqueous, Solid, Biosolids, and Tissue Samples by LC-MS/MS",,,CASKEL,2023-08-09,,https://www.waterqualitydata.us/data/providers/STORET/organizations/21NYDECA_WQX/activities/21NYDECA_WQX-10-SABL_E-5.8_20230726T1345%3ACEC-00341/results/1060251449/resdetectqntlmts,Lower Quantitation Limit,4.3,ng/L,,2025-04-18T14:28:41,STORET
21NYDECA_WQX,New York State Dec Division Of Water,21NYDECA_WQX-17-BEVD-2.1_20230927T1300:CEC-00478,Sample-Routine,Water,,2023-09-27,17:00:00,EDT,,,,,,,,,,,,RIBS Screening,Rotating Integrated Basin Studies (RIBS) Screening,NYSDEC,21NYDECA_WQX-8352,17-BEVD-2.1,,,,,40.8276300000,-72.6586480000,,,,,,STORET-1060253656,Not Detected,None,Perfluorononanoic acid,Total,,,U,Accepted,,,,,,,,,,,,,,,,,,,,,,1633,USEPA,"Analysis of Per- and Polyfluoroalkyl Substances (PFAS) in Aqueous, Solid, Biosolids, and Tissue Samples by LC-MS/MS",,,CASKEL,2023-10-19,,https://www.waterqualitydata.us/data/providers/STORET/organizations/21NYDECA_WQX/activities/21NYDECA_WQX-17-BEVD-2.1_20230927T1300%3ACEC-00478/results/1060253656/resdetectqntlmts,Lower Quantitation Limit,4.5,ng/L,,2025-04-18T14:28:52,STORET
21NYDECA_WQX,New York State Dec Division Of Water,21NYDECA_WQX-17-MIAN-13.3_20230926T1330:CEC-00462,Sample-Routine,Water,,2023-09-26,17:30:00,EDT,,,,,,,,,,,,RIBS Screening,Rotating Integrated Basin Studies (RIBS) Screening,NYSDEC,21NYDECA_WQX-8660,17-MIAN-13.3,,,,,41.1938900000,-73.6247200000,,,,,,STORET-1060253346,Not Detected,None,Perfluorononanoic acid,Total,,,U,Accepted,,,,,,,,,,,,,,,,,,,,,,1633,USEPA,"Analysis of Per- and Polyfluoroalkyl Substances (PFAS) in Aqueous, Solid, Biosolids, and Tissue Samples by LC-MS/MS",,,CASKEL,2023-10-18,,https://www.waterqualitydata.us/data/providers/STORET/organizations/21NYDECA_WQX/activities/21NYDECA_WQX-17-MIAN-13.3_20230926T1330%3ACEC-00462/results/1060253346/resdetectqntlmts,Lower Quantitation Limit,4.4,ng/L,,2025-04-18T14:28:51,STORET
21NYDECA_WQX,New York State Dec Division Of Water,21NYDECA_WQX-17-CONQ-1.4_20230927T1345:CEC-00492,Sample-Routine,Water,,2023-09-27,17:45:00,EDT,,,,,,,,,,,,RIBS Screening,Rotating Integrated Basin Studies (RIBS) Screening,NYSDEC,21NYDECA_WQX-8500,17-CONQ-1.4,,,,,40.7630600000,-73.1516700000,,,,,,STORET-1060253926,,None,Perfluorononanoic acid,Total,0.87,ng/L,CON,Accepted,,Actual,,,,,,,,,,,,,,,,,,,,1633,USEPA,"Analysis of Per- and Polyfluoroalkyl Substances (PFAS) in Aqueous, Solid, Biosolids, and Tissue Samples by LC-MS/MS",,,CASKEL,2023-11-08,,https://www.waterqualitydata.us/data/providers/STORET/organizations/21NYDECA_WQX/activities/21NYDECA_WQX-17-CONQ-1.4_20230927T1345%3ACEC-00492/results/1060253926/resdetectqntlmts,Lower Quantitation Limit,4.5,ng/L,,2025-04-18T14:28:54,STORET
21NYDECA_WQX,New York State Dec Division Of Water,21NYDECA_WQX-1004BUT0218_DH_20230629T113900:CEC-00305,Sample-Routine,Water,,2023-06-29,11:39:00,EDT,,,,,,,,,,,,Lake Probability 21-25,Lake Probability Sampling 2021-2025,NYSDEC,21NYDECA_WQX-16487,1004BUT0218_DH,,,,,44.4278319900,-73.4983818800,,,,,,STORET-1060250855,Not Detected,None,Perfluorononanoic acid,Total,,,U,Accepted,,,,,,,,,,,,,,,,,,,,,,1633,USEPA,"Analysis of Per- and Polyfluoroalkyl Substances (PFAS) in Aqueous, Solid, Biosolids, and Tissue Samples by LC-MS/MS",,,CASKEL,2023-07-27,,https://www.waterqualitydata.us/data/providers/STORET/organizations/21NYDECA_WQX/activities/21NYDECA_WQX-1004BUT0218_DH_20230629T113900%3ACEC-00305/results/1060250855/resdetectqntlmts,Lower Quantitation Limit,4.1,ng/L,,2025-04-18T14:28:38,STORET
21NYDECA_WQX,New York State Dec Division Of Water,21NYDECA_WQX-10-SABL_W-19.0_20230726T1015:CEC-00393,Sample-Routine,Water,,2023-07-26,14:15:00,EDT,,,,,,,,,,,,RIBS Screening,Rotating Integrated Basin Studies (RIBS) Screening,NYSDEC,21NYDECA_WQX-23949,10-SABL_W-19.0,,,,,44.3041525730,-73.9214766555,,,,,,STORET-1060252321,Not Detected,None,Perfluorononanoic acid,Total,,,U,Accepted,,,,,,,,,,,,,,,,,,,,,,1633,USEPA,"Analysis of Per- and Polyfluoroalkyl Substances (PFAS) in Aqueous, Solid, Biosolids, and Tissue Samples by LC-MS/MS",,,CASKEL,2023-08-21,,https://www.waterqualitydata.us/data/providers/STORET/organizations/21NYDECA_WQX/activities/21NYDECA_WQX-10-SABL_W-19.0_20230726T1015%3ACEC-00393/results/1060252321/resdetectqntlmts,Lower Quantitation Limit,4.4,ng/L,,2025-04-18T14:28:45,STORET
21NYDECA_WQX,New York State Dec Division Of Water,21NYDECA_WQX-10-GCHZ_N-2.5_20230725T0000:CEC-00338,Sample-Routine,Water,,2023-07-25,04:00:00,EDT,,,,,,,,,,,,RIBS Screening,Rotating Integrated Basin Studies (RIBS) Screening,NYSDEC,21NYDECA_WQX-23933,10-GCHZ_N-2.5,,,,,44.9492943673,-73.6720832059,,,,,,STORET-1060251363,Not Detected,None,Perfluorononanoic acid,Total,,,U,Accepted,,,,,,,,,,,,,,,,,,,,,,1633,USEPA,"Analysis of Per- and Polyfluoroalkyl Substances (PFAS) in Aqueous, Solid, Biosolids, and Tissue Samples by LC-MS/MS",,,CASKEL,2023-08-09,,https://www.waterqualitydata.us/data/providers/STORET/organizations/21NYDECA_WQX/activities/21NYDECA_WQX-10-GCHZ_N-2.5_20230725T0000%3ACEC-00338/results/1060251363/resdetectqntlmts,Lower Quantitation Limit,4.3,ng/L,,2025-04-18T14:28:40,STORET
21NYDECA_WQX,New York State Dec Division Of Water,21NYDECA_WQX-0601YOU0408_DH_20230815T100000:CEC-00420,Sample-Routine,Water,,2023-08-15,10:00:00,EDT,,,,,,,,,,,,Lake Probability 21-25,Lake Probability Sampling 2021-2025,NYSDEC,21NYDECA_WQX-6644,0601YOU0408_DH,,,,,42.8441440000,-74.9209080000,,,,,,STORET-1060252701,Not Detected,None,Perfluorononanoic acid,Total,,,U,Accepted,,,,,,,,,,,,,,,,,,,,,,1633,USEPA,"Analysis of Per- and Polyfluoroalkyl Substances (PFAS) in Aqueous, Solid, Biosolids, and Tissue Samples by LC-MS/MS",,,CASKEL,2023-09-07,,https://www.waterqualitydata.us/data/providers/STORET/organizations/21NYDECA_WQX/activities/21NYDECA_WQX-0601YOU0408_DH_20230815T100000%3ACEC-00420/results/1060252701/resdetectqntlmts,Lower Quantitation Limit,4.3,ng/L,,2025-04-18T14:28:47,STORET
21NYDECA_WQX,New York State Dec Division Of Water,21NYDECA_WQX-1005NOR0340_DH_20230920T124500:CEC-00452,Sample-Routine,Water,,2023-09-20,12:45:00,EDT,,,,,,,,,,,,Lake Probability 21-25,Lake Probability Sampling 2021-2025,NYSDEC,21NYDECA_WQX-17370,1005NOR0340_DH,,,,,44.1301713000,-73.5096662500,,,,,,STORET-1060253245,Not Detected,None,Perfluorononanoic acid,Total,,,U,Accepted,,,,,,,,,,,,,,,,,,,,,,1633,USEPA,"Analysis of Per- and Polyfluoroalkyl Substances (PFAS) in Aqueous, Solid, Biosolids, and Tissue Samples by LC-MS/MS",,,CASKEL,2023-10-12,,https://www.waterqualitydata.us/data/providers/STORET/organizations/21NYDECA_WQX/activities/21NYDECA_WQX-1005NOR0340_DH_20230920T124500%3ACEC-00452/results/1060253245/resdetectqntlmts,Lower Quantitation Limit,4.3,ng/L,,2025-04-18T14:28:50,STORET
21NYDECA_WQX,New York State Dec Division Of Water,21NYDECA_WQX-10-CBRK-4.1_20230726T0900:CEC-00329,Sample-Routine,Water,,2023-07-26,13:00:00,EDT,,,,,,,,,,,,RIBS Screening,Rotating Integrated Basin Studies (RIBS) Screening,NYSDEC,21NYDECA_WQX-23929,10-CBRK-4.1,,,,,44.6206477969,-73.9043557274,,,,,,STORET-1060251188,Not Detected,None,Perfluorononanoic acid,Total,,,U,Accepted,,,,,,,,,,,,,,,,,,,,,,1633,USEPA,"Analysis of Per- and Polyfluoroalkyl Substances (PFAS) in Aqueous, Solid, Biosolids, and Tissue Samples by LC-MS/MS",,,CASKEL,2023-08-09,,https://www.waterqualitydata.us/data/providers/STORET/organizations/21NYDECA_WQX/activities/21NYDECA_WQX-10-CBRK-4.1_20230726T0900%3ACEC-00329/results/1060251188/resdetectqntlmts,Lower Quantitation Limit,4.4,ng/L,,2025-04-18T14:28:39,STORET