OrganizationIdentifier,OrganizationFormalName,ActivityIdentifier,ActivityTypeCode,ActivityMediaName,ActivityMediaSubdivisionName,ActivityStartDate,ActivityStartTime/Time,ActivityStartTime/TimeZoneCode,ActivityEndDate,ActivityEndTime/Time,ActivityEndTime/TimeZoneCode,ActivityRelativeDepthName,ActivityDepthHeightMeasure/MeasureValue,ActivityDepthHeightMeasure/MeasureUnitCode,ActivityDepthAltitudeReferencePointText,ActivityTopDepthHeightMeasure/MeasureValue,ActivityTopDepthHeightMeasure/MeasureUnitCode,ActivityBottomDepthHeightMeasure/MeasureValue,ActivityBottomDepthHeightMeasure/MeasureUnitCode,ProjectIdentifier,ProjectName,ActivityConductingOrganizationText,MonitoringLocationIdentifier,MonitoringLocationName,ActivityCommentText,SampleAquifer,HydrologicCondition,HydrologicEvent,ActivityLocation/LatitudeMeasure,ActivityLocation/LongitudeMeasure,SampleCollectionMethod/MethodIdentifier,SampleCollectionMethod/MethodIdentifierContext,SampleCollectionMethod/MethodName,SampleCollectionMethod/MethodDescriptionText,SampleCollectionEquipmentName,ResultIdentifier,ResultDetectionConditionText,MethodSpeciationName,CharacteristicName,ResultSampleFractionText,ResultMeasureValue,ResultMeasure/MeasureUnitCode,MeasureQualifierCode,ResultStatusIdentifier,StatisticalBaseCode,ResultValueTypeName,ResultWeightBasisText,ResultTimeBasisText,ResultTemperatureBasisText,ResultParticleSizeBasisText,DataQuality/PrecisionValue,DataQuality/BiasValue,DataQuality/ConfidenceIntervalValue,DataQuality/UpperConfidenceLimitValue,DataQuality/LowerConfidenceLimitValue,ResultCommentText,USGSPCode,ResultDepthHeightMeasure/MeasureValue,ResultDepthHeightMeasure/MeasureUnitCode,ResultDepthAltitudeReferencePointText,SubjectTaxonomicName,SampleTissueAnatomyName,BinaryObjectFileName,BinaryObjectFileTypeCode,ResultFileUrl,ResultAnalyticalMethod/MethodIdentifier,ResultAnalyticalMethod/MethodIdentifierContext,ResultAnalyticalMethod/MethodName,ResultAnalyticalMethod/MethodUrl,ResultAnalyticalMethod/MethodDescriptionText,LaboratoryName,AnalysisStartDate,ResultLaboratoryCommentText,ResultDetectionQuantitationLimitUrl,DetectionQuantitationLimitTypeName,DetectionQuantitationLimitMeasure/MeasureValue,DetectionQuantitationLimitMeasure/MeasureUnitCode,LabSamplePreparationUrl,LastUpdated,ProviderName
DRBC,Delaware River Basin Commission,DRBC-P12:101707:1340:335-67-1,Sample-Routine,Water,,2007-10-17,13:40:00,EST,,,,,,,,,,,,PFAS Surface Water,Per- and polyfluoroalkyl substances,,DRBC-P12,105,,,,,39.9947700000,-75.0597800000,PFAS_water_sample,DRBC,PFAS water sample collection,Grab samples of surface water are collected directly into HDPE bottles by submerging,Water Bottle,STORET-872441276,,,Perfluorooctanoic acid,,5.8,ng/L,,Final,,Actual,,,,,,,,,,,,,,,,,,,,MLA-060,DRBC,SGS AXYS Method MLA-060,,,,,,https://www.waterqualitydata.us/data/providers/STORET/organizations/DRBC/activities/DRBC-P12%3A101707%3A1340%3A335-67-1/results/872441276/resdetectqntlmts,Estimated Detection Level,1.07,ng/L,,2021-01-20T15:08:31,STORET
DRBC,Delaware River Basin Commission,DRBC-P12:80608:1400:335-67-1,Sample-Routine,Water,,2008-08-06,14:00:00,EST,,,,,,,,,,,,PFAS Surface Water,Per- and polyfluoroalkyl substances,,DRBC-P12,105,,,,,39.9947700000,-75.0597800000,PFAS_water_sample,DRBC,PFAS water sample collection,Grab samples of surface water are collected directly into HDPE bottles by submerging,Water Bottle,STORET-872441379,,,Perfluorooctanoic acid,,5.1,ng/L,,Final,,Actual,,,,,,,,,,,,,,,,,,,,MLA-060,DRBC,SGS AXYS Method MLA-060,,,,,,https://www.waterqualitydata.us/data/providers/STORET/organizations/DRBC/activities/DRBC-P12%3A80608%3A1400%3A335-67-1/results/872441379/resdetectqntlmts,Estimated Detection Level,1,ng/L,,2021-01-20T15:08:34,STORET
DRBC,Delaware River Basin Commission,DRBC-P12:102209:1020:335-67-1,Sample-Routine,Water,,2009-10-22,10:20:00,EST,,,,,,,,,,,,PFAS Surface Water,Per- and polyfluoroalkyl substances,,DRBC-P12,105,,,,,39.9947700000,-75.0597800000,PFAS_water_sample,DRBC,PFAS water sample collection,Grab samples of surface water are collected directly into HDPE bottles by submerging,Water Bottle,STORET-872441438,,,Perfluorooctanoic acid,,5.37,ng/L,,Final,,Actual,,,,,,,,,,,,,,,,,,,,MLA-060,DRBC,SGS AXYS Method MLA-060,,,,,,https://www.waterqualitydata.us/data/providers/STORET/organizations/DRBC/activities/DRBC-P12%3A102209%3A1020%3A335-67-1/results/872441438/resdetectqntlmts,Estimated Detection Level,1.01,ng/L,,2021-01-20T15:08:35,STORET
DRBC,Delaware River Basin Commission,DRBC-P11:80315:1436:335-67-1,Sample-Routine,Water,,2015-08-03,14:36:00,EST,,,,,,,,,,,,PFAS Surface Water,Per- and polyfluoroalkyl substances,,DRBC-P11,105,,,,,39.9947700000,-75.0597800000,PFAS_water_sample,DRBC,PFAS water sample collection,Grab samples of surface water are collected directly into HDPE bottles by submerging,Water Bottle,STORET-872441300,,,Perfluorooctanoic acid,,3.27,ng/L,,Final,,Actual,,,,,,,,,,,,,,,,,,,,MLA-060,DRBC,SGS AXYS Method MLA-060,,,,,,https://www.waterqualitydata.us/data/providers/STORET/organizations/DRBC/activities/DRBC-P11%3A80315%3A1436%3A335-67-1/results/872441300/resdetectqntlmts,Estimated Detection Level,1.02,ng/L,,2021-01-20T15:08:31,STORET
DRBC,Delaware River Basin Commission,DRBC-P6:80315:1130:335-67-1,Sample-Routine,Water,,2015-08-03,11:30:00,EST,,,,,,,,,,,,PFAS Surface Water,Per- and polyfluoroalkyl substances,,DRBC-P6,85,,,,,39.8505500000,-75.3270900000,PFAS_water_sample,DRBC,PFAS water sample collection,Grab samples of surface water are collected directly into HDPE bottles by submerging,Water Bottle,STORET-872441357,,,Perfluorooctanoic acid,,5.79,ng/L,,Final,,Actual,,,,,,,,,,,,,,,,,,,,MLA-060,DRBC,SGS AXYS Method MLA-060,,,,,,https://www.waterqualitydata.us/data/providers/STORET/organizations/DRBC/activities/DRBC-P6%3A80315%3A1130%3A335-67-1/results/872441357/resdetectqntlmts,Estimated Detection Level,2.18,ng/L,,2021-01-20T15:08:33,STORET
DRBC,Delaware River Basin Commission,DRBC-PEAST183:92016:1023:335-67-1,Sample-Routine,Water,,2016-09-20,10:23:00,EST,,,,,,,,,,,,PFAS Surface Water,Per- and polyfluoroalkyl substances,,DRBC-PEAST183,183.82,,,,,40.6945000000,-75.2037970000,PFAS_water_sample,DRBC,PFAS water sample collection,Grab samples of surface water are collected directly into HDPE bottles by submerging,Water Bottle,STORET-872467516,Not Detected,,Perfluorooctanoic acid,,,,,Final,,Actual,,,,,,,,,,,,,,,,,,,,MLA-060,DRBC,SGS AXYS Method MLA-060,,,,,,https://www.waterqualitydata.us/data/providers/STORET/organizations/DRBC/activities/DRBC-PEAST183%3A92016%3A1023%3A335-67-1/results/872467516/resdetectqntlmts,Estimated Detection Level,1.01,ng/L,,2021-01-21T10:48:37,STORET
DRBC,Delaware River Basin Commission,DRBC-PNRB289:92016:1402:335-67-1,Sample-Routine,Water,,2016-09-20,14:02:00,EST,,,,,,,,,,,,PFAS Surface Water,Per- and polyfluoroalkyl substances,,DRBC-PNRB289,289.9,,,,,41.6113890000,-75.0616890000,PFAS_water_sample,DRBC,PFAS water sample collection,Grab samples of surface water are collected directly into HDPE bottles by submerging,Water Bottle,STORET-872467496,Not Detected,,Perfluorooctanoic acid,,,,,Final,,Actual,,,,,,,,,,,,,,,,,,,,MLA-060,DRBC,SGS AXYS Method MLA-060,,,,,,https://www.waterqualitydata.us/data/providers/STORET/organizations/DRBC/activities/DRBC-PNRB289%3A92016%3A1402%3A335-67-1/results/872467496/resdetectqntlmts,Estimated Detection Level,0.973,ng/L,,2021-01-21T10:48:37,STORET
DRBC,Delaware River Basin Commission,DRBC-PLAM149:92016:836:335-67-1,Sample-Routine,Water,,2016-09-20,08:36:00,EST,,,,,,,,,,,,PFAS Surface Water,Per- and polyfluoroalkyl substances,,DRBC-PLAM149,148.7,,,,,40.3649310000,-74.9489920000,PFAS_water_sample,DRBC,PFAS water sample collection,Grab samples of surface water are collected directly into HDPE bottles by submerging,Water Bottle,STORET-872467525,Not Detected,,Perfluorooctanoic acid,,,,,Final,,Actual,,,,,,,,,,,,,,,,,,,,MLA-060,DRBC,SGS AXYS Method MLA-060,,,,,,https://www.waterqualitydata.us/data/providers/STORET/organizations/DRBC/activities/DRBC-PLAM149%3A92016%3A836%3A335-67-1/results/872467525/resdetectqntlmts,Estimated Detection Level,0.966,ng/L,,2021-01-21T10:48:37,STORET
DRBC,Delaware River Basin Commission,DRBC-PPJM254:92016:1241:335-67-1,Sample-Routine,Water,,2016-09-20,12:41:00,EST,,,,,,,,,,,,PFAS Surface Water,Per- and polyfluoroalkyl substances,,DRBC-PPJM254,253.65,,,,,41.3715750000,-74.6973220000,PFAS_water_sample,DRBC,PFAS water sample collection,Grab samples of surface water are collected directly into HDPE bottles by submerging,Water Bottle,STORET-872467506,Not Detected,,Perfluorooctanoic acid,,,,,Final,,Actual,,,,,,,,,,,,,,,,,,,,MLA-060,DRBC,SGS AXYS Method MLA-060,,,,,,https://www.waterqualitydata.us/data/providers/STORET/organizations/DRBC/activities/DRBC-PPJM254%3A92016%3A1241%3A335-67-1/results/872467506/resdetectqntlmts,Estimated Detection Level,0.973,ng/L,,2021-01-21T10:48:37,STORET
DRBC,Delaware River Basin Commission,DRBC-PPJM254:92016:1415:335-67-1,Quality Control Sample-Field Blank,Water,,2016-09-20,14:15:00,EST,,,,,,,,,,,,PFAS Surface Water,Per- and polyfluoroalkyl substances,,DRBC-PPJM254,253.65,,,,,41.3715750000,-74.6973220000,PFAS_water_sample,DRBC,PFAS water sample collection,Grab samples of surface water are collected directly into HDPE bottles by submerging,Water Bottle,STORET-872467534,Not Detected,,Perfluorooctanoic acid,,,,,Final,,Actual,,,,,,,,,,,,,,,,,,,,MLA-060,DRBC,SGS AXYS Method MLA-060,,,,,,https://www.waterqualitydata.us/data/providers/STORET/organizations/DRBC/activities/DRBC-PPJM254%3A92016%3A1415%3A335-67-1/results/872467534/resdetectqntlmts,Estimated Detection Level,1.11,ng/L,,2021-01-21T10:48:37,STORET
DRBC,Delaware River Basin Commission,DRBC-PLAM149:92016:857:335-67-1,Sample-Routine,Water,,2016-09-20,08:57:00,EST,,,,,,,,,,,,PFAS Surface Water,Per- and polyfluoroalkyl substances,,DRBC-PLAM149,148.7,,,,,40.3649310000,-74.9489920000,PFAS_water_sample,DRBC,PFAS water sample collection,Grab samples of surface water are collected directly into HDPE bottles by submerging,Water Bottle,STORET-872441293,,,Perfluorooctanoic acid,,1.27,ng/L,,Final,,Actual,,,,,,,,,,,,,,,,,,,,MLA-060,DRBC,SGS AXYS Method MLA-060,,,,,,https://www.waterqualitydata.us/data/providers/STORET/organizations/DRBC/activities/DRBC-PLAM149%3A92016%3A857%3A335-67-1/results/872441293/resdetectqntlmts,Estimated Detection Level,0.979,ng/L,,2021-01-20T15:08:31,STORET
DRBC,Delaware River Basin Commission,DRBC-FC05262021132845285-51-6,Sample-Routine,Water,,2021-05-26,13:28:00,EST,,,,,,,,,,,,PFAS Surface Water,Per- and polyfluoroalkyl substances,,DRBC-FC,Frankford Creek,,,,,39.9859100000,-75.0715320000,PFAS_water_sample,DRBC,PFAS water sample collection,Grab samples of surface water are collected directly into HDPE bottles by submerging,Water Bottle,STORET-929830002,,,Perfluorooctanoic acid,Total,2.85,ng/L,,Final,,Actual,,,,,,,,,,,,,,,,,,,,MLA110rev2,DRBC,Analytical Procedure for the Analysis of PFAS  by LC/MS/MS Isotope Dilution revision 2,,,,,,https://www.waterqualitydata.us/data/providers/STORET/organizations/DRBC/activities/DRBC-FC05262021132845285-51-6/results/929830002/resdetectqntlmts,Lower Reporting Limit,0.444,ng/L,,2022-02-09T16:05:43,STORET
DRBC,Delaware River Basin Commission,DRBC-DIN10212021113045285-51-6,Sample-Routine,Water,,2021-10-21,11:30:00,EST,,,,,,,,,,,,PFAS Surface Water,Per- and polyfluoroalkyl substances,,DRBC-DIN,"Dingmans Ferry, PA",,,,,41.2195000000,-74.8600000000,PFAS_water_sample,DRBC,PFAS water sample collection,Grab samples of surface water are collected directly into HDPE bottles by submerging,Water Bottle,STORET-929830362,Present Below Quantification Limit,,Perfluorooctanoic acid,Total,,,,Final,,Actual,,,,,,,,,,,,,,,,,,,,MLA110rev2,DRBC,Analytical Procedure for the Analysis of PFAS  by LC/MS/MS Isotope Dilution revision 2,,,,,,https://www.waterqualitydata.us/data/providers/STORET/organizations/DRBC/activities/DRBC-DIN10212021113045285-51-6/results/929830362/resdetectqntlmts,Lower Reporting Limit,0.401,ng/L,,2022-02-09T16:06:06,STORET
DRBC,Delaware River Basin Commission,DRBC-CC05272021112945285-51-6,Sample-Routine,Water,,2021-05-27,11:29:00,EST,,,,,,,,,,,,PFAS Surface Water,Per- and polyfluoroalkyl substances,,DRBC-CC2021,Chester Creek,,,,,39.8447400000,-75.3599900000,PFAS_water_sample,DRBC,PFAS water sample collection,Grab samples of surface water are collected directly into HDPE bottles by submerging,Water Bottle,STORET-929829842,,,Perfluorooctanoic acid,Total,6.56,ng/L,,Final,,Actual,,,,,,,,,,,,,,,,,,,,MLA110rev2,DRBC,Analytical Procedure for the Analysis of PFAS  by LC/MS/MS Isotope Dilution revision 2,,,,,,https://www.waterqualitydata.us/data/providers/STORET/organizations/DRBC/activities/DRBC-CC05272021112945285-51-6/results/929829842/resdetectqntlmts,Lower Reporting Limit,0.415,ng/L,,2022-02-09T16:05:36,STORET
DRBC,Delaware River Basin Commission,DRBC-PPC202111082021103045285-51-6,Sample-Routine,Water,,2021-11-08,10:30:00,EST,,,,,,,,,,,,PFAS Surface Water,Per- and polyfluoroalkyl substances,,DRBC-PPC2021,Pennypack Creek,,,,,40.0436000000,-75.0204980000,PFAS_water_sample,DRBC,PFAS water sample collection,Grab samples of surface water are collected directly into HDPE bottles by submerging,Water Bottle,STORET-929830602,,,Perfluorooctanoic acid,Total,8.77,ng/L,,Final,,Actual,,,,,,,,,,,,,,,,,,,,MLA110rev2,DRBC,Analytical Procedure for the Analysis of PFAS  by LC/MS/MS Isotope Dilution revision 2,,,,,,https://www.waterqualitydata.us/data/providers/STORET/organizations/DRBC/activities/DRBC-PPC202111082021103045285-51-6/results/929830602/resdetectqntlmts,Lower Reporting Limit,0.401,ng/L,,2022-02-09T16:06:22,STORET
DRBC,Delaware River Basin Commission,DRBC-23-33206809202021112345285-51-6,Sample-Routine,Water,,2021-09-20,11:23:00,EST,,,,,,,,,,,,PFAS Surface Water,Per- and polyfluoroalkyl substances,,DRBC-31DELRBC_WQX-332068,131.04,,,,,40.1744650000,-74.7348480000,PFAS_water_sample,DRBC,PFAS water sample collection,Grab samples of surface water are collected directly into HDPE bottles by submerging,Water Bottle,STORET-926330188,,,Perfluorooctanoic acid,,1.56,ng/L,,Final,,Actual,,,,,,,,,,,,,,,,,,,,MLA110rev2,DRBC,Analytical Procedure for the Analysis of PFAS  by LC/MS/MS Isotope Dilution revision 2,,,,,,https://www.waterqualitydata.us/data/providers/STORET/organizations/DRBC/activities/DRBC-23-33206809202021112345285-51-6/results/926330188/resdetectqntlmts,Lower Reporting Limit,0.357,ng/L,,2022-01-12T11:58:27,STORET
DRBC,Delaware River Basin Commission,DRBC-21-33206409202021110645285-51-6,Sample-Routine,Water,,2021-09-20,11:06:00,EST,,,,,,,,,,,,PFAS Surface Water,Per- and polyfluoroalkyl substances,,DRBC-31DELRBC_WQX-332064,122.4,,,,,40.1276480000,-74.8150650000,PFAS_water_sample,DRBC,PFAS water sample collection,Grab samples of surface water are collected directly into HDPE bottles by submerging,Water Bottle,STORET-926330108,,,Perfluorooctanoic acid,,1.59,ng/L,,Final,,Actual,,,,,,,,,,,,,,,,,,,,MLA110rev2,DRBC,Analytical Procedure for the Analysis of PFAS  by LC/MS/MS Isotope Dilution revision 2,,,,,,https://www.waterqualitydata.us/data/providers/STORET/organizations/DRBC/activities/DRBC-21-33206409202021110645285-51-6/results/926330108/resdetectqntlmts,Lower Reporting Limit,0.36,ng/L,,2022-01-12T11:58:26,STORET
DRBC,Delaware River Basin Commission,DRBC-LHR10212021152245285-51-6,Sample-Routine,Water,,2021-10-21,15:22:00,EST,,,,,,,,,,,,PFAS Surface Water,Per- and polyfluoroalkyl substances,,DRBC-LHR,Lehigh River,,,,,40.6888960000,-75.2066200000,PFAS_water_sample,DRBC,PFAS water sample collection,Grab samples of surface water are collected directly into HDPE bottles by submerging,Water Bottle,STORET-929830522,,,Perfluorooctanoic acid,Total,1.69,ng/L,,Final,,Actual,,,,,,,,,,,,,,,,,,,,MLA110rev2,DRBC,Analytical Procedure for the Analysis of PFAS  by LC/MS/MS Isotope Dilution revision 2,,,,,,https://www.waterqualitydata.us/data/providers/STORET/organizations/DRBC/activities/DRBC-LHR10212021152245285-51-6/results/929830522/resdetectqntlmts,Lower Reporting Limit,0.391,ng/L,,2022-02-09T16:06:17,STORET
DRBC,Delaware River Basin Commission,DRBC-14-89206209202021092645285-51-6,Sample-Routine,Water,,2021-09-20,09:26:00,EST,,,,,,,,,,,,PFAS Surface Water,Per- and polyfluoroalkyl substances,,DRBC-31DELRBC_WQX-892062,84,,,,,39.8491390000,-75.3296280000,PFAS_water_sample,DRBC,PFAS water sample collection,Grab samples of surface water are collected directly into HDPE bottles by submerging,Water Bottle,STORET-926330748,,,Perfluorooctanoic acid,,2.77,ng/L,,Final,,Actual,,,,,,,,,,,,,,,,,,,,MLA110rev2,DRBC,Analytical Procedure for the Analysis of PFAS  by LC/MS/MS Isotope Dilution revision 2,,,,,,https://www.waterqualitydata.us/data/providers/STORET/organizations/DRBC/activities/DRBC-14-89206209202021092645285-51-6/results/926330748/resdetectqntlmts,Lower Reporting Limit,0.371,ng/L,,2022-01-12T11:58:39,STORET
DRBC,Delaware River Basin Commission,DRBC-BR05262021132545285-51-6,Sample-Routine,Water,,2021-05-26,13:25:00,EST,,,,,,,,,,,,PFAS Surface Water,Per- and polyfluoroalkyl substances,,DRBC-BR,Betsy Ross Bridge,,,,,39.9847010000,-75.0666030000,PFAS_water_sample,DRBC,PFAS water sample collection,Grab samples of surface water are collected directly into HDPE bottles by submerging,Water Bottle,STORET-929829762,,,Perfluorooctanoic acid,Total,2.74,ng/L,,Final,,Actual,,,,,,,,,,,,,,,,,,,,MLA110rev2,DRBC,Analytical Procedure for the Analysis of PFAS  by LC/MS/MS Isotope Dilution revision 2,,,,,,https://www.waterqualitydata.us/data/providers/STORET/organizations/DRBC/activities/DRBC-BR05262021132545285-51-6/results/929829762/resdetectqntlmts,Lower Reporting Limit,0.447,ng/L,,2022-02-09T16:05:31,STORET
DRBC,Delaware River Basin Commission,DRBC-SR06012021140145285-51-6,Sample-Routine,Water,,2021-06-01,14:01:00,EST,,,,,,,,,,,,PFAS Surface Water,Per- and polyfluoroalkyl substances,,DRBC-SR,Schuylkill River,,,,,39.9131600000,-75.2059000000,PFAS_water_sample,DRBC,PFAS water sample collection,Grab samples of surface water are collected directly into HDPE bottles by submerging,Water Bottle,STORET-929830202,,,Perfluorooctanoic acid,Total,3.89,ng/L,,Final,,Actual,,,,,,,,,,,,,,,,,,,,MLA110rev2,DRBC,Analytical Procedure for the Analysis of PFAS  by LC/MS/MS Isotope Dilution revision 2,,,,,,https://www.waterqualitydata.us/data/providers/STORET/organizations/DRBC/activities/DRBC-SR06012021140145285-51-6/results/929830202/resdetectqntlmts,Lower Reporting Limit,0.413,ng/L,,2022-02-09T16:05:53,STORET
DRBC,Delaware River Basin Commission,DRBC-BR1404192021095345285-51-6,Sample-Routine,Water,,2021-04-19,09:53:00,EST,,,,,,,,,,,,PFAS Surface Water,Per- and polyfluoroalkyl substances,,DRBC-BR14,100.2,,,,,39.9555020000,-75.1358180000,PFAS_water_sample,DRBC,PFAS water sample collection,Grab samples of surface water are collected directly into HDPE bottles by submerging,Water Bottle,STORET-926417021,,,Perfluorooctanoic acid,,3.36,ng/L,,Final,,Actual,,,,,,,,,,,,,,,,,,,,MLA110rev2,DRBC,Analytical Procedure for the Analysis of PFAS  by LC/MS/MS Isotope Dilution revision 2,,,,,,https://www.waterqualitydata.us/data/providers/STORET/organizations/DRBC/activities/DRBC-BR1404192021095345285-51-6/results/926417021/resdetectqntlmts,Lower Reporting Limit,0.367,ng/L,,2022-01-12T13:21:26,STORET
DRBC,Delaware River Basin Commission,DRBC-BC04202021151145285-51-6,Sample-Routine,Water,,2021-04-20,15:11:00,EST,,,,,,,,,,,,PFAS Surface Water,Per- and polyfluoroalkyl substances,,DRBC-BC,Bile Channel,,,,,40.1815660000,-74.7461910000,PFAS_water_sample,DRBC,PFAS water sample collection,Grab samples of surface water are collected directly into HDPE bottles by submerging,Water Bottle,STORET-929829682,,,Perfluorooctanoic acid,Total,2.32,ng/L,,Final,,Actual,,,,,,,,,,,,,,,,,,,,MLA110rev2,DRBC,Analytical Procedure for the Analysis of PFAS  by LC/MS/MS Isotope Dilution revision 2,,,,,,https://www.waterqualitydata.us/data/providers/STORET/organizations/DRBC/activities/DRBC-BC04202021151145285-51-6/results/929829682/resdetectqntlmts,Lower Reporting Limit,0.432,ng/L,,2022-02-09T16:05:26,STORET
DRBC,Delaware River Basin Commission,DRBC-EB04202021151145285-51-6,Quality Control Sample-Field Blank,Water,,2021-04-20,15:11:00,EST,,,,,,,,,,,,PFAS Surface Water,Per- and polyfluoroalkyl substances,,DRBC-EB2,Equipment Blank,,,,,40.1898000000,-74.7584800000,PFAS_water_sample,DRBC,PFAS water sample collection,Grab samples of surface water are collected directly into HDPE bottles by submerging,Water Bottle,STORET-929843755,Not Detected,,Perfluorooctanoic acid,Total,,,,Final,,Actual,,,,,,,,,,,,,,,,,,,,MLA110rev2,DRBC,Analytical Procedure for the Analysis of PFAS  by LC/MS/MS Isotope Dilution revision 2,,,,,,https://www.waterqualitydata.us/data/providers/STORET/organizations/DRBC/activities/DRBC-EB04202021151145285-51-6/results/929843755/resdetectqntlmts,Lower Reporting Limit,0.44,ng/L,,2022-02-10T10:30:32,STORET
DRBC,Delaware River Basin Commission,DRBC-LAC 10212021100645285-51-6,Sample-Routine,Water,,2021-10-21,10:06:00,EST,,,,,,,,,,,,PFAS Surface Water,Per- and polyfluoroalkyl substances,,DRBC-LAC,"Lackawaxen, PA",,,,,41.4859000000,-74.9864000000,PFAS_water_sample,DRBC,PFAS water sample collection,Grab samples of surface water are collected directly into HDPE bottles by submerging,Water Bottle,STORET-929830482,Present Below Quantification Limit,,Perfluorooctanoic acid,Total,,,,Final,,Actual,,,,,,,,,,,,,,,,,,,,MLA110rev2,DRBC,Analytical Procedure for the Analysis of PFAS  by LC/MS/MS Isotope Dilution revision 2,,,,,,https://www.waterqualitydata.us/data/providers/STORET/organizations/DRBC/activities/DRBC-LAC%2010212021100645285-51-6/results/929830482/resdetectqntlmts,Lower Reporting Limit,0.415,ng/L,,2022-02-09T16:06:14,STORET
DRBC,Delaware River Basin Commission,DRBC-DC05272021134345285-51-6,Sample-Routine,Water,,2021-05-27,13:43:00,EST,,,,,,,,,,,,PFAS Surface Water,Per- and polyfluoroalkyl substances,,DRBC-DC,Darby Creek,,,,,39.8699400000,-75.3138760000,PFAS_water_sample,DRBC,PFAS water sample collection,Grab samples of surface water are collected directly into HDPE bottles by submerging,Water Bottle,STORET-929829922,,,Perfluorooctanoic acid,Total,3.28,ng/L,,Final,,Actual,,,,,,,,,,,,,,,,,,,,MLA110rev2,DRBC,Analytical Procedure for the Analysis of PFAS  by LC/MS/MS Isotope Dilution revision 2,,,,,,https://www.waterqualitydata.us/data/providers/STORET/organizations/DRBC/activities/DRBC-DC05272021134345285-51-6/results/929829922/resdetectqntlmts,Lower Reporting Limit,0.418,ng/L,,2022-02-09T16:05:39,STORET
DRBC,Delaware River Basin Commission,DRBC-FL05242021120945285-51-6,Sample-Routine,Water,,2021-05-24,12:09:00,EST,,,,,,,,,,,,PFAS Surface Water,Per- and polyfluoroalkyl substances,,DRBC-FL,Florence Bend,,,,,40.1280250000,-74.8160280000,PFAS_water_sample,DRBC,PFAS water sample collection,Grab samples of surface water are collected directly into HDPE bottles by submerging,Water Bottle,STORET-929830042,,,Perfluorooctanoic acid,Total,2.2,ng/L,,Final,,Actual,,,,,,,,,,,,,,,,,,,,MLA110rev2,DRBC,Analytical Procedure for the Analysis of PFAS  by LC/MS/MS Isotope Dilution revision 2,,,,,,https://www.waterqualitydata.us/data/providers/STORET/organizations/DRBC/activities/DRBC-FL05242021120945285-51-6/results/929830042/resdetectqntlmts,Lower Reporting Limit,0.411,ng/L,,2022-02-09T16:05:45,STORET
DRBC,Delaware River Basin Commission,DRBC-EAS10212021145145285-51-6,Sample-Routine,Water,,2021-10-21,14:51:00,EST,,,,,,,,,,,,PFAS Surface Water,Per- and polyfluoroalkyl substances,,DRBC-EAS,"Easton, PA",,,,,40.6793400000,-75.1852000000,PFAS_water_sample,DRBC,PFAS water sample collection,Grab samples of surface water are collected directly into HDPE bottles by submerging,Water Bottle,STORET-929830402,Present Below Quantification Limit,,Perfluorooctanoic acid,Total,,,,Final,,Actual,,,,,,,,,,,,,,,,,,,,MLA110rev2,DRBC,Analytical Procedure for the Analysis of PFAS  by LC/MS/MS Isotope Dilution revision 2,,,,,,https://www.waterqualitydata.us/data/providers/STORET/organizations/DRBC/activities/DRBC-EAS10212021145145285-51-6/results/929830402/resdetectqntlmts,Lower Reporting Limit,0.388,ng/L,,2022-02-09T16:06:08,STORET
DRBC,Delaware River Basin Commission,DRBC-YAR10212021180745285-51-6,Sample-Routine,Water,,2021-10-21,18:07:00,EST,,,,,,,,,,,,PFAS Surface Water,Per- and polyfluoroalkyl substances,,DRBC-YAR,"Yardley, PA",,,,,40.2795200000,-74.8593050000,PFAS_water_sample,DRBC,PFAS water sample collection,Grab samples of surface water are collected directly into HDPE bottles by submerging,Water Bottle,STORET-929830722,Present Below Quantification Limit,,Perfluorooctanoic acid,Total,,,,Final,,Actual,,,,,,,,,,,,,,,,,,,,MLA110rev2,DRBC,Analytical Procedure for the Analysis of PFAS  by LC/MS/MS Isotope Dilution revision 2,,,,,,https://www.waterqualitydata.us/data/providers/STORET/organizations/DRBC/activities/DRBC-YAR10212021180745285-51-6/results/929830722/resdetectqntlmts,Lower Reporting Limit,0.432,ng/L,,2022-02-09T16:06:30,STORET
DRBC,Delaware River Basin Commission,DRBC-BR1804192021104445285-51-6,Sample-Routine,Water,,2021-04-19,10:44:00,EST,,,,,,,,,,,,PFAS Surface Water,Per- and polyfluoroalkyl substances,,DRBC-BR18,121.25,,,,,40.1280250000,-74.8160280000,PFAS_water_sample,DRBC,PFAS water sample collection,Grab samples of surface water are collected directly into HDPE bottles by submerging,Water Bottle,STORET-926417181,,,Perfluorooctanoic acid,,2.19,ng/L,,Final,,Actual,,,,,,,,,,,,,,,,,,,,MLA110rev2,DRBC,Analytical Procedure for the Analysis of PFAS  by LC/MS/MS Isotope Dilution revision 2,,,,,,https://www.waterqualitydata.us/data/providers/STORET/organizations/DRBC/activities/DRBC-BR1804192021104445285-51-6/results/926417181/resdetectqntlmts,Lower Reporting Limit,0.373,ng/L,,2022-01-12T13:21:30,STORET
DRBC,Delaware River Basin Commission,DRBC-NV06012021142845285-51-6,Sample-Routine,Water,,2021-06-01,14:28:00,EST,,,,,,,,,,,,PFAS Surface Water,Per- and polyfluoroalkyl substances,,DRBC-NV,Navy Yard,,,,,39.8840950000,-75.1968830000,PFAS_water_sample,DRBC,PFAS water sample collection,Grab samples of surface water are collected directly into HDPE bottles by submerging,Water Bottle,STORET-929830122,,,Perfluorooctanoic acid,Total,3.69,ng/L,,Final,,Actual,,,,,,,,,,,,,,,,,,,,MLA110rev2,DRBC,Analytical Procedure for the Analysis of PFAS  by LC/MS/MS Isotope Dilution revision 2,,,,,,https://www.waterqualitydata.us/data/providers/STORET/organizations/DRBC/activities/DRBC-NV06012021142845285-51-6/results/929830122/resdetectqntlmts,Lower Reporting Limit,0.423,ng/L,,2022-02-09T16:05:49,STORET
DRBC,Delaware River Basin Commission,DRBC-BR1504192021100645285-51-6,Sample-Routine,Water,,2021-04-19,10:06:00,EST,,,,,,,,,,,,PFAS Surface Water,Per- and polyfluoroalkyl substances,,DRBC-BR15,104.75,,,,,39.9847010000,-75.0666030000,PFAS_water_sample,DRBC,PFAS water sample collection,Grab samples of surface water are collected directly into HDPE bottles by submerging,Water Bottle,STORET-926417061,,,Perfluorooctanoic acid,,2.71,ng/L,,Final,,Actual,,,,,,,,,,,,,,,,,,,,MLA110rev2,DRBC,Analytical Procedure for the Analysis of PFAS  by LC/MS/MS Isotope Dilution revision 2,,,,,,https://www.waterqualitydata.us/data/providers/STORET/organizations/DRBC/activities/DRBC-BR1504192021100645285-51-6/results/926417061/resdetectqntlmts,Lower Reporting Limit,0.366,ng/L,,2022-01-12T13:21:27,STORET
DRBC,Delaware River Basin Commission,DRBC-TD05262021103445285-51-6,Sample-Routine,Water,,2021-05-26,10:34:00,EST,,,,,,,,,,,,PFAS Surface Water,Per- and polyfluoroalkyl substances,,DRBC-TD,Torresdale,,,,,40.0401990000,-74.9880480000,PFAS_water_sample,DRBC,PFAS water sample collection,Grab samples of surface water are collected directly into HDPE bottles by submerging,Water Bottle,STORET-929830242,,,Perfluorooctanoic acid,Total,4.21,ng/L,,Final,,Actual,,,,,,,,,,,,,,,,,,,,MLA110rev2,DRBC,Analytical Procedure for the Analysis of PFAS  by LC/MS/MS Isotope Dilution revision 2,,,,,,https://www.waterqualitydata.us/data/providers/STORET/organizations/DRBC/activities/DRBC-TD05262021103445285-51-6/results/929830242/resdetectqntlmts,Lower Reporting Limit,0.418,ng/L,,2022-02-09T16:05:56,STORET
DRBC,Delaware River Basin Commission,DRBC-SAN10212021125645285-51-6,Sample-Routine,Water,,2021-10-21,12:56:00,EST,,,,,,,,,,,,PFAS Surface Water,Per- and polyfluoroalkyl substances,,DRBC-SAN,"Sandts Eddy, PA",,,,,40.7582000000,-75.1880000000,PFAS_water_sample,DRBC,PFAS water sample collection,Grab samples of surface water are collected directly into HDPE bottles by submerging,Water Bottle,STORET-929830682,Present Below Quantification Limit,,Perfluorooctanoic acid,Total,,,,Final,,Actual,,,,,,,,,,,,,,,,,,,,MLA110rev2,DRBC,Analytical Procedure for the Analysis of PFAS  by LC/MS/MS Isotope Dilution revision 2,,,,,,https://www.waterqualitydata.us/data/providers/STORET/organizations/DRBC/activities/DRBC-SAN10212021125645285-51-6/results/929830682/resdetectqntlmts,Lower Reporting Limit,0.394,ng/L,,2022-02-09T16:06:27,STORET
DRBC,Delaware River Basin Commission,DRBC-ES05272021102445285-51-6,Sample-Routine,Water,,2021-05-27,10:24:00,EST,,,,,,,,,,,,PFAS Surface Water,Per- and polyfluoroalkyl substances,,DRBC-ES,Eddystone,,,,,39.8547190000,-75.3293210000,PFAS_water_sample,DRBC,PFAS water sample collection,Grab samples of surface water are collected directly into HDPE bottles by submerging,Water Bottle,STORET-929829962,,,Perfluorooctanoic acid,Total,3,ng/L,,Final,,Actual,,,,,,,,,,,,,,,,,,,,MLA110rev2,DRBC,Analytical Procedure for the Analysis of PFAS  by LC/MS/MS Isotope Dilution revision 2,,,,,,https://www.waterqualitydata.us/data/providers/STORET/organizations/DRBC/activities/DRBC-ES05272021102445285-51-6/results/929829962/resdetectqntlmts,Lower Reporting Limit,0.407,ng/L,,2022-02-09T16:05:41,STORET
DRBC,Delaware River Basin Commission,DRBC-22-332064_D09202021110645285-51-6,Quality Control Sample-Blind Duplicate,Water,,2021-09-20,11:06:00,EST,,,,,,,,,,,,PFAS Surface Water,Per- and polyfluoroalkyl substances,,DRBC-31DELRBC_WQX-332064,122.4,,,,,40.1276480000,-74.8150650000,PFAS_water_sample,DRBC,PFAS water sample collection,Grab samples of surface water are collected directly into HDPE bottles by submerging,Water Bottle,STORET-926330148,,,Perfluorooctanoic acid,,1.55,ng/L,,Final,,Actual,,,,,,,,,,,,,,,,,,,,MLA110rev2,DRBC,Analytical Procedure for the Analysis of PFAS  by LC/MS/MS Isotope Dilution revision 2,,,,,,https://www.waterqualitydata.us/data/providers/STORET/organizations/DRBC/activities/DRBC-22-332064_D09202021110645285-51-6/results/926330148/resdetectqntlmts,Lower Reporting Limit,0.359,ng/L,,2022-01-12T11:58:27,STORET
DRBC,Delaware River Basin Commission,DRBC-BR19D04192021110945285-51-6,Quality Control Sample-Blind Duplicate,Water,,2021-04-19,11:09:00,EST,,,,,,,,,,,,PFAS Surface Water,Per- and polyfluoroalkyl substances,,DRBC-BR19D,131.4,,,,,40.1815660000,-74.7461910000,PFAS_water_sample,DRBC,PFAS water sample collection,Grab samples of surface water are collected directly into HDPE bottles by submerging,Water Bottle,STORET-926417261,Present Below Quantification Limit,,Perfluorooctanoic acid,,,,,Final,,Actual,,,,,,,,,,,,,,,,,,,,MLA110rev2,DRBC,Analytical Procedure for the Analysis of PFAS  by LC/MS/MS Isotope Dilution revision 2,,,,,,https://www.waterqualitydata.us/data/providers/STORET/organizations/DRBC/activities/DRBC-BR19D04192021110945285-51-6/results/926417261/resdetectqntlmts,Lower Reporting Limit,0.371,ng/L,,2022-01-12T13:21:31,STORET
DRBC,Delaware River Basin Commission,DRBC-17-89207109202021100345285-51-6,Sample-Routine,Water,,2021-09-20,10:03:00,EST,,,,,,,,,,,,PFAS Surface Water,Per- and polyfluoroalkyl substances,,DRBC-31DELRBC_WQX-892071,100.2,,,,,39.9555020000,-75.1358180000,PFAS_water_sample,DRBC,PFAS water sample collection,Grab samples of surface water are collected directly into HDPE bottles by submerging,Water Bottle,STORET-926330868,,,Perfluorooctanoic acid,,2.4,ng/L,,Final,,Actual,,,,,,,,,,,,,,,,,,,,MLA110rev2,DRBC,Analytical Procedure for the Analysis of PFAS  by LC/MS/MS Isotope Dilution revision 2,,,,,,https://www.waterqualitydata.us/data/providers/STORET/organizations/DRBC/activities/DRBC-17-89207109202021100345285-51-6/results/926330868/resdetectqntlmts,Lower Reporting Limit,0.361,ng/L,,2022-01-12T11:58:41,STORET
DRBC,Delaware River Basin Commission,DRBC-18-89207009202021101945285-51-6,Sample-Routine,Water,,2021-09-20,10:19:00,EST,,,,,,,,,,,,PFAS Surface Water,Per- and polyfluoroalkyl substances,,DRBC-31DELRBC_WQX-892070,104.75,,,,,39.9847010000,-75.0666030000,PFAS_water_sample,DRBC,PFAS water sample collection,Grab samples of surface water are collected directly into HDPE bottles by submerging,Water Bottle,STORET-926330908,,,Perfluorooctanoic acid,,2.62,ng/L,,Final,,Actual,,,,,,,,,,,,,,,,,,,,MLA110rev2,DRBC,Analytical Procedure for the Analysis of PFAS  by LC/MS/MS Isotope Dilution revision 2,,,,,,https://www.waterqualitydata.us/data/providers/STORET/organizations/DRBC/activities/DRBC-18-89207009202021101945285-51-6/results/926330908/resdetectqntlmts,Lower Reporting Limit,0.364,ng/L,,2022-01-12T11:58:42,STORET
DRBC,Delaware River Basin Commission,DRBC-BR1904192021110945285-51-6,Sample-Routine,Water,,2021-04-19,11:09:00,EST,,,,,,,,,,,,PFAS Surface Water,Per- and polyfluoroalkyl substances,,DRBC-BR19,131.04,,,,,40.1815660000,-74.7461910000,PFAS_water_sample,DRBC,PFAS water sample collection,Grab samples of surface water are collected directly into HDPE bottles by submerging,Water Bottle,STORET-926417221,Present Below Quantification Limit,,Perfluorooctanoic acid,,,,,Final,,Actual,,,,,,,,,,,,,,,,,,,,MLA110rev2,DRBC,Analytical Procedure for the Analysis of PFAS  by LC/MS/MS Isotope Dilution revision 2,,,,,,https://www.waterqualitydata.us/data/providers/STORET/organizations/DRBC/activities/DRBC-BR1904192021110945285-51-6/results/926417221/resdetectqntlmts,Lower Reporting Limit,0.366,ng/L,,2022-01-12T13:21:31,STORET
DRBC,Delaware River Basin Commission,DRBC-BR1604192021102145285-51-6,Sample-Routine,Water,,2021-04-19,10:21:00,EST,,,,,,,,,,,,PFAS Surface Water,Per- and polyfluoroalkyl substances,,DRBC-BR16,110.7,,,,,40.0401990000,-74.9880480000,PFAS_water_sample,DRBC,PFAS water sample collection,Grab samples of surface water are collected directly into HDPE bottles by submerging,Water Bottle,STORET-926417101,,,Perfluorooctanoic acid,,2.41,ng/L,,Final,,Actual,,,,,,,,,,,,,,,,,,,,MLA110rev2,DRBC,Analytical Procedure for the Analysis of PFAS  by LC/MS/MS Isotope Dilution revision 2,,,,,,https://www.waterqualitydata.us/data/providers/STORET/organizations/DRBC/activities/DRBC-BR1604192021102145285-51-6/results/926417101/resdetectqntlmts,Lower Reporting Limit,0.371,ng/L,,2022-01-12T13:21:28,STORET
DRBC,Delaware River Basin Commission,DRBC-NC05242021150045285-51-6,Sample-Routine,Water,,2021-05-24,15:00:00,EST,,,,,,,,,,,,PFAS Surface Water,Per- and polyfluoroalkyl substances,,DRBC-NC,Neshaminy Creek,,,,,40.0758730000,-74.9090430000,PFAS_water_sample,DRBC,PFAS water sample collection,Grab samples of surface water are collected directly into HDPE bottles by submerging,Water Bottle,STORET-929830082,,,Perfluorooctanoic acid,Total,2.92,ng/L,,Final,,Actual,,,,,,,,,,,,,,,,,,,,MLA110rev2,DRBC,Analytical Procedure for the Analysis of PFAS  by LC/MS/MS Isotope Dilution revision 2,,,,,,https://www.waterqualitydata.us/data/providers/STORET/organizations/DRBC/activities/DRBC-NC05242021150045285-51-6/results/929830082/resdetectqntlmts,Lower Reporting Limit,0.421,ng/L,,2022-02-09T16:05:48,STORET
DRBC,Delaware River Basin Commission,DRBC-BF06012021152845285-51-6,Sample-Routine,Water,,2021-06-01,15:28:00,EST,,,,,,,,,,,,PFAS Surface Water,Per- and polyfluoroalkyl substances,,DRBC-BF,Benjamin Franklin Bridge,,,,,39.9555020000,-75.1358180000,PFAS_water_sample,DRBC,PFAS water sample collection,Grab samples of surface water are collected directly into HDPE bottles by submerging,Water Bottle,STORET-929829722,,,Perfluorooctanoic acid,Total,3.63,ng/L,,Final,,Actual,,,,,,,,,,,,,,,,,,,,MLA110rev2,DRBC,Analytical Procedure for the Analysis of PFAS  by LC/MS/MS Isotope Dilution revision 2,,,,,,https://www.waterqualitydata.us/data/providers/STORET/organizations/DRBC/activities/DRBC-BF06012021152845285-51-6/results/929829722/resdetectqntlmts,Lower Reporting Limit,0.407,ng/L,,2022-02-09T16:05:29,STORET
DRBC,Delaware River Basin Commission,DRBC-NHC202111082021113045285-51-6,Sample-Routine,Water,,2021-11-08,11:30:00,EST,,,,,,,,,,,,PFAS Surface Water,Per- and polyfluoroalkyl substances,,DRBC-NHC2021,Neshaminy Creek,,,,,40.1417020000,-74.9126630000,PFAS_water_sample,DRBC,PFAS water sample collection,Grab samples of surface water are collected directly into HDPE bottles by submerging,Water Bottle,STORET-929830562,,,Perfluorooctanoic acid,Total,8.22,ng/L,,Final,,Actual,,,,,,,,,,,,,,,,,,,,MLA110rev2,DRBC,Analytical Procedure for the Analysis of PFAS  by LC/MS/MS Isotope Dilution revision 2,,,,,,https://www.waterqualitydata.us/data/providers/STORET/organizations/DRBC/activities/DRBC-NHC202111082021113045285-51-6/results/929830562/resdetectqntlmts,Lower Reporting Limit,0.409,ng/L,,2022-02-09T16:06:19,STORET
DRBC,Delaware River Basin Commission,DRBC-19-89207709202021103545285-51-6,Sample-Routine,Water,,2021-09-20,10:35:00,EST,,,,,,,,,,,,PFAS Surface Water,Per- and polyfluoroalkyl substances,,DRBC-31DELRBC_WQX-892077,110.7,,,,,40.0401990000,-74.9880480000,PFAS_water_sample,DRBC,PFAS water sample collection,Grab samples of surface water are collected directly into HDPE bottles by submerging,Water Bottle,STORET-926330028,,,Perfluorooctanoic acid,,2.5,ng/L,,Final,,Actual,,,,,,,,,,,,,,,,,,,,MLA110rev2,DRBC,Analytical Procedure for the Analysis of PFAS  by LC/MS/MS Isotope Dilution revision 2,,,,,,https://www.waterqualitydata.us/data/providers/STORET/organizations/DRBC/activities/DRBC-19-89207709202021103545285-51-6/results/926330028/resdetectqntlmts,Lower Reporting Limit,0.362,ng/L,,2022-01-12T11:58:24,STORET
DRBC,Delaware River Basin Commission,DRBC-DRBC-31DELRBC_WQX-89206211042022092545285-51-6,Sample-Routine,Water,,2022-11-04,09:25:00,EST,,,,,,,,,,,,PFAS Surface Water,Per- and polyfluoroalkyl substances,,DRBC-DRBC-31DELRBC_WQX-892062,"Eddystone, RM 84",,,,,39.8491390000,-75.3296280000,PFAS_water_sample,DRBC,PFAS water sample collection,Grab samples of surface water are collected directly into HDPE bottles by submerging,Water Bottle,STORET-962924914,,,Perfluorooctanoic acid,Unfiltered,2.26,ng/L,,Final,,Actual,,,,,,,,,,CAS#: 45285-51-6,,,,,,,,,,MLA110rev2,DRBC,Analytical Procedure for the Analysis of PFAS  by LC/MS/MS Isotope Dilution revision 2,,,,,,https://www.waterqualitydata.us/data/providers/STORET/organizations/DRBC/activities/DRBC-DRBC-31DELRBC_WQX-89206211042022092545285-51-6/results/962924914/resdetectqntlmts,Lower Reporting Limit,0.393,ng/L,,2023-01-07T14:56:07,STORET
DRBC,Delaware River Basin Commission,DRBC-DRBC-31DELRBC_WQX-89207011042022102045285-51-6,Sample-Routine,Water,,2022-11-04,10:20:00,EST,,,,,,,,,,,,PFAS Surface Water,Per- and polyfluoroalkyl substances,,DRBC-DRBC-31DELRBC_WQX-892070,"Betsy Ross Bridge, RM 104.75",,,,,39.9847010000,-75.0666030000,PFAS_water_sample,DRBC,PFAS water sample collection,Grab samples of surface water are collected directly into HDPE bottles by submerging,Water Bottle,STORET-962925074,Present Below Quantification Limit,,Perfluorooctanoic acid,Unfiltered,,,J,Final,,Actual,,,,,,,,,,CAS#: 45285-51-6,,,,,,,,,,MLA110rev2,DRBC,Analytical Procedure for the Analysis of PFAS  by LC/MS/MS Isotope Dilution revision 2,,,,,,https://www.waterqualitydata.us/data/providers/STORET/organizations/DRBC/activities/DRBC-DRBC-31DELRBC_WQX-89207011042022102045285-51-6/results/962925074/resdetectqntlmts,Lower Reporting Limit,0.387,ng/L,,2023-01-07T14:58:18,STORET
DRBC,Delaware River Basin Commission,DRBC-SR05092022123045285-51-6,Sample-Routine,Water,,2022-05-09,12:30:00,EST,,,,,,,,,,,,PFAS Surface Water,Per- and polyfluoroalkyl substances,,DRBC-DRBC-SR,Schuylkill River,,,,,39.9131600000,-75.2059100000,PFAS_water_sample,DRBC,PFAS water sample collection,Grab samples of surface water are collected directly into HDPE bottles by submerging,Water Bottle,STORET-962926322,,,Perfluorooctanoic acid,Unfiltered,3.51,ng/L,,Final,,Actual,,,,,,,,,,CAS#: 45285-51-6,,,,,,,,,,MLA110rev2,DRBC,Analytical Procedure for the Analysis of PFAS  by LC/MS/MS Isotope Dilution revision 2,,,,,,https://www.waterqualitydata.us/data/providers/STORET/organizations/DRBC/activities/DRBC-SR05092022123045285-51-6/results/962926322/resdetectqntlmts,Lower Reporting Limit,0.395,ng/L,,2023-01-07T15:11:16,STORET
DRBC,Delaware River Basin Commission,DRBC-DRBC-31DELRBC_WQX-89207711042022103645285-51-6,Sample-Routine,Water,,2022-11-04,10:36:00,EST,,,,,,,,,,,,PFAS Surface Water,Per- and polyfluoroalkyl substances,,DRBC-DRBC-31DELRBC_WQX-892077,"Torresdale, RM 110.7",,,,,40.0401990000,-74.9880480000,PFAS_water_sample,DRBC,PFAS water sample collection,Grab samples of surface water are collected directly into HDPE bottles by submerging,Water Bottle,STORET-962925546,,,Perfluorooctanoic acid,Unfiltered,1.82,ng/L,,Final,,Actual,,,,,,,,,,CAS#: 45285-51-6,,,,,,,,,,MLA110rev2,DRBC,Analytical Procedure for the Analysis of PFAS  by LC/MS/MS Isotope Dilution revision 2,,,,,,https://www.waterqualitydata.us/data/providers/STORET/organizations/DRBC/activities/DRBC-DRBC-31DELRBC_WQX-89207711042022103645285-51-6/results/962925546/resdetectqntlmts,Lower Reporting Limit,0.415,ng/L,,2023-01-07T14:59:18,STORET
DRBC,Delaware River Basin Commission,DRBC-ES06012022122545285-51-6,Sample-Routine,Water,,2022-06-01,12:25:00,EST,,,,,,,,,,,,PFAS Surface Water,Per- and polyfluoroalkyl substances,,DRBC-DRBC-31DELRBC_WQX-892062,"Eddystone, RM 84",,,,,39.8491390000,-75.3296280000,PFAS_water_sample,DRBC,PFAS water sample collection,Grab samples of surface water are collected directly into HDPE bottles by submerging,Water Bottle,STORET-962926042,,,Perfluorooctanoic acid,Unfiltered,4.08,ng/L,,Final,,Actual,,,,,,,,,,CAS#: 45285-51-6,,,,,,,,,,MLA110rev2,DRBC,Analytical Procedure for the Analysis of PFAS  by LC/MS/MS Isotope Dilution revision 2,,,,,,https://www.waterqualitydata.us/data/providers/STORET/organizations/DRBC/activities/DRBC-ES06012022122545285-51-6/results/962926042/resdetectqntlmts,Lower Reporting Limit,0.399,ng/L,,2023-01-07T15:07:02,STORET
DRBC,Delaware River Basin Commission,DRBC-DRBC-31DELRBC_WQX-33206411042022110145285-51-6,Sample-Routine,Water,,2022-11-04,11:01:00,EST,,,,,,,,,,,,PFAS Surface Water,Per- and polyfluoroalkyl substances,,DRBC-DRBC-31DELRBC_WQX-332064,"Florence, RM 122.4",,,,,40.1276480000,-74.8150650000,PFAS_water_sample,DRBC,PFAS water sample collection,Grab samples of surface water are collected directly into HDPE bottles by submerging,Water Bottle,STORET-962925626,Present Below Quantification Limit,,Perfluorooctanoic acid,Unfiltered,,,J,Final,,Actual,,,,,,,,,,CAS#: 45285-51-6,,,,,,,,,,MLA110rev2,DRBC,Analytical Procedure for the Analysis of PFAS  by LC/MS/MS Isotope Dilution revision 2,,,,,,https://www.waterqualitydata.us/data/providers/STORET/organizations/DRBC/activities/DRBC-DRBC-31DELRBC_WQX-33206411042022110145285-51-6/results/962925626/resdetectqntlmts,Lower Reporting Limit,0.409,ng/L,,2023-01-07T15:00:32,STORET
DRBC,Delaware River Basin Commission,DRBC-FL05032022121845285-51-6,Sample-Routine,Water,,2022-05-03,12:18:00,EST,,,,,,,,,,,,PFAS Surface Water,Per- and polyfluoroalkyl substances,,DRBC-DRBC-31DELRBC_WQX-332064,"Florence, RM 122.4",,,,,40.1276480000,-74.8150650000,PFAS_water_sample,DRBC,PFAS water sample collection,Grab samples of surface water are collected directly into HDPE bottles by submerging,Water Bottle,STORET-962926082,,,Perfluorooctanoic acid,Unfiltered,3.53,ng/L,,Final,,Actual,,,,,,,,,,CAS#: 45285-51-6,,,,,,,,,,MLA110rev2,DRBC,Analytical Procedure for the Analysis of PFAS  by LC/MS/MS Isotope Dilution revision 2,,,,,,https://www.waterqualitydata.us/data/providers/STORET/organizations/DRBC/activities/DRBC-FL05032022121845285-51-6/results/962926082/resdetectqntlmts,Lower Reporting Limit,0.403,ng/L,,2023-01-07T15:07:30,STORET
DRBC,Delaware River Basin Commission,DRBC-YAR05122022121645285-51-6,Sample-Routine,Water,,2022-05-12,12:16:00,EST,,,,,,,,,,,,PFAS Surface Water,Per- and polyfluoroalkyl substances,,DRBC-DRBC-YAR,"Delaware River at Yardley, PA",,,,,41.4859600000,-74.9864300000,PFAS_water_sample,DRBC,PFAS water sample collection,Grab samples of surface water are collected directly into HDPE bottles by submerging,Water Bottle,STORET-962926402,,,Perfluorooctanoic acid,Unfiltered,1.54,ng/L,,Final,,Actual,,,,,,,,,,CAS#: 45285-51-6,,,,,,,,,,MLA110rev2,DRBC,Analytical Procedure for the Analysis of PFAS  by LC/MS/MS Isotope Dilution revision 2,,,,,,https://www.waterqualitydata.us/data/providers/STORET/organizations/DRBC/activities/DRBC-YAR05122022121645285-51-6/results/962926402/resdetectqntlmts,Lower Reporting Limit,0.205,ng/L,,2023-01-07T15:12:25,STORET
DRBC,Delaware River Basin Commission,DRBC-DRBC-31DELRBC_WQX-89207111042022100645285-51-6,Sample-Routine,Water,,2022-11-04,10:06:00,EST,,,,,,,,,,,,PFAS Surface Water,Per- and polyfluoroalkyl substances,,DRBC-DRBC-31DELRBC_WQX-892071,"Benjamin Franklin Bridge, RM 100.2",,,,,39.9555020000,-75.1358180000,PFAS_water_sample,DRBC,PFAS water sample collection,Grab samples of surface water are collected directly into HDPE bottles by submerging,Water Bottle,STORET-962925034,,,Perfluorooctanoic acid,Unfiltered,1.47,ng/L,,Final,,Actual,,,,,,,,,,CAS#: 45285-51-6,,,,,,,,,,MLA110rev2,DRBC,Analytical Procedure for the Analysis of PFAS  by LC/MS/MS Isotope Dilution revision 2,,,,,,https://www.waterqualitydata.us/data/providers/STORET/organizations/DRBC/activities/DRBC-DRBC-31DELRBC_WQX-89207111042022100645285-51-6/results/962925034/resdetectqntlmts,Lower Reporting Limit,0.293,ng/L,,2023-01-07T14:57:54,STORET
DRBC,Delaware River Basin Commission,DRBC-BC05032022121745285-51-6,Sample-Routine,Water,,2022-05-03,12:17:00,EST,,,,,,,,,,,,PFAS Surface Water,Per- and polyfluoroalkyl substances,,DRBC-DRBC-BC,Biles Channel,,,,,40.1833300000,-74.7527800000,PFAS_water_sample,DRBC,PFAS water sample collection,Grab samples of surface water are collected directly into HDPE bottles by submerging,Water Bottle,STORET-962925802,,,Perfluorooctanoic acid,Unfiltered,1.86,ng/L,,Final,,Actual,,,,,,,,,,CAS#: 45285-51-6,,,,,,,,,,MLA110rev2,DRBC,Analytical Procedure for the Analysis of PFAS  by LC/MS/MS Isotope Dilution revision 2,,,,,,https://www.waterqualitydata.us/data/providers/STORET/organizations/DRBC/activities/DRBC-BC05032022121745285-51-6/results/962925802/resdetectqntlmts,Lower Reporting Limit,0.386,ng/L,,2023-01-07T15:02:17,STORET
DRBC,Delaware River Basin Commission,DRBC-SAN05122022121545285-51-6,Sample-Routine,Water,,2022-05-12,12:15:00,EST,,,,,,,,,,,,PFAS Surface Water,Per- and polyfluoroalkyl substances,,DRBC-DRBC-SAN,"Delaware River at Sandts Eddy, PA",,,,,40.7582200000,-75.1880700000,PFAS_water_sample,DRBC,PFAS water sample collection,Grab samples of surface water are collected directly into HDPE bottles by submerging,Water Bottle,STORET-962926282,,,Perfluorooctanoic acid,Unfiltered,1.21,ng/L,,Final,,Actual,,,,,,,,,,CAS#: 45285-51-6,,,,,,,,,,MLA110rev2,DRBC,Analytical Procedure for the Analysis of PFAS  by LC/MS/MS Isotope Dilution revision 2,,,,,,https://www.waterqualitydata.us/data/providers/STORET/organizations/DRBC/activities/DRBC-SAN05122022121545285-51-6/results/962926282/resdetectqntlmts,Lower Reporting Limit,0.204,ng/L,,2023-01-07T15:10:46,STORET
DRBC,Delaware River Basin Commission,DRBC-DIN05122022121445285-51-6,Sample-Routine,Water,,2022-05-12,12:14:00,EST,,,,,,,,,,,,PFAS Surface Water,Per- and polyfluoroalkyl substances,,DRBC-DRBC-DIN,Delaware River at Dingmans Ferry,,,,,41.2195100000,-74.8600800000,PFAS_water_sample,DRBC,PFAS water sample collection,Grab samples of surface water are collected directly into HDPE bottles by submerging,Water Bottle,STORET-962926002,Present Below Quantification Limit,,Perfluorooctanoic acid,Unfiltered,,,J,Final,,Actual,,,,,,,,,,CAS#: 45285-51-6,,,,,,,,,,MLA110rev2,DRBC,Analytical Procedure for the Analysis of PFAS  by LC/MS/MS Isotope Dilution revision 2,,,,,,https://www.waterqualitydata.us/data/providers/STORET/organizations/DRBC/activities/DRBC-DIN05122022121445285-51-6/results/962926002/resdetectqntlmts,Lower Reporting Limit,0.221,ng/L,,2023-01-07T15:05:59,STORET
DRBC,Delaware River Basin Commission,DRBC-DRBC-31DELRBC_WQX-33206811042022112445285-51-6,Sample-Routine,Water,,2022-11-04,11:24:00,EST,,,,,,,,,,,,PFAS Surface Water,Per- and polyfluoroalkyl substances,,DRBC-DRBC-31DELRBC_WQX-332068,"Trenton, RM 131.04",,,,,40.1744650000,-74.7348480000,PFAS_water_sample,DRBC,PFAS water sample collection,Grab samples of surface water are collected directly into HDPE bottles by submerging,Water Bottle,STORET-962925666,Present Below Quantification Limit,,Perfluorooctanoic acid,Unfiltered,,,J,Final,,Actual,,,,,,,,,,CAS#: 45285-51-6,,,,,,,,,,MLA110rev2,DRBC,Analytical Procedure for the Analysis of PFAS  by LC/MS/MS Isotope Dilution revision 2,,,,,,https://www.waterqualitydata.us/data/providers/STORET/organizations/DRBC/activities/DRBC-DRBC-31DELRBC_WQX-33206811042022112445285-51-6/results/962925666/resdetectqntlmts,Lower Reporting Limit,0.414,ng/L,,2023-01-07T15:01:11,STORET
DRBC,Delaware River Basin Commission,DRBC-BR05042022122145285-51-6,Sample-Routine,Water,,2022-05-04,12:21:00,EST,,,,,,,,,,,,PFAS Surface Water,Per- and polyfluoroalkyl substances,,DRBC-DRBC-31DELRBC_WQX-892070,"Betsy Ross Bridge, RM 104.75",,,,,39.9847010000,-75.0666030000,PFAS_water_sample,DRBC,PFAS water sample collection,Grab samples of surface water are collected directly into HDPE bottles by submerging,Water Bottle,STORET-962925882,,,Perfluorooctanoic acid,Unfiltered,3.67,ng/L,,Final,,Actual,,,,,,,,,,CAS#: 45285-51-6,,,,,,,,,,MLA110rev2,DRBC,Analytical Procedure for the Analysis of PFAS  by LC/MS/MS Isotope Dilution revision 2,,,,,,https://www.waterqualitydata.us/data/providers/STORET/organizations/DRBC/activities/DRBC-BR05042022122145285-51-6/results/962925882/resdetectqntlmts,Lower Reporting Limit,0.396,ng/L,,2023-01-07T15:03:41,STORET
DRBC,Delaware River Basin Commission,DRBC-TD05042022122045285-51-6,Sample-Routine,Water,,2022-05-04,12:20:00,EST,,,,,,,,,,,,PFAS Surface Water,Per- and polyfluoroalkyl substances,,DRBC-DRBC-31DELRBC_WQX-892077,"Torresdale, RM 110.7",,,,,40.0401990000,-74.9880480000,PFAS_water_sample,DRBC,PFAS water sample collection,Grab samples of surface water are collected directly into HDPE bottles by submerging,Water Bottle,STORET-962926362,,,Perfluorooctanoic acid,Unfiltered,2.5,ng/L,,Final,,Actual,,,,,,,,,,CAS#: 45285-51-6,,,,,,,,,,MLA110rev2,DRBC,Analytical Procedure for the Analysis of PFAS  by LC/MS/MS Isotope Dilution revision 2,,,,,,https://www.waterqualitydata.us/data/providers/STORET/organizations/DRBC/activities/DRBC-TD05042022122045285-51-6/results/962926362/resdetectqntlmts,Lower Reporting Limit,0.407,ng/L,,2023-01-07T15:11:49,STORET
DRBC,Delaware River Basin Commission,DRBC-BF05042022122245285-51-6,Sample-Routine,Water,,2022-05-04,12:22:00,EST,,,,,,,,,,,,PFAS Surface Water,Per- and polyfluoroalkyl substances,,DRBC-DRBC-31DELRBC_WQX-892071,"Benjamin Franklin Bridge, RM 100.2",,,,,39.9555020000,-75.1358180000,PFAS_water_sample,DRBC,PFAS water sample collection,Grab samples of surface water are collected directly into HDPE bottles by submerging,Water Bottle,STORET-962925842,,,Perfluorooctanoic acid,Unfiltered,2.36,ng/L,,Final,,Actual,,,,,,,,,,CAS#: 45285-51-6,,,,,,,,,,MLA110rev2,DRBC,Analytical Procedure for the Analysis of PFAS  by LC/MS/MS Isotope Dilution revision 2,,,,,,https://www.waterqualitydata.us/data/providers/STORET/organizations/DRBC/activities/DRBC-BF05042022122245285-51-6/results/962925842/resdetectqntlmts,Lower Reporting Limit,0.404,ng/L,,2023-01-07T15:03:03,STORET
DRBC,Delaware River Basin Commission,DRBC-PB05092022122445285-51-6,Sample-Routine,Water,,2022-05-09,12:24:00,EST,,,,,,,,,,,,PFAS Surface Water,Per- and polyfluoroalkyl substances,,DRBC-DRBC-PB,Philadelphia Aiport,,,,,39.8660000000,-75.2262200000,PFAS_water_sample,DRBC,PFAS water sample collection,Grab samples of surface water are collected directly into HDPE bottles by submerging,Water Bottle,STORET-962926202,,,Perfluorooctanoic acid,Unfiltered,4.46,ng/L,,Final,,Actual,,,,,,,,,,CAS#: 45285-51-6,,,,,,,,,,MLA110rev2,DRBC,Analytical Procedure for the Analysis of PFAS  by LC/MS/MS Isotope Dilution revision 2,,,,,,https://www.waterqualitydata.us/data/providers/STORET/organizations/DRBC/activities/DRBC-PB05092022122445285-51-6/results/962926202/resdetectqntlmts,Lower Reporting Limit,0.366,ng/L,,2023-01-07T15:09:47,STORET
DRBC,Delaware River Basin Commission,DRBC-SR10232023150045285-51-6,Sample-Routine,Water,,2023-10-23,15:00:00,EDT,,,,,,,,,,,,PDE BIL,PDE BIL Trib Toxics,,DRBC-SR,Schuylkill River,,,,,39.9131600000,-75.2059000000,PFAS_water_sample,DRBC,PFAS water sample collection,Grab samples of surface water are collected directly into HDPE bottles by submerging,Water Bottle,STORET-1066002784,,,Perfluorooctanoic acid,Unfiltered,4.4,ng/L,,Final,,Actual,,,,,,,,,,45285-51-6,,,,,,,,,,MLA110rev2,DRBC,Analytical Procedure for the Analysis of PFAS  by LC/MS/MS Isotope Dilution revision 2,,,,,,https://www.waterqualitydata.us/data/providers/STORET/organizations/DRBC/activities/DRBC-SR10232023150045285-51-6/results/1066002784/resdetectqntlmts,Lower Reporting Limit,0.393,ng/L,,2025-06-18T09:29:00,STORET
DRBC,Delaware River Basin Commission,DRBC-FM-209012023125045285-51-6,Quality Control Sample-Field Replicate,Water,,2023-08-23,12:50:00,EDT,,,,,,,,,,,,NFWF Yr3 PFAS,NFWF Yr3 PFAS,,DRBC-FM,Fort Mifflin,,,,,39.8748000000,-75.2103000000,POCIS,DRBC,Polar Organic Chemical Integrative Sampler,Sorption Media between 2 porus membranes in a stainless steel housing,Polar Orga. Chem. Integrative Sampler,STORET-1067017433,,,Perfluorooctanoic acid,Unfiltered,18.6,ng,,Final,,Actual,,,,,,,,,,,,,,,,,,,,MLA110rev2,DRBC,Analytical Procedure for the Analysis of PFAS  by LC/MS/MS Isotope Dilution revision 2,,,,,,https://www.waterqualitydata.us/data/providers/STORET/organizations/DRBC/activities/DRBC-FM-209012023125045285-51-6/results/1067017433/resdetectqntlmts,Lower Reporting Limit,0.399,ng,,2025-07-07T12:42:40,STORET
DRBC,Delaware River Basin Commission,DRBC-MHC-dup1017202390045285-51-6,Quality Control Sample-Blind Duplicate,Water,,2023-10-17,09:00:00,EDT,,,,,,,,,,,,PDE BIL,PDE BIL Trib Toxics,,DRBC-MHC,Marcus Hook Creek,,,,,39.8224900000,-75.4100400000,PFAS_water_sample,DRBC,PFAS water sample collection,Grab samples of surface water are collected directly into HDPE bottles by submerging,Water Bottle,STORET-1066002424,,,Perfluorooctanoic acid,Unfiltered,14.2,ng/L,,Final,,Actual,,,,,,,,,,45285-51-6,,,,,,,,,,MLA110rev2,DRBC,Analytical Procedure for the Analysis of PFAS  by LC/MS/MS Isotope Dilution revision 2,,,,,,https://www.waterqualitydata.us/data/providers/STORET/organizations/DRBC/activities/DRBC-MHC-dup1017202390045285-51-6/results/1066002424/resdetectqntlmts,Lower Reporting Limit,0.398,ng/L,,2025-06-18T09:28:53,STORET
DRBC,Delaware River Basin Commission,DRBC-NC-109042023134545285-51-6,Sample-Routine,Water,,2023-08-23,13:45:00,EDT,,,,,,,,,,,,NFWF Yr3 PFAS,NFWF Yr3 PFAS,,DRBC-NC,Neshaminy Creek,,,,,40.0758730000,-74.9090430000,POCIS,DRBC,Polar Organic Chemical Integrative Sampler,Sorption Media between 2 porus membranes in a stainless steel housing,Polar Orga. Chem. Integrative Sampler,STORET-1067017953,,,Perfluorooctanoic acid,Unfiltered,41.4,ng,,Final,,Actual,,,,,,,,,,,,,,,,,,,,MLA110rev2,DRBC,Analytical Procedure for the Analysis of PFAS  by LC/MS/MS Isotope Dilution revision 2,,,,,,https://www.waterqualitydata.us/data/providers/STORET/organizations/DRBC/activities/DRBC-NC-109042023134545285-51-6/results/1067017953/resdetectqntlmts,Lower Reporting Limit,0.413,ng,,2025-07-07T12:42:46,STORET
DRBC,Delaware River Basin Commission,DRBC-MHC1017202390045285-51-6,Sample-Routine,Water,,2023-10-17,09:00:00,EDT,,,,,,,,,,,,PDE BIL,PDE BIL Trib Toxics,,DRBC-MHC,Marcus Hook Creek,,,,,39.8224900000,-75.4100400000,PFAS_water_sample,DRBC,PFAS water sample collection,Grab samples of surface water are collected directly into HDPE bottles by submerging,Water Bottle,STORET-1066002344,,,Perfluorooctanoic acid,Unfiltered,13.7,ng/L,,Final,,Actual,,,,,,,,,,45285-51-6,,,,,,,,,,MLA110rev2,DRBC,Analytical Procedure for the Analysis of PFAS  by LC/MS/MS Isotope Dilution revision 2,,,,,,https://www.waterqualitydata.us/data/providers/STORET/organizations/DRBC/activities/DRBC-MHC1017202390045285-51-6/results/1066002344/resdetectqntlmts,Lower Reporting Limit,0.398,ng/L,,2025-06-18T09:28:49,STORET
DRBC,Delaware River Basin Commission,DRBC-YA08012023155545285-51-6,Sample-Routine,Water,,2023-08-01,15:55:00,EDT,,,,,,,,,,,,NFWF Yr3 PFAS,NFWF Yr3 PFAS,,DRBC-YAR,"Yardley, PA",,,,,40.2795200000,-74.8593050000,PFAS_water_sample,DRBC,PFAS water sample collection,Grab samples of surface water are collected directly into HDPE bottles by submerging,Water Bottle,STORET-1066006950,,,Perfluorooctanoic acid,Unfiltered,1.89,ng/L,,Final,,Actual,,,,,,,,,,CAS# 45285-51-6,,,,,,,,,,MLA110rev2,DRBC,Analytical Procedure for the Analysis of PFAS  by LC/MS/MS Isotope Dilution revision 2,,,,,,https://www.waterqualitydata.us/data/providers/STORET/organizations/DRBC/activities/DRBC-YA08012023155545285-51-6/results/1066006950/resdetectqntlmts,Lower Reporting Limit,0.208,ng/L,,2025-06-18T11:34:02,STORET
DRBC,Delaware River Basin Commission,DRBC-SR09092023151545285-51-6,Sample-Routine,Water,,2023-09-09,15:15:00,EDT,,,,,,,,,,,,NFWF Yr3 PFAS,NFWF Yr3 PFAS,,DRBC-SR,Schuylkill River,,,,,39.9131600000,-75.2059000000,PFAS_water_sample,DRBC,PFAS water sample collection,Grab samples of surface water are collected directly into HDPE bottles by submerging,Water Bottle,STORET-1066006870,,,Perfluorooctanoic acid,Unfiltered,6.36,ng/L,,Final,,Actual,,,,,,,,,,CAS# 45285-51-6,,,,,,,,,,MLA110rev2,DRBC,Analytical Procedure for the Analysis of PFAS  by LC/MS/MS Isotope Dilution revision 2,,,,,,https://www.waterqualitydata.us/data/providers/STORET/organizations/DRBC/activities/DRBC-SR09092023151545285-51-6/results/1066006870/resdetectqntlmts,Lower Reporting Limit,0.387,ng/L,,2025-06-18T11:33:59,STORET
DRBC,Delaware River Basin Commission,DRBC-FC10182023104545285-51-6,Sample-Routine,Water,,2023-10-18,10:45:00,EDT,,,,,,,,,,,,PDE BIL,PDE BIL Trib Toxics,,DRBC-FC,Frankford Creek,,,,,39.9859100000,-75.0715320000,PFAS_water_sample,DRBC,PFAS water sample collection,Grab samples of surface water are collected directly into HDPE bottles by submerging,Water Bottle,STORET-1066002264,,,Perfluorooctanoic acid,Unfiltered,11.1,ng/L,,Final,,Actual,,,,,,,,,,45285-51-6,,,,,,,,,,MLA110rev2,DRBC,Analytical Procedure for the Analysis of PFAS  by LC/MS/MS Isotope Dilution revision 2,,,,,,https://www.waterqualitydata.us/data/providers/STORET/organizations/DRBC/activities/DRBC-FC10182023104545285-51-6/results/1066002264/resdetectqntlmts,Lower Reporting Limit,0.391,ng/L,,2025-06-18T09:28:47,STORET
DRBC,Delaware River Basin Commission,DRBC-NC-209042023134545285-51-6,Quality Control Sample-Field Replicate,Water,,2023-08-23,13:45:00,EDT,,,,,,,,,,,,NFWF Yr3 PFAS,NFWF Yr3 PFAS,,DRBC-NC,Neshaminy Creek,,,,,40.0758730000,-74.9090430000,POCIS,DRBC,Polar Organic Chemical Integrative Sampler,Sorption Media between 2 porus membranes in a stainless steel housing,Polar Orga. Chem. Integrative Sampler,STORET-1067017993,,,Perfluorooctanoic acid,Unfiltered,26.8,ng,,Final,,Actual,,,,,,,,,,,,,,,,,,,,MLA110rev2,DRBC,Analytical Procedure for the Analysis of PFAS  by LC/MS/MS Isotope Dilution revision 2,,,,,,https://www.waterqualitydata.us/data/providers/STORET/organizations/DRBC/activities/DRBC-NC-209042023134545285-51-6/results/1067017993/resdetectqntlmts,Lower Reporting Limit,0.412,ng,,2025-07-07T12:42:47,STORET
DRBC,Delaware River Basin Commission,DRBC-YAR-309072023153045285-51-6,Quality Control Sample-Field Replicate,Water,,2023-08-23,15:30:00,EDT,,,,,,,,,,,,NFWF Yr3 PFAS,NFWF Yr3 PFAS,,DRBC-YAR,"Yardley, PA",,,,,40.2795200000,-74.8593050000,POCIS,DRBC,Polar Organic Chemical Integrative Sampler,Sorption Media between 2 porus membranes in a stainless steel housing,Polar Orga. Chem. Integrative Sampler,STORET-1067018153,,,Perfluorooctanoic acid,Unfiltered,10.5,ng,,Final,,Actual,,,,,,,,,,,,,,,,,,,,MLA110rev2,DRBC,Analytical Procedure for the Analysis of PFAS  by LC/MS/MS Isotope Dilution revision 2,,,,,,https://www.waterqualitydata.us/data/providers/STORET/organizations/DRBC/activities/DRBC-YAR-309072023153045285-51-6/results/1067018153/resdetectqntlmts,Lower Reporting Limit,0.406,ng,,2025-07-07T12:42:49,STORET
DRBC,Delaware River Basin Commission,DRBC-EB08092023133545285-51-6,Quality Control Sample-Equipment Blank,Water,,2023-08-09,13:35:00,EDT,,,,,,,,,,,,NFWF Yr3 PFAS,NFWF Yr3 PFAS,,DRBC-EB,Equipment Blank,,,,,39.8543000000,-75.3290000000,PFAS_water_sample,DRBC,PFAS water sample collection,Grab samples of surface water are collected directly into HDPE bottles by submerging,Water Bottle,STORET-1066006510,Not Detected,,Perfluorooctanoic acid,Unfiltered,,,U,Final,,Actual,,,,,,,,,,CAS# 45285-51-6,,,,,,,,,,MLA110rev2,DRBC,Analytical Procedure for the Analysis of PFAS  by LC/MS/MS Isotope Dilution revision 2,,,,,,https://www.waterqualitydata.us/data/providers/STORET/organizations/DRBC/activities/DRBC-EB08092023133545285-51-6/results/1066006510/resdetectqntlmts,Lower Reporting Limit,0.454,ng/L,,2025-06-18T11:33:47,STORET
DRBC,Delaware River Basin Commission,DRBC-NC-dup10182023113045285-51-6,Quality Control Sample-Blind Duplicate,Water,,2023-10-18,11:30:00,EDT,,,,,,,,,,,,PDE BIL,PDE BIL Trib Toxics,,DRBC-NC,Neshaminy Creek,,,,,40.0758730000,-74.9090430000,PFAS_water_sample,DRBC,PFAS water sample collection,Grab samples of surface water are collected directly into HDPE bottles by submerging,Water Bottle,STORET-1066002544,,,Perfluorooctanoic acid,Unfiltered,10,ng/L,,Final,,Actual,,,,,,,,,,45285-51-6,,,,,,,,,,MLA110rev2,DRBC,Analytical Procedure for the Analysis of PFAS  by LC/MS/MS Isotope Dilution revision 2,,,,,,https://www.waterqualitydata.us/data/providers/STORET/organizations/DRBC/activities/DRBC-NC-dup10182023113045285-51-6/results/1066002544/resdetectqntlmts,Lower Reporting Limit,0.393,ng/L,,2025-06-18T09:28:56,STORET
DRBC,Delaware River Basin Commission,DRBC-NC-309042023134545285-51-6,Quality Control Sample-Field Replicate,Water,,2023-08-23,13:45:00,EDT,,,,,,,,,,,,NFWF Yr3 PFAS,NFWF Yr3 PFAS,,DRBC-NC,Neshaminy Creek,,,,,40.0758730000,-74.9090430000,POCIS,DRBC,Polar Organic Chemical Integrative Sampler,Sorption Media between 2 porus membranes in a stainless steel housing,Polar Orga. Chem. Integrative Sampler,STORET-1067018033,,,Perfluorooctanoic acid,Unfiltered,31.5,ng,,Final,,Actual,,,,,,,,,,,,,,,,,,,,MLA110rev2,DRBC,Analytical Procedure for the Analysis of PFAS  by LC/MS/MS Isotope Dilution revision 2,,,,,,https://www.waterqualitydata.us/data/providers/STORET/organizations/DRBC/activities/DRBC-NC-309042023134545285-51-6/results/1067018033/resdetectqntlmts,Lower Reporting Limit,0.41,ng,,2025-07-07T12:42:47,STORET
DRBC,Delaware River Basin Commission,DRBC-CC1017202393045285-51-6,Sample-Routine,Water,,2023-10-17,09:30:00,EDT,,,,,,,,,,,,PDE BIL,PDE BIL Trib Toxics,,DRBC-CC,Chester Creek,,,,,39.8451470000,-75.3600720000,PFAS_water_sample,DRBC,PFAS water sample collection,Grab samples of surface water are collected directly into HDPE bottles by submerging,Water Bottle,STORET-1066002144,,,Perfluorooctanoic acid,Unfiltered,13.8,ng/L,,Final,,Actual,,,,,,,,,,45285-51-6,,,,,,,,,,MLA110rev2,DRBC,Analytical Procedure for the Analysis of PFAS  by LC/MS/MS Isotope Dilution revision 2,,,,,,https://www.waterqualitydata.us/data/providers/STORET/organizations/DRBC/activities/DRBC-CC1017202393045285-51-6/results/1066002144/resdetectqntlmts,Lower Reporting Limit,0.444,ng/L,,2025-06-18T09:28:43,STORET
DRBC,Delaware River Basin Commission,DRBC-FM-309012023125045285-51-6,Quality Control Sample-Field Replicate,Water,,2023-08-23,12:50:00,EDT,,,,,,,,,,,,NFWF Yr3 PFAS,NFWF Yr3 PFAS,,DRBC-FM,Fort Mifflin,,,,,39.8748000000,-75.2103000000,POCIS,DRBC,Polar Organic Chemical Integrative Sampler,Sorption Media between 2 porus membranes in a stainless steel housing,Polar Orga. Chem. Integrative Sampler,STORET-1067017473,,,Perfluorooctanoic acid,Unfiltered,23.7,ng,,Final,,Actual,,,,,,,,,,,,,,,,,,,,MLA110rev2,DRBC,Analytical Procedure for the Analysis of PFAS  by LC/MS/MS Isotope Dilution revision 2,,,,,,https://www.waterqualitydata.us/data/providers/STORET/organizations/DRBC/activities/DRBC-FM-309012023125045285-51-6/results/1067017473/resdetectqntlmts,Lower Reporting Limit,0.397,ng,,2025-07-07T12:42:40,STORET
DRBC,Delaware River Basin Commission,DRBC-MHC-108292023113045285-51-6,Sample-Routine,Water,,2023-08-23,11:30:00,EDT,,,,,,,,,,,,NFWF Yr3 PFAS,NFWF Yr3 PFAS,,DRBC-MHC,Marcus Hook Creek,,,,,39.8224900000,-75.4100400000,POCIS,DRBC,Polar Organic Chemical Integrative Sampler,Sorption Media between 2 porus membranes in a stainless steel housing,Polar Orga. Chem. Integrative Sampler,STORET-1067017513,,,Perfluorooctanoic acid,Unfiltered,30.4,ng,,Final,,Actual,,,,,,,,,,,,,,,,,,,,MLA110rev2,DRBC,Analytical Procedure for the Analysis of PFAS  by LC/MS/MS Isotope Dilution revision 2,,,,,,https://www.waterqualitydata.us/data/providers/STORET/organizations/DRBC/activities/DRBC-MHC-108292023113045285-51-6/results/1067017513/resdetectqntlmts,Lower Reporting Limit,0.403,ng,,2025-07-07T12:42:40,STORET
DRBC,Delaware River Basin Commission,DRBC-FB08092023133545285-51-6,Quality Control Sample-Field Blank,Water,,2023-08-09,13:35:00,EDT,,,,,,,,,,,,NFWF Yr3 PFAS,NFWF Yr3 PFAS,,DRBC-FB,Field Blank,,,,,39.8543000000,-75.3290000000,PFAS_water_sample,DRBC,PFAS water sample collection,Grab samples of surface water are collected directly into HDPE bottles by submerging,Water Bottle,STORET-1066006590,Not Detected,,Perfluorooctanoic acid,Unfiltered,,,U,Final,,Actual,,,,,,,,,,CAS# 45285-51-6,,,,,,,,,,MLA110rev2,DRBC,Analytical Procedure for the Analysis of PFAS  by LC/MS/MS Isotope Dilution revision 2,,,,,,https://www.waterqualitydata.us/data/providers/STORET/organizations/DRBC/activities/DRBC-FB08092023133545285-51-6/results/1066006590/resdetectqntlmts,Lower Reporting Limit,0.439,ng/L,,2025-06-18T11:33:48,STORET
DRBC,Delaware River Basin Commission,DRBC-PPC10172023112045285-51-6,Sample-Routine,Water,,2023-10-17,11:20:00,EDT,,,,,,,,,,,,PDE BIL,PDE BIL Trib Toxics,,DRBC-PPC,Pennypack Creek,,,,,40.0359950000,-75.0213170000,PFAS_water_sample,DRBC,PFAS water sample collection,Grab samples of surface water are collected directly into HDPE bottles by submerging,Water Bottle,STORET-1066002584,,,Perfluorooctanoic acid,Unfiltered,9.36,ng/L,,Final,,Actual,,,,,,,,,,45285-51-6,,,,,,,,,,MLA110rev2,DRBC,Analytical Procedure for the Analysis of PFAS  by LC/MS/MS Isotope Dilution revision 2,,,,,,https://www.waterqualitydata.us/data/providers/STORET/organizations/DRBC/activities/DRBC-PPC10172023112045285-51-6/results/1066002584/resdetectqntlmts,Lower Reporting Limit,0.411,ng/L,,2025-06-18T09:28:56,STORET
DRBC,Delaware River Basin Commission,DRBC-YAR-209072023153045285-51-6,Quality Control Sample-Field Replicate,Water,,2023-08-23,15:30:00,EDT,,,,,,,,,,,,NFWF Yr3 PFAS,NFWF Yr3 PFAS,,DRBC-YAR,"Yardley, PA",,,,,40.2795200000,-74.8593050000,POCIS,DRBC,Polar Organic Chemical Integrative Sampler,Sorption Media between 2 porus membranes in a stainless steel housing,Polar Orga. Chem. Integrative Sampler,STORET-1067018113,,,Perfluorooctanoic acid,Unfiltered,10.5,ng,,Final,,Actual,,,,,,,,,,,,,,,,,,,,MLA110rev2,DRBC,Analytical Procedure for the Analysis of PFAS  by LC/MS/MS Isotope Dilution revision 2,,,,,,https://www.waterqualitydata.us/data/providers/STORET/organizations/DRBC/activities/DRBC-YAR-209072023153045285-51-6/results/1067018113/resdetectqntlmts,Lower Reporting Limit,0.405,ng,,2025-07-07T12:42:48,STORET
DRBC,Delaware River Basin Commission,DRBC-DF08012023141745285-51-6,Sample-Routine,Water,,2023-08-01,14:17:00,EDT,,,,,,,,,,,,NFWF Yr3 PFAS,NFWF Yr3 PFAS,,DRBC-DIN,"Dingmans Ferry, PA",,,,,41.2195000000,-74.8600000000,PFAS_water_sample,DRBC,PFAS water sample collection,Grab samples of surface water are collected directly into HDPE bottles by submerging,Water Bottle,STORET-1066006470,Present Below Quantification Limit,,Perfluorooctanoic acid,Unfiltered,,,J,Final,,Actual,,,,,,,,,,CAS# 45285-51-6,,,,,,,,,,MLA110rev2,DRBC,Analytical Procedure for the Analysis of PFAS  by LC/MS/MS Isotope Dilution revision 2,,,,,,https://www.waterqualitydata.us/data/providers/STORET/organizations/DRBC/activities/DRBC-DF08012023141745285-51-6/results/1066006470/resdetectqntlmts,Lower Reporting Limit,0.206,ng/L,,2025-06-18T11:33:45,STORET
DRBC,Delaware River Basin Commission,DRBC-FM-109012023125045285-51-6,Sample-Routine,Water,,2023-08-23,12:50:00,EDT,,,,,,,,,,,,NFWF Yr3 PFAS,NFWF Yr3 PFAS,,DRBC-FM,Fort Mifflin,,,,,39.8748000000,-75.2103000000,POCIS,DRBC,Polar Organic Chemical Integrative Sampler,Sorption Media between 2 porus membranes in a stainless steel housing,Polar Orga. Chem. Integrative Sampler,STORET-1067017393,,,Perfluorooctanoic acid,Unfiltered,20.1,ng,,Final,,Actual,,,,,,,,,,,,,,,,,,,,MLA110rev2,DRBC,Analytical Procedure for the Analysis of PFAS  by LC/MS/MS Isotope Dilution revision 2,,,,,,https://www.waterqualitydata.us/data/providers/STORET/organizations/DRBC/activities/DRBC-FM-109012023125045285-51-6/results/1067017393/resdetectqntlmts,Lower Reporting Limit,0.418,ng,,2025-07-07T12:42:39,STORET
DRBC,Delaware River Basin Commission,DRBC-YAR-109072023153045285-51-6,Sample-Routine,Water,,2023-08-23,15:30:00,EDT,,,,,,,,,,,,NFWF Yr3 PFAS,NFWF Yr3 PFAS,,DRBC-YAR,"Yardley, PA",,,,,40.2795200000,-74.8593050000,POCIS,DRBC,Polar Organic Chemical Integrative Sampler,Sorption Media between 2 porus membranes in a stainless steel housing,Polar Orga. Chem. Integrative Sampler,STORET-1067018073,,,Perfluorooctanoic acid,Unfiltered,8.39,ng,,Final,,Actual,,,,,,,,,,,,,,,,,,,,MLA110rev2,DRBC,Analytical Procedure for the Analysis of PFAS  by LC/MS/MS Isotope Dilution revision 2,,,,,,https://www.waterqualitydata.us/data/providers/STORET/organizations/DRBC/activities/DRBC-YAR-109072023153045285-51-6/results/1067018073/resdetectqntlmts,Lower Reporting Limit,0.413,ng,,2025-07-07T12:42:48,STORET
DRBC,Delaware River Basin Commission,DRBC-NV08092023144545285-51-6,Sample-Routine,Water,,2023-08-09,14:45:00,EDT,,,,,,,,,,,,NFWF Yr3 PFAS,NFWF Yr3 PFAS,,DRBC-NV,Navy Yard,,,,,39.8840950000,-75.1968830000,PFAS_water_sample,DRBC,PFAS water sample collection,Grab samples of surface water are collected directly into HDPE bottles by submerging,Water Bottle,STORET-1066006710,,,Perfluorooctanoic acid,Unfiltered,6.24,ng/L,,Final,,Actual,,,,,,,,,,CAS# 45285-51-6,,,,,,,,,,MLA110rev2,DRBC,Analytical Procedure for the Analysis of PFAS  by LC/MS/MS Isotope Dilution revision 2,,,,,,https://www.waterqualitydata.us/data/providers/STORET/organizations/DRBC/activities/DRBC-NV08092023144545285-51-6/results/1066006710/resdetectqntlmts,Lower Reporting Limit,0.401,ng/L,,2025-06-18T11:33:52,STORET
DRBC,Delaware River Basin Commission,DRBC-NC10182023113045285-51-6,Sample-Routine,Water,,2023-10-18,11:30:00,EDT,,,,,,,,,,,,PDE BIL,PDE BIL Trib Toxics,,DRBC-NC,Neshaminy Creek,,,,,40.0758730000,-74.9090430000,PFAS_water_sample,DRBC,PFAS water sample collection,Grab samples of surface water are collected directly into HDPE bottles by submerging,Water Bottle,STORET-1066002464,,,Perfluorooctanoic acid,Unfiltered,10.6,ng/L,,Final,,Actual,,,,,,,,,,45285-51-6,,,,,,,,,,MLA110rev2,DRBC,Analytical Procedure for the Analysis of PFAS  by LC/MS/MS Isotope Dilution revision 2,,,,,,https://www.waterqualitydata.us/data/providers/STORET/organizations/DRBC/activities/DRBC-NC10182023113045285-51-6/results/1066002464/resdetectqntlmts,Lower Reporting Limit,0.39,ng/L,,2025-06-18T09:28:54,STORET
DRBC,Delaware River Basin Commission,DRBC-LAC08012023131245285-51-6,Sample-Routine,Water,,2023-08-01,13:12:00,EDT,,,,,,,,,,,,NFWF Yr3 PFAS,NFWF Yr3 PFAS,,DRBC-LAC,"Lackawaxen, PA",,,,,41.4859000000,-74.9864000000,PFAS_water_sample,DRBC,PFAS water sample collection,Grab samples of surface water are collected directly into HDPE bottles by submerging,Water Bottle,STORET-1066006670,,,Perfluorooctanoic acid,Unfiltered,0.935,ng/L,,Final,,Actual,,,,,,,,,,CAS# 45285-51-6,,,,,,,,,,MLA110rev2,DRBC,Analytical Procedure for the Analysis of PFAS  by LC/MS/MS Isotope Dilution revision 2,,,,,,https://www.waterqualitydata.us/data/providers/STORET/organizations/DRBC/activities/DRBC-LAC08012023131245285-51-6/results/1066006670/resdetectqntlmts,Lower Reporting Limit,0.226,ng/L,,2025-06-18T11:33:51,STORET
DRBC,Delaware River Basin Commission,DRBC-MHC-208292023113045285-51-6,Quality Control Sample-Field Replicate,Water,,2023-08-23,11:30:00,EDT,,,,,,,,,,,,NFWF Yr3 PFAS,NFWF Yr3 PFAS,,DRBC-MHC,Marcus Hook Creek,,,,,39.8224900000,-75.4100400000,POCIS,DRBC,Polar Organic Chemical Integrative Sampler,Sorption Media between 2 porus membranes in a stainless steel housing,Polar Orga. Chem. Integrative Sampler,STORET-1067017553,,,Perfluorooctanoic acid,Unfiltered,29.1,ng,,Final,,Actual,,,,,,,,,,,,,,,,,,,,MLA110rev2,DRBC,Analytical Procedure for the Analysis of PFAS  by LC/MS/MS Isotope Dilution revision 2,,,,,,https://www.waterqualitydata.us/data/providers/STORET/organizations/DRBC/activities/DRBC-MHC-208292023113045285-51-6/results/1067017553/resdetectqntlmts,Lower Reporting Limit,0.405,ng,,2025-07-07T12:42:41,STORETDRBC,Delaware River Basin Commission,DRBC-P12:101707:1340:355-46-4,Sample-Routine,Water,,2007-10-17,13:40:00,EST,,,,,,,,,,,,PFAS Surface Water,Per- and polyfluoroalkyl substances,,DRBC-P12,105,,,,,39.9947700000,-75.0597800000,PFAS_water_sample,DRBC,PFAS water sample collection,Grab samples of surface water are collected directly into HDPE bottles by submerging,Water Bottle,STORET-872467486,Not Detected,,Perfluorohexanesulfonic acid,,,,,Final,,Actual,,,,,,,,,,,,,,,,,,,,MLA-060,DRBC,SGS AXYS Method MLA-060,,,,,,https://www.waterqualitydata.us/data/providers/STORET/organizations/DRBC/activities/DRBC-P12%3A101707%3A1340%3A355-46-4/results/872467486/resdetectqntlmts,Estimated Detection Level,2.14,ng/L,,2021-01-21T10:48:36,STORET
DRBC,Delaware River Basin Commission,DRBC-P12:80608:1400:355-46-4,Sample-Routine,Water,,2008-08-06,14:00:00,EST,,,,,,,,,,,,PFAS Surface Water,Per- and polyfluoroalkyl substances,,DRBC-P12,105,,,,,39.9947700000,-75.0597800000,PFAS_water_sample,DRBC,PFAS water sample collection,Grab samples of surface water are collected directly into HDPE bottles by submerging,Water Bottle,STORET-872467650,Not Detected,,Perfluorohexanesulfonic acid,,,,,Final,,Actual,,,,,,,,,,,,,,,,,,,,MLA-060,DRBC,SGS AXYS Method MLA-060,,,,,,https://www.waterqualitydata.us/data/providers/STORET/organizations/DRBC/activities/DRBC-P12%3A80608%3A1400%3A355-46-4/results/872467650/resdetectqntlmts,Estimated Detection Level,2,ng/L,,2021-01-21T10:48:39,STORET
DRBC,Delaware River Basin Commission,DRBC-P12:102209:1020:355-46-4,Sample-Routine,Water,,2009-10-22,10:20:00,EST,,,,,,,,,,,,PFAS Surface Water,Per- and polyfluoroalkyl substances,,DRBC-P12,105,,,,,39.9947700000,-75.0597800000,PFAS_water_sample,DRBC,PFAS water sample collection,Grab samples of surface water are collected directly into HDPE bottles by submerging,Water Bottle,STORET-872441440,,,Perfluorohexanesulfonic acid,,2.89,ng/L,,Final,,Actual,,,,,,,,,,,,,,,,,,,,MLA-060,DRBC,SGS AXYS Method MLA-060,,,,,,https://www.waterqualitydata.us/data/providers/STORET/organizations/DRBC/activities/DRBC-P12%3A102209%3A1020%3A355-46-4/results/872441440/resdetectqntlmts,Estimated Detection Level,2.02,ng/L,,2021-01-20T15:08:35,STORET
DRBC,Delaware River Basin Commission,DRBC-P11:80315:1436:355-46-4,Sample-Routine,Water,,2015-08-03,14:36:00,EST,,,,,,,,,,,,PFAS Surface Water,Per- and polyfluoroalkyl substances,,DRBC-P11,105,,,,,39.9947700000,-75.0597800000,PFAS_water_sample,DRBC,PFAS water sample collection,Grab samples of surface water are collected directly into HDPE bottles by submerging,Water Bottle,STORET-872467560,Not Detected,,Perfluorohexanesulfonic acid,,,,,Final,,Actual,,,,,,,,,,,,,,,,,,,,MLA-060,DRBC,SGS AXYS Method MLA-060,,,,,,https://www.waterqualitydata.us/data/providers/STORET/organizations/DRBC/activities/DRBC-P11%3A80315%3A1436%3A355-46-4/results/872467560/resdetectqntlmts,Estimated Detection Level,2.03,ng/L,,2021-01-21T10:48:38,STORET
DRBC,Delaware River Basin Commission,DRBC-P6:80315:1130:355-46-4,Sample-Routine,Water,,2015-08-03,11:30:00,EST,,,,,,,,,,,,PFAS Surface Water,Per- and polyfluoroalkyl substances,,DRBC-P6,85,,,,,39.8505500000,-75.3270900000,PFAS_water_sample,DRBC,PFAS water sample collection,Grab samples of surface water are collected directly into HDPE bottles by submerging,Water Bottle,STORET-872467633,Not Detected,,Perfluorohexanesulfonic acid,,,,,Final,,Actual,,,,,,,,,,,,,,,,,,,,MLA-060,DRBC,SGS AXYS Method MLA-060,,,,,,https://www.waterqualitydata.us/data/providers/STORET/organizations/DRBC/activities/DRBC-P6%3A80315%3A1130%3A355-46-4/results/872467633/resdetectqntlmts,Estimated Detection Level,2.01,ng/L,,2021-01-21T10:48:39,STORET
DRBC,Delaware River Basin Commission,DRBC-PEAST183:92016:1023:355-46-4,Sample-Routine,Water,,2016-09-20,10:23:00,EST,,,,,,,,,,,,PFAS Surface Water,Per- and polyfluoroalkyl substances,,DRBC-PEAST183,183.82,,,,,40.6945000000,-75.2037970000,PFAS_water_sample,DRBC,PFAS water sample collection,Grab samples of surface water are collected directly into HDPE bottles by submerging,Water Bottle,STORET-872467521,Not Detected,,Perfluorohexanesulfonic acid,,,,,Final,,Actual,,,,,,,,,,,,,,,,,,,,MLA-060,DRBC,SGS AXYS Method MLA-060,,,,,,https://www.waterqualitydata.us/data/providers/STORET/organizations/DRBC/activities/DRBC-PEAST183%3A92016%3A1023%3A355-46-4/results/872467521/resdetectqntlmts,Estimated Detection Level,2.01,ng/L,,2021-01-21T10:48:37,STORET
DRBC,Delaware River Basin Commission,DRBC-PPJM254:92016:1241:355-46-4,Sample-Routine,Water,,2016-09-20,12:41:00,EST,,,,,,,,,,,,PFAS Surface Water,Per- and polyfluoroalkyl substances,,DRBC-PPJM254,253.65,,,,,41.3715750000,-74.6973220000,PFAS_water_sample,DRBC,PFAS water sample collection,Grab samples of surface water are collected directly into HDPE bottles by submerging,Water Bottle,STORET-872467511,Not Detected,,Perfluorohexanesulfonic acid,,,,,Final,,Actual,,,,,,,,,,,,,,,,,,,,MLA-060,DRBC,SGS AXYS Method MLA-060,,,,,,https://www.waterqualitydata.us/data/providers/STORET/organizations/DRBC/activities/DRBC-PPJM254%3A92016%3A1241%3A355-46-4/results/872467511/resdetectqntlmts,Estimated Detection Level,1.95,ng/L,,2021-01-21T10:48:37,STORET
DRBC,Delaware River Basin Commission,DRBC-PNRB289:92016:1402:355-46-4,Sample-Routine,Water,,2016-09-20,14:02:00,EST,,,,,,,,,,,,PFAS Surface Water,Per- and polyfluoroalkyl substances,,DRBC-PNRB289,289.9,,,,,41.6113890000,-75.0616890000,PFAS_water_sample,DRBC,PFAS water sample collection,Grab samples of surface water are collected directly into HDPE bottles by submerging,Water Bottle,STORET-872467501,Not Detected,,Perfluorohexanesulfonic acid,,,,,Final,,Actual,,,,,,,,,,,,,,,,,,,,MLA-060,DRBC,SGS AXYS Method MLA-060,,,,,,https://www.waterqualitydata.us/data/providers/STORET/organizations/DRBC/activities/DRBC-PNRB289%3A92016%3A1402%3A355-46-4/results/872467501/resdetectqntlmts,Estimated Detection Level,1.95,ng/L,,2021-01-21T10:48:37,STORET
DRBC,Delaware River Basin Commission,DRBC-PLAM149:92016:857:355-46-4,Quality Control Sample-Blind Duplicate,Water,,2016-09-20,08:57:00,EST,,,,,,,,,,,,PFAS Surface Water,Per- and polyfluoroalkyl substances,,DRBC-PLAM149,148.7,,,,,40.3649310000,-74.9489920000,PFAS_water_sample,DRBC,PFAS water sample collection,Grab samples of surface water are collected directly into HDPE bottles by submerging,Water Bottle,STORET-872467547,Not Detected,,Perfluorohexanesulfonic acid,,,,,Final,,Actual,,,,,,,,,,,,,,,,,,,,MLA-060,DRBC,SGS AXYS Method MLA-060,,,,,,https://www.waterqualitydata.us/data/providers/STORET/organizations/DRBC/activities/DRBC-PLAM149%3A92016%3A857%3A355-46-4/results/872467547/resdetectqntlmts,Estimated Detection Level,1.96,ng/L,,2021-01-21T10:48:38,STORET
DRBC,Delaware River Basin Commission,DRBC-PPJM254:92016:1415:355-46-4,Quality Control Sample-Field Blank,Water,,2016-09-20,14:15:00,EST,,,,,,,,,,,,PFAS Surface Water,Per- and polyfluoroalkyl substances,,DRBC-PPJM254,253.65,,,,,41.3715750000,-74.6973220000,PFAS_water_sample,DRBC,PFAS water sample collection,Grab samples of surface water are collected directly into HDPE bottles by submerging,Water Bottle,STORET-872467539,Not Detected,,Perfluorohexanesulfonic acid,,,,,Final,,Actual,,,,,,,,,,,,,,,,,,,,MLA-060,DRBC,SGS AXYS Method MLA-060,,,,,,https://www.waterqualitydata.us/data/providers/STORET/organizations/DRBC/activities/DRBC-PPJM254%3A92016%3A1415%3A355-46-4/results/872467539/resdetectqntlmts,Estimated Detection Level,2.22,ng/L,,2021-01-21T10:48:38,STORET
DRBC,Delaware River Basin Commission,DRBC-PLAM149:92016:836:355-46-4,Sample-Routine,Water,,2016-09-20,08:36:00,EST,,,,,,,,,,,,PFAS Surface Water,Per- and polyfluoroalkyl substances,,DRBC-PLAM149,148.7,,,,,40.3649310000,-74.9489920000,PFAS_water_sample,DRBC,PFAS water sample collection,Grab samples of surface water are collected directly into HDPE bottles by submerging,Water Bottle,STORET-872467530,Not Detected,,Perfluorohexanesulfonic acid,,,,,Final,,Actual,,,,,,,,,,,,,,,,,,,,MLA-060,DRBC,SGS AXYS Method MLA-060,,,,,,https://www.waterqualitydata.us/data/providers/STORET/organizations/DRBC/activities/DRBC-PLAM149%3A92016%3A836%3A355-46-4/results/872467530/resdetectqntlmts,Estimated Detection Level,1.93,ng/L,,2021-01-21T10:48:37,STORET
DRBC,Delaware River Basin Commission,DRBC-23-332068092020211123108427-53-8,Sample-Routine,Water,,2021-09-20,11:23:00,EST,,,,,,,,,,,,PFAS Surface Water,Per- and polyfluoroalkyl substances,,DRBC-31DELRBC_WQX-332068,131.04,,,,,40.1744650000,-74.7348480000,PFAS_water_sample,DRBC,PFAS water sample collection,Grab samples of surface water are collected directly into HDPE bottles by submerging,Water Bottle,STORET-926330197,Present Below Quantification Limit,,Perfluorohexanesulfonic acid,,,,,Final,,Actual,,,,,,,,,,,,,,,,,,,,MLA110rev2,DRBC,Analytical Procedure for the Analysis of PFAS  by LC/MS/MS Isotope Dilution revision 2,,,,,,https://www.waterqualitydata.us/data/providers/STORET/organizations/DRBC/activities/DRBC-23-332068092020211123108427-53-8/results/926330197/resdetectqntlmts,Lower Reporting Limit,0.357,ng/L,,2022-01-12T11:58:27,STORET
DRBC,Delaware River Basin Commission,DRBC-NC052420211500108427-53-8,Sample-Routine,Water,,2021-05-24,15:00:00,EST,,,,,,,,,,,,PFAS Surface Water,Per- and polyfluoroalkyl substances,,DRBC-NC,Neshaminy Creek,,,,,40.0758730000,-74.9090430000,PFAS_water_sample,DRBC,PFAS water sample collection,Grab samples of surface water are collected directly into HDPE bottles by submerging,Water Bottle,STORET-929830091,Present Below Quantification Limit,,Perfluorohexanesulfonic acid,Total,,,,Final,,Actual,,,,,,,,,,,,,,,,,,,,MLA110rev2,DRBC,Analytical Procedure for the Analysis of PFAS  by LC/MS/MS Isotope Dilution revision 2,,,,,,https://www.waterqualitydata.us/data/providers/STORET/organizations/DRBC/activities/DRBC-NC052420211500108427-53-8/results/929830091/resdetectqntlmts,Lower Reporting Limit,0.421,ng/L,,2022-02-09T16:05:48,STORET
DRBC,Delaware River Basin Commission,DRBC-BR16041920211021108427-53-8,Sample-Routine,Water,,2021-04-19,10:21:00,EST,,,,,,,,,,,,PFAS Surface Water,Per- and polyfluoroalkyl substances,,DRBC-BR16,110.7,,,,,40.0401990000,-74.9880480000,PFAS_water_sample,DRBC,PFAS water sample collection,Grab samples of surface water are collected directly into HDPE bottles by submerging,Water Bottle,STORET-926417110,Present Below Quantification Limit,,Perfluorohexanesulfonic acid,,,,,Final,,Actual,,,,,,,,,,,,,,,,,,,,MLA110rev2,DRBC,Analytical Procedure for the Analysis of PFAS  by LC/MS/MS Isotope Dilution revision 2,,,,,,https://www.waterqualitydata.us/data/providers/STORET/organizations/DRBC/activities/DRBC-BR16041920211021108427-53-8/results/926417110/resdetectqntlmts,Lower Reporting Limit,0.371,ng/L,,2022-01-12T13:21:28,STORET
DRBC,Delaware River Basin Commission,DRBC-SAN102120211256108427-53-8,Sample-Routine,Water,,2021-10-21,12:56:00,EST,,,,,,,,,,,,PFAS Surface Water,Per- and polyfluoroalkyl substances,,DRBC-SAN,"Sandts Eddy, PA",,,,,40.7582000000,-75.1880000000,PFAS_water_sample,DRBC,PFAS water sample collection,Grab samples of surface water are collected directly into HDPE bottles by submerging,Water Bottle,STORET-929830691,Present Below Quantification Limit,,Perfluorohexanesulfonic acid,Total,,,,Final,,Actual,,,,,,,,,,,,,,,,,,,,MLA110rev2,DRBC,Analytical Procedure for the Analysis of PFAS  by LC/MS/MS Isotope Dilution revision 2,,,,,,https://www.waterqualitydata.us/data/providers/STORET/organizations/DRBC/activities/DRBC-SAN102120211256108427-53-8/results/929830691/resdetectqntlmts,Lower Reporting Limit,0.394,ng/L,,2022-02-09T16:06:28,STORET
DRBC,Delaware River Basin Commission,DRBC-22-332064_D092020211106108427-53-8,Quality Control Sample-Blind Duplicate,Water,,2021-09-20,11:06:00,EST,,,,,,,,,,,,PFAS Surface Water,Per- and polyfluoroalkyl substances,,DRBC-31DELRBC_WQX-332064,122.4,,,,,40.1276480000,-74.8150650000,PFAS_water_sample,DRBC,PFAS water sample collection,Grab samples of surface water are collected directly into HDPE bottles by submerging,Water Bottle,STORET-926330157,Present Below Quantification Limit,,Perfluorohexanesulfonic acid,,,,,Final,,Actual,,,,,,,,,,,,,,,,,,,,MLA110rev2,DRBC,Analytical Procedure for the Analysis of PFAS  by LC/MS/MS Isotope Dilution revision 2,,,,,,https://www.waterqualitydata.us/data/providers/STORET/organizations/DRBC/activities/DRBC-22-332064_D092020211106108427-53-8/results/926330157/resdetectqntlmts,Lower Reporting Limit,0.359,ng/L,,2022-01-12T11:58:27,STORET
DRBC,Delaware River Basin Commission,DRBC-EAS102120211451108427-53-8,Sample-Routine,Water,,2021-10-21,14:51:00,EST,,,,,,,,,,,,PFAS Surface Water,Per- and polyfluoroalkyl substances,,DRBC-EAS,"Easton, PA",,,,,40.6793400000,-75.1852000000,PFAS_water_sample,DRBC,PFAS water sample collection,Grab samples of surface water are collected directly into HDPE bottles by submerging,Water Bottle,STORET-929830411,Present Below Quantification Limit,,Perfluorohexanesulfonic acid,Total,,,,Final,,Actual,,,,,,,,,,,,,,,,,,,,MLA110rev2,DRBC,Analytical Procedure for the Analysis of PFAS  by LC/MS/MS Isotope Dilution revision 2,,,,,,https://www.waterqualitydata.us/data/providers/STORET/organizations/DRBC/activities/DRBC-EAS102120211451108427-53-8/results/929830411/resdetectqntlmts,Lower Reporting Limit,0.388,ng/L,,2022-02-09T16:06:09,STORET
DRBC,Delaware River Basin Commission,DRBC-PPC2021110820211030108427-53-8,Sample-Routine,Water,,2021-11-08,10:30:00,EST,,,,,,,,,,,,PFAS Surface Water,Per- and polyfluoroalkyl substances,,DRBC-PPC2021,Pennypack Creek,,,,,40.0436000000,-75.0204980000,PFAS_water_sample,DRBC,PFAS water sample collection,Grab samples of surface water are collected directly into HDPE bottles by submerging,Water Bottle,STORET-929830611,,,Perfluorohexanesulfonic acid,Total,5.27,ng/L,,Final,,Actual,,,,,,,,,,,,,,,,,,,,MLA110rev2,DRBC,Analytical Procedure for the Analysis of PFAS  by LC/MS/MS Isotope Dilution revision 2,,,,,,https://www.waterqualitydata.us/data/providers/STORET/organizations/DRBC/activities/DRBC-PPC2021110820211030108427-53-8/results/929830611/resdetectqntlmts,Lower Reporting Limit,0.401,ng/L,,2022-02-09T16:06:23,STORET
DRBC,Delaware River Basin Commission,DRBC-EB042020211511108427-53-8,Quality Control Sample-Field Blank,Water,,2021-04-20,15:11:00,EST,,,,,,,,,,,,PFAS Surface Water,Per- and polyfluoroalkyl substances,,DRBC-EB2,Equipment Blank,,,,,40.1898000000,-74.7584800000,PFAS_water_sample,DRBC,PFAS water sample collection,Grab samples of surface water are collected directly into HDPE bottles by submerging,Water Bottle,STORET-929843764,Not Detected,,Perfluorohexanesulfonic acid,Total,,,,Final,,Actual,,,,,,,,,,,,,,,,,,,,MLA110rev2,DRBC,Analytical Procedure for the Analysis of PFAS  by LC/MS/MS Isotope Dilution revision 2,,,,,,https://www.waterqualitydata.us/data/providers/STORET/organizations/DRBC/activities/DRBC-EB042020211511108427-53-8/results/929843764/resdetectqntlmts,Lower Reporting Limit,0.44,ng/L,,2022-02-10T10:30:33,STORET
DRBC,Delaware River Basin Commission,DRBC-SR060120211401108427-53-8,Sample-Routine,Water,,2021-06-01,14:01:00,EST,,,,,,,,,,,,PFAS Surface Water,Per- and polyfluoroalkyl substances,,DRBC-SR,Schuylkill River,,,,,39.9131600000,-75.2059000000,PFAS_water_sample,DRBC,PFAS water sample collection,Grab samples of surface water are collected directly into HDPE bottles by submerging,Water Bottle,STORET-929830211,Present Below Quantification Limit,,Perfluorohexanesulfonic acid,Total,,,,Final,,Actual,,,,,,,,,,,,,,,,,,,,MLA110rev2,DRBC,Analytical Procedure for the Analysis of PFAS  by LC/MS/MS Isotope Dilution revision 2,,,,,,https://www.waterqualitydata.us/data/providers/STORET/organizations/DRBC/activities/DRBC-SR060120211401108427-53-8/results/929830211/resdetectqntlmts,Lower Reporting Limit,0.413,ng/L,,2022-02-09T16:05:54,STORET
DRBC,Delaware River Basin Commission,DRBC-ES052720211024108427-53-8,Sample-Routine,Water,,2021-05-27,10:24:00,EST,,,,,,,,,,,,PFAS Surface Water,Per- and polyfluoroalkyl substances,,DRBC-ES,Eddystone,,,,,39.8547190000,-75.3293210000,PFAS_water_sample,DRBC,PFAS water sample collection,Grab samples of surface water are collected directly into HDPE bottles by submerging,Water Bottle,STORET-929829971,Present Below Quantification Limit,,Perfluorohexanesulfonic acid,Total,,,,Final,,Actual,,,,,,,,,,,,,,,,,,,,MLA110rev2,DRBC,Analytical Procedure for the Analysis of PFAS  by LC/MS/MS Isotope Dilution revision 2,,,,,,https://www.waterqualitydata.us/data/providers/STORET/organizations/DRBC/activities/DRBC-ES052720211024108427-53-8/results/929829971/resdetectqntlmts,Lower Reporting Limit,0.407,ng/L,,2022-02-09T16:05:42,STORET
DRBC,Delaware River Basin Commission,DRBC-DC052720211343108427-53-8,Sample-Routine,Water,,2021-05-27,13:43:00,EST,,,,,,,,,,,,PFAS Surface Water,Per- and polyfluoroalkyl substances,,DRBC-DC,Darby Creek,,,,,39.8699400000,-75.3138760000,PFAS_water_sample,DRBC,PFAS water sample collection,Grab samples of surface water are collected directly into HDPE bottles by submerging,Water Bottle,STORET-929829931,Present Below Quantification Limit,,Perfluorohexanesulfonic acid,Total,,,,Final,,Actual,,,,,,,,,,,,,,,,,,,,MLA110rev2,DRBC,Analytical Procedure for the Analysis of PFAS  by LC/MS/MS Isotope Dilution revision 2,,,,,,https://www.waterqualitydata.us/data/providers/STORET/organizations/DRBC/activities/DRBC-DC052720211343108427-53-8/results/929829931/resdetectqntlmts,Lower Reporting Limit,0.418,ng/L,,2022-02-09T16:05:40,STORET
DRBC,Delaware River Basin Commission,DRBC-NHC2021110820211130108427-53-8,Sample-Routine,Water,,2021-11-08,11:30:00,EST,,,,,,,,,,,,PFAS Surface Water,Per- and polyfluoroalkyl substances,,DRBC-NHC2021,Neshaminy Creek,,,,,40.1417020000,-74.9126630000,PFAS_water_sample,DRBC,PFAS water sample collection,Grab samples of surface water are collected directly into HDPE bottles by submerging,Water Bottle,STORET-929830571,,,Perfluorohexanesulfonic acid,Total,7.72,ng/L,,Final,,Actual,,,,,,,,,,,,,,,,,,,,MLA110rev2,DRBC,Analytical Procedure for the Analysis of PFAS  by LC/MS/MS Isotope Dilution revision 2,,,,,,https://www.waterqualitydata.us/data/providers/STORET/organizations/DRBC/activities/DRBC-NHC2021110820211130108427-53-8/results/929830571/resdetectqntlmts,Lower Reporting Limit,0.409,ng/L,,2022-02-09T16:06:20,STORET
DRBC,Delaware River Basin Commission,DRBC-18-892070092020211019108427-53-8,Sample-Routine,Water,,2021-09-20,10:19:00,EST,,,,,,,,,,,,PFAS Surface Water,Per- and polyfluoroalkyl substances,,DRBC-31DELRBC_WQX-892070,104.75,,,,,39.9847010000,-75.0666030000,PFAS_water_sample,DRBC,PFAS water sample collection,Grab samples of surface water are collected directly into HDPE bottles by submerging,Water Bottle,STORET-926330917,Present Below Quantification Limit,,Perfluorohexanesulfonic acid,,,,,Final,,Actual,,,,,,,,,,,,,,,,,,,,MLA110rev2,DRBC,Analytical Procedure for the Analysis of PFAS  by LC/MS/MS Isotope Dilution revision 2,,,,,,https://www.waterqualitydata.us/data/providers/STORET/organizations/DRBC/activities/DRBC-18-892070092020211019108427-53-8/results/926330917/resdetectqntlmts,Lower Reporting Limit,0.364,ng/L,,2022-01-12T11:58:42,STORET
DRBC,Delaware River Basin Commission,DRBC-FC052620211328108427-53-8,Sample-Routine,Water,,2021-05-26,13:28:00,EST,,,,,,,,,,,,PFAS Surface Water,Per- and polyfluoroalkyl substances,,DRBC-FC,Frankford Creek,,,,,39.9859100000,-75.0715320000,PFAS_water_sample,DRBC,PFAS water sample collection,Grab samples of surface water are collected directly into HDPE bottles by submerging,Water Bottle,STORET-929830011,Present Below Quantification Limit,,Perfluorohexanesulfonic acid,Total,,,,Final,,Actual,,,,,,,,,,,,,,,,,,,,MLA110rev2,DRBC,Analytical Procedure for the Analysis of PFAS  by LC/MS/MS Isotope Dilution revision 2,,,,,,https://www.waterqualitydata.us/data/providers/STORET/organizations/DRBC/activities/DRBC-FC052620211328108427-53-8/results/929830011/resdetectqntlmts,Lower Reporting Limit,0.444,ng/L,,2022-02-09T16:05:44,STORET
DRBC,Delaware River Basin Commission,DRBC-BC042020211511108427-53-8,Sample-Routine,Water,,2021-04-20,15:11:00,EST,,,,,,,,,,,,PFAS Surface Water,Per- and polyfluoroalkyl substances,,DRBC-BC,Bile Channel,,,,,40.1815660000,-74.7461910000,PFAS_water_sample,DRBC,PFAS water sample collection,Grab samples of surface water are collected directly into HDPE bottles by submerging,Water Bottle,STORET-929829691,Present Below Quantification Limit,,Perfluorohexanesulfonic acid,Total,,,,Final,,Actual,,,,,,,,,,,,,,,,,,,,MLA110rev2,DRBC,Analytical Procedure for the Analysis of PFAS  by LC/MS/MS Isotope Dilution revision 2,,,,,,https://www.waterqualitydata.us/data/providers/STORET/organizations/DRBC/activities/DRBC-BC042020211511108427-53-8/results/929829691/resdetectqntlmts,Lower Reporting Limit,0.432,ng/L,,2022-02-09T16:05:27,STORET
DRBC,Delaware River Basin Commission,DRBC-NV060120211428108427-53-8,Sample-Routine,Water,,2021-06-01,14:28:00,EST,,,,,,,,,,,,PFAS Surface Water,Per- and polyfluoroalkyl substances,,DRBC-NV,Navy Yard,,,,,39.8840950000,-75.1968830000,PFAS_water_sample,DRBC,PFAS water sample collection,Grab samples of surface water are collected directly into HDPE bottles by submerging,Water Bottle,STORET-929830131,Present Below Quantification Limit,,Perfluorohexanesulfonic acid,Total,,,,Final,,Actual,,,,,,,,,,,,,,,,,,,,MLA110rev2,DRBC,Analytical Procedure for the Analysis of PFAS  by LC/MS/MS Isotope Dilution revision 2,,,,,,https://www.waterqualitydata.us/data/providers/STORET/organizations/DRBC/activities/DRBC-NV060120211428108427-53-8/results/929830131/resdetectqntlmts,Lower Reporting Limit,0.423,ng/L,,2022-02-09T16:05:49,STORET
DRBC,Delaware River Basin Commission,DRBC-21-332064092020211106108427-53-8,Sample-Routine,Water,,2021-09-20,11:06:00,EST,,,,,,,,,,,,PFAS Surface Water,Per- and polyfluoroalkyl substances,,DRBC-31DELRBC_WQX-332064,122.4,,,,,40.1276480000,-74.8150650000,PFAS_water_sample,DRBC,PFAS water sample collection,Grab samples of surface water are collected directly into HDPE bottles by submerging,Water Bottle,STORET-926330117,Present Below Quantification Limit,,Perfluorohexanesulfonic acid,,,,,Final,,Actual,,,,,,,,,,,,,,,,,,,,MLA110rev2,DRBC,Analytical Procedure for the Analysis of PFAS  by LC/MS/MS Isotope Dilution revision 2,,,,,,https://www.waterqualitydata.us/data/providers/STORET/organizations/DRBC/activities/DRBC-21-332064092020211106108427-53-8/results/926330117/resdetectqntlmts,Lower Reporting Limit,0.36,ng/L,,2022-01-12T11:58:26,STORET
DRBC,Delaware River Basin Commission,DRBC-BR15041920211006108427-53-8,Sample-Routine,Water,,2021-04-19,10:06:00,EST,,,,,,,,,,,,PFAS Surface Water,Per- and polyfluoroalkyl substances,,DRBC-BR15,104.75,,,,,39.9847010000,-75.0666030000,PFAS_water_sample,DRBC,PFAS water sample collection,Grab samples of surface water are collected directly into HDPE bottles by submerging,Water Bottle,STORET-926417070,Present Below Quantification Limit,,Perfluorohexanesulfonic acid,,,,,Final,,Actual,,,,,,,,,,,,,,,,,,,,MLA110rev2,DRBC,Analytical Procedure for the Analysis of PFAS  by LC/MS/MS Isotope Dilution revision 2,,,,,,https://www.waterqualitydata.us/data/providers/STORET/organizations/DRBC/activities/DRBC-BR15041920211006108427-53-8/results/926417070/resdetectqntlmts,Lower Reporting Limit,0.366,ng/L,,2022-01-12T13:21:27,STORET
DRBC,Delaware River Basin Commission,DRBC-19-892077092020211035108427-53-8,Sample-Routine,Water,,2021-09-20,10:35:00,EST,,,,,,,,,,,,PFAS Surface Water,Per- and polyfluoroalkyl substances,,DRBC-31DELRBC_WQX-892077,110.7,,,,,40.0401990000,-74.9880480000,PFAS_water_sample,DRBC,PFAS water sample collection,Grab samples of surface water are collected directly into HDPE bottles by submerging,Water Bottle,STORET-926330037,Present Below Quantification Limit,,Perfluorohexanesulfonic acid,,,,,Final,,Actual,,,,,,,,,,,,,,,,,,,,MLA110rev2,DRBC,Analytical Procedure for the Analysis of PFAS  by LC/MS/MS Isotope Dilution revision 2,,,,,,https://www.waterqualitydata.us/data/providers/STORET/organizations/DRBC/activities/DRBC-19-892077092020211035108427-53-8/results/926330037/resdetectqntlmts,Lower Reporting Limit,0.362,ng/L,,2022-01-12T11:58:24,STORET
DRBC,Delaware River Basin Commission,DRBC-BR052620211325108427-53-8,Sample-Routine,Water,,2021-05-26,13:25:00,EST,,,,,,,,,,,,PFAS Surface Water,Per- and polyfluoroalkyl substances,,DRBC-BR,Betsy Ross Bridge,,,,,39.9847010000,-75.0666030000,PFAS_water_sample,DRBC,PFAS water sample collection,Grab samples of surface water are collected directly into HDPE bottles by submerging,Water Bottle,STORET-929829771,Present Below Quantification Limit,,Perfluorohexanesulfonic acid,Total,,,,Final,,Actual,,,,,,,,,,,,,,,,,,,,MLA110rev2,DRBC,Analytical Procedure for the Analysis of PFAS  by LC/MS/MS Isotope Dilution revision 2,,,,,,https://www.waterqualitydata.us/data/providers/STORET/organizations/DRBC/activities/DRBC-BR052620211325108427-53-8/results/929829771/resdetectqntlmts,Lower Reporting Limit,0.447,ng/L,,2022-02-09T16:05:32,STORET
DRBC,Delaware River Basin Commission,DRBC-14-892062092020210926108427-53-8,Sample-Routine,Water,,2021-09-20,09:26:00,EST,,,,,,,,,,,,PFAS Surface Water,Per- and polyfluoroalkyl substances,,DRBC-31DELRBC_WQX-892062,84,,,,,39.8491390000,-75.3296280000,PFAS_water_sample,DRBC,PFAS water sample collection,Grab samples of surface water are collected directly into HDPE bottles by submerging,Water Bottle,STORET-926330757,Present Below Quantification Limit,,Perfluorohexanesulfonic acid,,,,,Final,,Actual,,,,,,,,,,,,,,,,,,,,MLA110rev2,DRBC,Analytical Procedure for the Analysis of PFAS  by LC/MS/MS Isotope Dilution revision 2,,,,,,https://www.waterqualitydata.us/data/providers/STORET/organizations/DRBC/activities/DRBC-14-892062092020210926108427-53-8/results/926330757/resdetectqntlmts,Lower Reporting Limit,0.371,ng/L,,2022-01-12T11:58:39,STORET
DRBC,Delaware River Basin Commission,DRBC-BR14041920210953108427-53-8,Sample-Routine,Water,,2021-04-19,09:53:00,EST,,,,,,,,,,,,PFAS Surface Water,Per- and polyfluoroalkyl substances,,DRBC-BR14,100.2,,,,,39.9555020000,-75.1358180000,PFAS_water_sample,DRBC,PFAS water sample collection,Grab samples of surface water are collected directly into HDPE bottles by submerging,Water Bottle,STORET-926417030,Present Below Quantification Limit,,Perfluorohexanesulfonic acid,,,,,Final,,Actual,,,,,,,,,,,,,,,,,,,,MLA110rev2,DRBC,Analytical Procedure for the Analysis of PFAS  by LC/MS/MS Isotope Dilution revision 2,,,,,,https://www.waterqualitydata.us/data/providers/STORET/organizations/DRBC/activities/DRBC-BR14041920210953108427-53-8/results/926417030/resdetectqntlmts,Lower Reporting Limit,0.367,ng/L,,2022-01-12T13:21:26,STORET
DRBC,Delaware River Basin Commission,DRBC-LHR102120211522108427-53-8,Sample-Routine,Water,,2021-10-21,15:22:00,EST,,,,,,,,,,,,PFAS Surface Water,Per- and polyfluoroalkyl substances,,DRBC-LHR,Lehigh River,,,,,40.6888960000,-75.2066200000,PFAS_water_sample,DRBC,PFAS water sample collection,Grab samples of surface water are collected directly into HDPE bottles by submerging,Water Bottle,STORET-929830531,Present Below Quantification Limit,,Perfluorohexanesulfonic acid,Total,,,,Final,,Actual,,,,,,,,,,,,,,,,,,,,MLA110rev2,DRBC,Analytical Procedure for the Analysis of PFAS  by LC/MS/MS Isotope Dilution revision 2,,,,,,https://www.waterqualitydata.us/data/providers/STORET/organizations/DRBC/activities/DRBC-LHR102120211522108427-53-8/results/929830531/resdetectqntlmts,Lower Reporting Limit,0.391,ng/L,,2022-02-09T16:06:17,STORET
DRBC,Delaware River Basin Commission,DRBC-BR19041920211109108427-53-8,Sample-Routine,Water,,2021-04-19,11:09:00,EST,,,,,,,,,,,,PFAS Surface Water,Per- and polyfluoroalkyl substances,,DRBC-BR19,131.04,,,,,40.1815660000,-74.7461910000,PFAS_water_sample,DRBC,PFAS water sample collection,Grab samples of surface water are collected directly into HDPE bottles by submerging,Water Bottle,STORET-926417230,Present Below Quantification Limit,,Perfluorohexanesulfonic acid,,,,,Final,,Actual,,,,,,,,,,,,,,,,,,,,MLA110rev2,DRBC,Analytical Procedure for the Analysis of PFAS  by LC/MS/MS Isotope Dilution revision 2,,,,,,https://www.waterqualitydata.us/data/providers/STORET/organizations/DRBC/activities/DRBC-BR19041920211109108427-53-8/results/926417230/resdetectqntlmts,Lower Reporting Limit,0.366,ng/L,,2022-01-12T13:21:31,STORET
DRBC,Delaware River Basin Commission,DRBC-DIN102120211130108427-53-8,Sample-Routine,Water,,2021-10-21,11:30:00,EST,,,,,,,,,,,,PFAS Surface Water,Per- and polyfluoroalkyl substances,,DRBC-DIN,"Dingmans Ferry, PA",,,,,41.2195000000,-74.8600000000,PFAS_water_sample,DRBC,PFAS water sample collection,Grab samples of surface water are collected directly into HDPE bottles by submerging,Water Bottle,STORET-929830371,Not Detected,,Perfluorohexanesulfonic acid,Total,,,,Final,,Actual,,,,,,,,,,,,,,,,,,,,MLA110rev2,DRBC,Analytical Procedure for the Analysis of PFAS  by LC/MS/MS Isotope Dilution revision 2,,,,,,https://www.waterqualitydata.us/data/providers/STORET/organizations/DRBC/activities/DRBC-DIN102120211130108427-53-8/results/929830371/resdetectqntlmts,Lower Reporting Limit,0.401,ng/L,,2022-02-09T16:06:07,STORET
DRBC,Delaware River Basin Commission,DRBC-BF060120211528108427-53-8,Sample-Routine,Water,,2021-06-01,15:28:00,EST,,,,,,,,,,,,PFAS Surface Water,Per- and polyfluoroalkyl substances,,DRBC-BF,Benjamin Franklin Bridge,,,,,39.9555020000,-75.1358180000,PFAS_water_sample,DRBC,PFAS water sample collection,Grab samples of surface water are collected directly into HDPE bottles by submerging,Water Bottle,STORET-929829731,Present Below Quantification Limit,,Perfluorohexanesulfonic acid,Total,,,,Final,,Actual,,,,,,,,,,,,,,,,,,,,MLA110rev2,DRBC,Analytical Procedure for the Analysis of PFAS  by LC/MS/MS Isotope Dilution revision 2,,,,,,https://www.waterqualitydata.us/data/providers/STORET/organizations/DRBC/activities/DRBC-BF060120211528108427-53-8/results/929829731/resdetectqntlmts,Lower Reporting Limit,0.407,ng/L,,2022-02-09T16:05:29,STORET
DRBC,Delaware River Basin Commission,DRBC-TD052620211034108427-53-8,Sample-Routine,Water,,2021-05-26,10:34:00,EST,,,,,,,,,,,,PFAS Surface Water,Per- and polyfluoroalkyl substances,,DRBC-TD,Torresdale,,,,,40.0401990000,-74.9880480000,PFAS_water_sample,DRBC,PFAS water sample collection,Grab samples of surface water are collected directly into HDPE bottles by submerging,Water Bottle,STORET-929830251,,,Perfluorohexanesulfonic acid,Total,2.29,ng/L,,Final,,Actual,,,,,,,,,,,,,,,,,,,,MLA110rev2,DRBC,Analytical Procedure for the Analysis of PFAS  by LC/MS/MS Isotope Dilution revision 2,,,,,,https://www.waterqualitydata.us/data/providers/STORET/organizations/DRBC/activities/DRBC-TD052620211034108427-53-8/results/929830251/resdetectqntlmts,Lower Reporting Limit,0.418,ng/L,,2022-02-09T16:05:56,STORET
DRBC,Delaware River Basin Commission,DRBC-YAR102120211807108427-53-8,Sample-Routine,Water,,2021-10-21,18:07:00,EST,,,,,,,,,,,,PFAS Surface Water,Per- and polyfluoroalkyl substances,,DRBC-YAR,"Yardley, PA",,,,,40.2795200000,-74.8593050000,PFAS_water_sample,DRBC,PFAS water sample collection,Grab samples of surface water are collected directly into HDPE bottles by submerging,Water Bottle,STORET-929830731,Present Below Quantification Limit,,Perfluorohexanesulfonic acid,Total,,,,Final,,Actual,,,,,,,,,,,,,,,,,,,,MLA110rev2,DRBC,Analytical Procedure for the Analysis of PFAS  by LC/MS/MS Isotope Dilution revision 2,,,,,,https://www.waterqualitydata.us/data/providers/STORET/organizations/DRBC/activities/DRBC-YAR102120211807108427-53-8/results/929830731/resdetectqntlmts,Lower Reporting Limit,0.432,ng/L,,2022-02-09T16:06:30,STORET
DRBC,Delaware River Basin Commission,DRBC-BR19D041920211109108427-53-8,Quality Control Sample-Blind Duplicate,Water,,2021-04-19,11:09:00,EST,,,,,,,,,,,,PFAS Surface Water,Per- and polyfluoroalkyl substances,,DRBC-BR19D,131.4,,,,,40.1815660000,-74.7461910000,PFAS_water_sample,DRBC,PFAS water sample collection,Grab samples of surface water are collected directly into HDPE bottles by submerging,Water Bottle,STORET-926417270,Present Below Quantification Limit,,Perfluorohexanesulfonic acid,,,,,Final,,Actual,,,,,,,,,,,,,,,,,,,,MLA110rev2,DRBC,Analytical Procedure for the Analysis of PFAS  by LC/MS/MS Isotope Dilution revision 2,,,,,,https://www.waterqualitydata.us/data/providers/STORET/organizations/DRBC/activities/DRBC-BR19D041920211109108427-53-8/results/926417270/resdetectqntlmts,Lower Reporting Limit,0.371,ng/L,,2022-01-12T13:21:32,STORET
DRBC,Delaware River Basin Commission,DRBC-BR18041920211044108427-53-8,Sample-Routine,Water,,2021-04-19,10:44:00,EST,,,,,,,,,,,,PFAS Surface Water,Per- and polyfluoroalkyl substances,,DRBC-BR18,121.25,,,,,40.1280250000,-74.8160280000,PFAS_water_sample,DRBC,PFAS water sample collection,Grab samples of surface water are collected directly into HDPE bottles by submerging,Water Bottle,STORET-926417190,Present Below Quantification Limit,,Perfluorohexanesulfonic acid,,,,,Final,,Actual,,,,,,,,,,,,,,,,,,,,MLA110rev2,DRBC,Analytical Procedure for the Analysis of PFAS  by LC/MS/MS Isotope Dilution revision 2,,,,,,https://www.waterqualitydata.us/data/providers/STORET/organizations/DRBC/activities/DRBC-BR18041920211044108427-53-8/results/926417190/resdetectqntlmts,Lower Reporting Limit,0.373,ng/L,,2022-01-12T13:21:30,STORET
DRBC,Delaware River Basin Commission,DRBC-FL052420211209108427-53-8,Sample-Routine,Water,,2021-05-24,12:09:00,EST,,,,,,,,,,,,PFAS Surface Water,Per- and polyfluoroalkyl substances,,DRBC-FL,Florence Bend,,,,,40.1280250000,-74.8160280000,PFAS_water_sample,DRBC,PFAS water sample collection,Grab samples of surface water are collected directly into HDPE bottles by submerging,Water Bottle,STORET-929830051,Present Below Quantification Limit,,Perfluorohexanesulfonic acid,Total,,,,Final,,Actual,,,,,,,,,,,,,,,,,,,,MLA110rev2,DRBC,Analytical Procedure for the Analysis of PFAS  by LC/MS/MS Isotope Dilution revision 2,,,,,,https://www.waterqualitydata.us/data/providers/STORET/organizations/DRBC/activities/DRBC-FL052420211209108427-53-8/results/929830051/resdetectqntlmts,Lower Reporting Limit,0.411,ng/L,,2022-02-09T16:05:46,STORET
DRBC,Delaware River Basin Commission,DRBC-17-892071092020211003108427-53-8,Sample-Routine,Water,,2021-09-20,10:03:00,EST,,,,,,,,,,,,PFAS Surface Water,Per- and polyfluoroalkyl substances,,DRBC-31DELRBC_WQX-892071,100.2,,,,,39.9555020000,-75.1358180000,PFAS_water_sample,DRBC,PFAS water sample collection,Grab samples of surface water are collected directly into HDPE bottles by submerging,Water Bottle,STORET-926330877,Present Below Quantification Limit,,Perfluorohexanesulfonic acid,,,,,Final,,Actual,,,,,,,,,,,,,,,,,,,,MLA110rev2,DRBC,Analytical Procedure for the Analysis of PFAS  by LC/MS/MS Isotope Dilution revision 2,,,,,,https://www.waterqualitydata.us/data/providers/STORET/organizations/DRBC/activities/DRBC-17-892071092020211003108427-53-8/results/926330877/resdetectqntlmts,Lower Reporting Limit,0.361,ng/L,,2022-01-12T11:58:41,STORET
DRBC,Delaware River Basin Commission,DRBC-CC052720211129108427-53-8,Sample-Routine,Water,,2021-05-27,11:29:00,EST,,,,,,,,,,,,PFAS Surface Water,Per- and polyfluoroalkyl substances,,DRBC-CC2021,Chester Creek,,,,,39.8447400000,-75.3599900000,PFAS_water_sample,DRBC,PFAS water sample collection,Grab samples of surface water are collected directly into HDPE bottles by submerging,Water Bottle,STORET-929829851,,,Perfluorohexanesulfonic acid,Total,1.95,ng/L,,Final,,Actual,,,,,,,,,,,,,,,,,,,,MLA110rev2,DRBC,Analytical Procedure for the Analysis of PFAS  by LC/MS/MS Isotope Dilution revision 2,,,,,,https://www.waterqualitydata.us/data/providers/STORET/organizations/DRBC/activities/DRBC-CC052720211129108427-53-8/results/929829851/resdetectqntlmts,Lower Reporting Limit,0.415,ng/L,,2022-02-09T16:05:36,STORET
DRBC,Delaware River Basin Commission,DRBC-LAC 102120211006108427-53-8,Sample-Routine,Water,,2021-10-21,10:06:00,EST,,,,,,,,,,,,PFAS Surface Water,Per- and polyfluoroalkyl substances,,DRBC-LAC,"Lackawaxen, PA",,,,,41.4859000000,-74.9864000000,PFAS_water_sample,DRBC,PFAS water sample collection,Grab samples of surface water are collected directly into HDPE bottles by submerging,Water Bottle,STORET-929830491,Not Detected,,Perfluorohexanesulfonic acid,Total,,,,Final,,Actual,,,,,,,,,,,,,,,,,,,,MLA110rev2,DRBC,Analytical Procedure for the Analysis of PFAS  by LC/MS/MS Isotope Dilution revision 2,,,,,,https://www.waterqualitydata.us/data/providers/STORET/organizations/DRBC/activities/DRBC-LAC%20102120211006108427-53-8/results/929830491/resdetectqntlmts,Lower Reporting Limit,0.415,ng/L,,2022-02-09T16:06:15,STORET
DRBC,Delaware River Basin Commission,DRBC-SAN051220221215108427-53-8,Sample-Routine,Water,,2022-05-12,12:15:00,EST,,,,,,,,,,,,PFAS Surface Water,Per- and polyfluoroalkyl substances,,DRBC-DRBC-SAN,"Delaware River at Sandts Eddy, PA",,,,,40.7582200000,-75.1880700000,PFAS_water_sample,DRBC,PFAS water sample collection,Grab samples of surface water are collected directly into HDPE bottles by submerging,Water Bottle,STORET-962926291,Present Below Quantification Limit,,Perfluorohexanesulfonic acid,Unfiltered,,,J,Final,,Actual,,,,,,,,,,CAS#: 108427-53-8,,,,,,,,,,MLA110rev2,DRBC,Analytical Procedure for the Analysis of PFAS  by LC/MS/MS Isotope Dilution revision 2,,,,,,https://www.waterqualitydata.us/data/providers/STORET/organizations/DRBC/activities/DRBC-SAN051220221215108427-53-8/results/962926291/resdetectqntlmts,Lower Reporting Limit,0.204,ng/L,,2023-01-07T15:10:54,STORET
DRBC,Delaware River Basin Commission,DRBC-FL050320221218108427-53-8,Sample-Routine,Water,,2022-05-03,12:18:00,EST,,,,,,,,,,,,PFAS Surface Water,Per- and polyfluoroalkyl substances,,DRBC-DRBC-31DELRBC_WQX-332064,"Florence, RM 122.4",,,,,40.1276480000,-74.8150650000,PFAS_water_sample,DRBC,PFAS water sample collection,Grab samples of surface water are collected directly into HDPE bottles by submerging,Water Bottle,STORET-962926091,Present Below Quantification Limit,,Perfluorohexanesulfonic acid,Unfiltered,,,J,Final,,Actual,,,,,,,,,,CAS#: 108427-53-8,,,,,,,,,,MLA110rev2,DRBC,Analytical Procedure for the Analysis of PFAS  by LC/MS/MS Isotope Dilution revision 2,,,,,,https://www.waterqualitydata.us/data/providers/STORET/organizations/DRBC/activities/DRBC-FL050320221218108427-53-8/results/962926091/resdetectqntlmts,Lower Reporting Limit,0.403,ng/L,,2023-01-07T15:07:37,STORET
DRBC,Delaware River Basin Commission,DRBC-ES060120221225108427-53-8,Sample-Routine,Water,,2022-06-01,12:25:00,EST,,,,,,,,,,,,PFAS Surface Water,Per- and polyfluoroalkyl substances,,DRBC-DRBC-31DELRBC_WQX-892062,"Eddystone, RM 84",,,,,39.8491390000,-75.3296280000,PFAS_water_sample,DRBC,PFAS water sample collection,Grab samples of surface water are collected directly into HDPE bottles by submerging,Water Bottle,STORET-962926051,Present Below Quantification Limit,,Perfluorohexanesulfonic acid,Unfiltered,,,J,Final,,Actual,,,,,,,,,,CAS#: 108427-53-8,,,,,,,,,,MLA110rev2,DRBC,Analytical Procedure for the Analysis of PFAS  by LC/MS/MS Isotope Dilution revision 2,,,,,,https://www.waterqualitydata.us/data/providers/STORET/organizations/DRBC/activities/DRBC-ES060120221225108427-53-8/results/962926051/resdetectqntlmts,Lower Reporting Limit,0.399,ng/L,,2023-01-07T15:07:11,STORET
DRBC,Delaware River Basin Commission,DRBC-BF050420221222108427-53-8,Sample-Routine,Water,,2022-05-04,12:22:00,EST,,,,,,,,,,,,PFAS Surface Water,Per- and polyfluoroalkyl substances,,DRBC-DRBC-31DELRBC_WQX-892071,"Benjamin Franklin Bridge, RM 100.2",,,,,39.9555020000,-75.1358180000,PFAS_water_sample,DRBC,PFAS water sample collection,Grab samples of surface water are collected directly into HDPE bottles by submerging,Water Bottle,STORET-962925851,Present Below Quantification Limit,,Perfluorohexanesulfonic acid,Unfiltered,,,J,Final,,Actual,,,,,,,,,,CAS#: 108427-53-8,,,,,,,,,,MLA110rev2,DRBC,Analytical Procedure for the Analysis of PFAS  by LC/MS/MS Isotope Dilution revision 2,,,,,,https://www.waterqualitydata.us/data/providers/STORET/organizations/DRBC/activities/DRBC-BF050420221222108427-53-8/results/962925851/resdetectqntlmts,Lower Reporting Limit,0.404,ng/L,,2023-01-07T15:03:14,STORET
DRBC,Delaware River Basin Commission,DRBC-PB050920221224108427-53-8,Sample-Routine,Water,,2022-05-09,12:24:00,EST,,,,,,,,,,,,PFAS Surface Water,Per- and polyfluoroalkyl substances,,DRBC-DRBC-PB,Philadelphia Aiport,,,,,39.8660000000,-75.2262200000,PFAS_water_sample,DRBC,PFAS water sample collection,Grab samples of surface water are collected directly into HDPE bottles by submerging,Water Bottle,STORET-962926211,Present Below Quantification Limit,,Perfluorohexanesulfonic acid,Unfiltered,,,J,Final,,Actual,,,,,,,,,,CAS#: 108427-53-8,,,,,,,,,,MLA110rev2,DRBC,Analytical Procedure for the Analysis of PFAS  by LC/MS/MS Isotope Dilution revision 2,,,,,,https://www.waterqualitydata.us/data/providers/STORET/organizations/DRBC/activities/DRBC-PB050920221224108427-53-8/results/962926211/resdetectqntlmts,Lower Reporting Limit,0.366,ng/L,,2023-01-07T15:09:55,STORET
DRBC,Delaware River Basin Commission,DRBC-YAR051220221216108427-53-8,Sample-Routine,Water,,2022-05-12,12:16:00,EST,,,,,,,,,,,,PFAS Surface Water,Per- and polyfluoroalkyl substances,,DRBC-DRBC-YAR,"Delaware River at Yardley, PA",,,,,41.4859600000,-74.9864300000,PFAS_water_sample,DRBC,PFAS water sample collection,Grab samples of surface water are collected directly into HDPE bottles by submerging,Water Bottle,STORET-962926411,Present Below Quantification Limit,,Perfluorohexanesulfonic acid,Unfiltered,,,J,Final,,Actual,,,,,,,,,,CAS#: 108427-53-8,,,,,,,,,,MLA110rev2,DRBC,Analytical Procedure for the Analysis of PFAS  by LC/MS/MS Isotope Dilution revision 2,,,,,,https://www.waterqualitydata.us/data/providers/STORET/organizations/DRBC/activities/DRBC-YAR051220221216108427-53-8/results/962926411/resdetectqntlmts,Lower Reporting Limit,0.205,ng/L,,2023-01-07T15:12:30,STORET
DRBC,Delaware River Basin Commission,DRBC-BC050320221217108427-53-8,Sample-Routine,Water,,2022-05-03,12:17:00,EST,,,,,,,,,,,,PFAS Surface Water,Per- and polyfluoroalkyl substances,,DRBC-DRBC-BC,Biles Channel,,,,,40.1833300000,-74.7527800000,PFAS_water_sample,DRBC,PFAS water sample collection,Grab samples of surface water are collected directly into HDPE bottles by submerging,Water Bottle,STORET-962925811,Present Below Quantification Limit,,Perfluorohexanesulfonic acid,Unfiltered,,,J,Final,,Actual,,,,,,,,,,CAS#: 108427-53-8,,,,,,,,,,MLA110rev2,DRBC,Analytical Procedure for the Analysis of PFAS  by LC/MS/MS Isotope Dilution revision 2,,,,,,https://www.waterqualitydata.us/data/providers/STORET/organizations/DRBC/activities/DRBC-BC050320221217108427-53-8/results/962925811/resdetectqntlmts,Lower Reporting Limit,0.386,ng/L,,2023-01-07T15:02:24,STORET
DRBC,Delaware River Basin Commission,DRBC-DRBC-31DELRBC_WQX-892070110420221020108427-53-8,Sample-Routine,Water,,2022-11-04,10:20:00,EST,,,,,,,,,,,,PFAS Surface Water,Per- and polyfluoroalkyl substances,,DRBC-DRBC-31DELRBC_WQX-892070,"Betsy Ross Bridge, RM 104.75",,,,,39.9847010000,-75.0666030000,PFAS_water_sample,DRBC,PFAS water sample collection,Grab samples of surface water are collected directly into HDPE bottles by submerging,Water Bottle,STORET-962925083,Present Below Quantification Limit,,Perfluorohexanesulfonic acid,Unfiltered,,,J,Final,,Actual,,,,,,,,,,CAS#: 108427-53-8,,,,,,,,,,MLA110rev2,DRBC,Analytical Procedure for the Analysis of PFAS  by LC/MS/MS Isotope Dilution revision 2,,,,,,https://www.waterqualitydata.us/data/providers/STORET/organizations/DRBC/activities/DRBC-DRBC-31DELRBC_WQX-892070110420221020108427-53-8/results/962925083/resdetectqntlmts,Lower Reporting Limit,0.387,ng/L,,2023-01-07T14:58:25,STORET
DRBC,Delaware River Basin Commission,DRBC-DRBC-31DELRBC_WQX-892077110420221036108427-53-8,Sample-Routine,Water,,2022-11-04,10:36:00,EST,,,,,,,,,,,,PFAS Surface Water,Per- and polyfluoroalkyl substances,,DRBC-DRBC-31DELRBC_WQX-892077,"Torresdale, RM 110.7",,,,,40.0401990000,-74.9880480000,PFAS_water_sample,DRBC,PFAS water sample collection,Grab samples of surface water are collected directly into HDPE bottles by submerging,Water Bottle,STORET-962925555,Not Detected,,Perfluorohexanesulfonic acid,Unfiltered,,,U,Final,,Actual,,,,,,,,,,CAS#: 108427-53-8,,,,,,,,,,MLA110rev2,DRBC,Analytical Procedure for the Analysis of PFAS  by LC/MS/MS Isotope Dilution revision 2,,,,,,https://www.waterqualitydata.us/data/providers/STORET/organizations/DRBC/activities/DRBC-DRBC-31DELRBC_WQX-892077110420221036108427-53-8/results/962925555/resdetectqntlmts,Lower Reporting Limit,0.415,ng/L,,2023-01-07T14:59:24,STORET
DRBC,Delaware River Basin Commission,DRBC-DIN051220221214108427-53-8,Sample-Routine,Water,,2022-05-12,12:14:00,EST,,,,,,,,,,,,PFAS Surface Water,Per- and polyfluoroalkyl substances,,DRBC-DRBC-DIN,Delaware River at Dingmans Ferry,,,,,41.2195100000,-74.8600800000,PFAS_water_sample,DRBC,PFAS water sample collection,Grab samples of surface water are collected directly into HDPE bottles by submerging,Water Bottle,STORET-962926011,Not Detected,,Perfluorohexanesulfonic acid,Unfiltered,,,U,Final,,Actual,,,,,,,,,,CAS#: 108427-53-8,,,,,,,,,,MLA110rev2,DRBC,Analytical Procedure for the Analysis of PFAS  by LC/MS/MS Isotope Dilution revision 2,,,,,,https://www.waterqualitydata.us/data/providers/STORET/organizations/DRBC/activities/DRBC-DIN051220221214108427-53-8/results/962926011/resdetectqntlmts,Lower Reporting Limit,0.221,ng/L,,2023-01-07T15:06:05,STORET
DRBC,Delaware River Basin Commission,DRBC-DRBC-31DELRBC_WQX-892071110420221006108427-53-8,Sample-Routine,Water,,2022-11-04,10:06:00,EST,,,,,,,,,,,,PFAS Surface Water,Per- and polyfluoroalkyl substances,,DRBC-DRBC-31DELRBC_WQX-892071,"Benjamin Franklin Bridge, RM 100.2",,,,,39.9555020000,-75.1358180000,PFAS_water_sample,DRBC,PFAS water sample collection,Grab samples of surface water are collected directly into HDPE bottles by submerging,Water Bottle,STORET-962925043,Present Below Quantification Limit,,Perfluorohexanesulfonic acid,Unfiltered,,,J,Final,,Actual,,,,,,,,,,CAS#: 108427-53-8,,,,,,,,,,MLA110rev2,DRBC,Analytical Procedure for the Analysis of PFAS  by LC/MS/MS Isotope Dilution revision 2,,,,,,https://www.waterqualitydata.us/data/providers/STORET/organizations/DRBC/activities/DRBC-DRBC-31DELRBC_WQX-892071110420221006108427-53-8/results/962925043/resdetectqntlmts,Lower Reporting Limit,0.293,ng/L,,2023-01-07T14:58:00,STORET
DRBC,Delaware River Basin Commission,DRBC-DRBC-31DELRBC_WQX-332064110420221101108427-53-8,Sample-Routine,Water,,2022-11-04,11:01:00,EST,,,,,,,,,,,,PFAS Surface Water,Per- and polyfluoroalkyl substances,,DRBC-DRBC-31DELRBC_WQX-332064,"Florence, RM 122.4",,,,,40.1276480000,-74.8150650000,PFAS_water_sample,DRBC,PFAS water sample collection,Grab samples of surface water are collected directly into HDPE bottles by submerging,Water Bottle,STORET-962925635,Not Detected,,Perfluorohexanesulfonic acid,Unfiltered,,,U,Final,,Actual,,,,,,,,,,CAS#: 108427-53-8,,,,,,,,,,MLA110rev2,DRBC,Analytical Procedure for the Analysis of PFAS  by LC/MS/MS Isotope Dilution revision 2,,,,,,https://www.waterqualitydata.us/data/providers/STORET/organizations/DRBC/activities/DRBC-DRBC-31DELRBC_WQX-332064110420221101108427-53-8/results/962925635/resdetectqntlmts,Lower Reporting Limit,0.409,ng/L,,2023-01-07T15:00:40,STORET
DRBC,Delaware River Basin Commission,DRBC-BR050420221221108427-53-8,Sample-Routine,Water,,2022-05-04,12:21:00,EST,,,,,,,,,,,,PFAS Surface Water,Per- and polyfluoroalkyl substances,,DRBC-DRBC-31DELRBC_WQX-892070,"Betsy Ross Bridge, RM 104.75",,,,,39.9847010000,-75.0666030000,PFAS_water_sample,DRBC,PFAS water sample collection,Grab samples of surface water are collected directly into HDPE bottles by submerging,Water Bottle,STORET-962925891,Present Below Quantification Limit,,Perfluorohexanesulfonic acid,Unfiltered,,,J,Final,,Actual,,,,,,,,,,CAS#: 108427-53-8,,,,,,,,,,MLA110rev2,DRBC,Analytical Procedure for the Analysis of PFAS  by LC/MS/MS Isotope Dilution revision 2,,,,,,https://www.waterqualitydata.us/data/providers/STORET/organizations/DRBC/activities/DRBC-BR050420221221108427-53-8/results/962925891/resdetectqntlmts,Lower Reporting Limit,0.396,ng/L,,2023-01-07T15:03:49,STORET
DRBC,Delaware River Basin Commission,DRBC-DRBC-31DELRBC_WQX-332068110420221124108427-53-8,Sample-Routine,Water,,2022-11-04,11:24:00,EST,,,,,,,,,,,,PFAS Surface Water,Per- and polyfluoroalkyl substances,,DRBC-DRBC-31DELRBC_WQX-332068,"Trenton, RM 131.04",,,,,40.1744650000,-74.7348480000,PFAS_water_sample,DRBC,PFAS water sample collection,Grab samples of surface water are collected directly into HDPE bottles by submerging,Water Bottle,STORET-962925675,Not Detected,,Perfluorohexanesulfonic acid,Unfiltered,,,U,Final,,Actual,,,,,,,,,,CAS#: 108427-53-8,,,,,,,,,,MLA110rev2,DRBC,Analytical Procedure for the Analysis of PFAS  by LC/MS/MS Isotope Dilution revision 2,,,,,,https://www.waterqualitydata.us/data/providers/STORET/organizations/DRBC/activities/DRBC-DRBC-31DELRBC_WQX-332068110420221124108427-53-8/results/962925675/resdetectqntlmts,Lower Reporting Limit,0.414,ng/L,,2023-01-07T15:01:22,STORET
DRBC,Delaware River Basin Commission,DRBC-SR050920221230108427-53-8,Sample-Routine,Water,,2022-05-09,12:30:00,EST,,,,,,,,,,,,PFAS Surface Water,Per- and polyfluoroalkyl substances,,DRBC-DRBC-SR,Schuylkill River,,,,,39.9131600000,-75.2059100000,PFAS_water_sample,DRBC,PFAS water sample collection,Grab samples of surface water are collected directly into HDPE bottles by submerging,Water Bottle,STORET-962926331,Present Below Quantification Limit,,Perfluorohexanesulfonic acid,Unfiltered,,,J,Final,,Actual,,,,,,,,,,CAS#: 108427-53-8,,,,,,,,,,MLA110rev2,DRBC,Analytical Procedure for the Analysis of PFAS  by LC/MS/MS Isotope Dilution revision 2,,,,,,https://www.waterqualitydata.us/data/providers/STORET/organizations/DRBC/activities/DRBC-SR050920221230108427-53-8/results/962926331/resdetectqntlmts,Lower Reporting Limit,0.395,ng/L,,2023-01-07T15:11:25,STORET
DRBC,Delaware River Basin Commission,DRBC-TD050420221220108427-53-8,Sample-Routine,Water,,2022-05-04,12:20:00,EST,,,,,,,,,,,,PFAS Surface Water,Per- and polyfluoroalkyl substances,,DRBC-DRBC-31DELRBC_WQX-892077,"Torresdale, RM 110.7",,,,,40.0401990000,-74.9880480000,PFAS_water_sample,DRBC,PFAS water sample collection,Grab samples of surface water are collected directly into HDPE bottles by submerging,Water Bottle,STORET-962926371,Present Below Quantification Limit,,Perfluorohexanesulfonic acid,Unfiltered,,,J,Final,,Actual,,,,,,,,,,CAS#: 108427-53-8,,,,,,,,,,MLA110rev2,DRBC,Analytical Procedure for the Analysis of PFAS  by LC/MS/MS Isotope Dilution revision 2,,,,,,https://www.waterqualitydata.us/data/providers/STORET/organizations/DRBC/activities/DRBC-TD050420221220108427-53-8/results/962926371/resdetectqntlmts,Lower Reporting Limit,0.407,ng/L,,2023-01-07T15:11:59,STORET
DRBC,Delaware River Basin Commission,DRBC-DRBC-31DELRBC_WQX-892062110420220925108427-53-8,Sample-Routine,Water,,2022-11-04,09:25:00,EST,,,,,,,,,,,,PFAS Surface Water,Per- and polyfluoroalkyl substances,,DRBC-DRBC-31DELRBC_WQX-892062,"Eddystone, RM 84",,,,,39.8491390000,-75.3296280000,PFAS_water_sample,DRBC,PFAS water sample collection,Grab samples of surface water are collected directly into HDPE bottles by submerging,Water Bottle,STORET-962924923,Present Below Quantification Limit,,Perfluorohexanesulfonic acid,Unfiltered,,,J,Final,,Actual,,,,,,,,,,CAS#: 108427-53-8,,,,,,,,,,MLA110rev2,DRBC,Analytical Procedure for the Analysis of PFAS  by LC/MS/MS Isotope Dilution revision 2,,,,,,https://www.waterqualitydata.us/data/providers/STORET/organizations/DRBC/activities/DRBC-DRBC-31DELRBC_WQX-892062110420220925108427-53-8/results/962924923/resdetectqntlmts,Lower Reporting Limit,0.393,ng/L,,2023-01-07T14:56:14,STORET
DRBC,Delaware River Basin Commission,DRBC-FM-1090120231250108427-53-8,Sample-Routine,Water,,2023-08-23,12:50:00,EDT,,,,,,,,,,,,NFWF Yr3 PFAS,NFWF Yr3 PFAS,,DRBC-FM,Fort Mifflin,,,,,39.8748000000,-75.2103000000,POCIS,DRBC,Polar Organic Chemical Integrative Sampler,Sorption Media between 2 porus membranes in a stainless steel housing,Polar Orga. Chem. Integrative Sampler,STORET-1067017402,,,Perfluorohexanesulfonic acid,Unfiltered,5.48,ng,,Final,,Actual,,,,,,,,,,,,,,,,,,,,MLA110rev2,DRBC,Analytical Procedure for the Analysis of PFAS  by LC/MS/MS Isotope Dilution revision 2,,,,,,https://www.waterqualitydata.us/data/providers/STORET/organizations/DRBC/activities/DRBC-FM-1090120231250108427-53-8/results/1067017402/resdetectqntlmts,Lower Reporting Limit,0.418,ng,,2025-07-07T12:42:39,STORET
DRBC,Delaware River Basin Commission,DRBC-CC10172023930108427-53-8,Sample-Routine,Water,,2023-10-17,09:30:00,EDT,,,,,,,,,,,,PDE BIL,PDE BIL Trib Toxics,,DRBC-CC,Chester Creek,,,,,39.8451470000,-75.3600720000,PFAS_water_sample,DRBC,PFAS water sample collection,Grab samples of surface water are collected directly into HDPE bottles by submerging,Water Bottle,STORET-1066002153,,,Perfluorohexanesulfonic acid,Unfiltered,2.5,ng/L,,Final,,Actual,,,,,,,,,,108427-53-8,,,,,,,,,,MLA110rev2,DRBC,Analytical Procedure for the Analysis of PFAS  by LC/MS/MS Isotope Dilution revision 2,,,,,,https://www.waterqualitydata.us/data/providers/STORET/organizations/DRBC/activities/DRBC-CC10172023930108427-53-8/results/1066002153/resdetectqntlmts,Lower Reporting Limit,0.444,ng/L,,2025-06-18T09:28:43,STORET
DRBC,Delaware River Basin Commission,DRBC-MHC-1082920231130108427-53-8,Sample-Routine,Water,,2023-08-23,11:30:00,EDT,,,,,,,,,,,,NFWF Yr3 PFAS,NFWF Yr3 PFAS,,DRBC-MHC,Marcus Hook Creek,,,,,39.8224900000,-75.4100400000,POCIS,DRBC,Polar Organic Chemical Integrative Sampler,Sorption Media between 2 porus membranes in a stainless steel housing,Polar Orga. Chem. Integrative Sampler,STORET-1067017522,,,Perfluorohexanesulfonic acid,Unfiltered,6.09,ng,,Final,,Actual,,,,,,,,,,,,,,,,,,,,MLA110rev2,DRBC,Analytical Procedure for the Analysis of PFAS  by LC/MS/MS Isotope Dilution revision 2,,,,,,https://www.waterqualitydata.us/data/providers/STORET/organizations/DRBC/activities/DRBC-MHC-1082920231130108427-53-8/results/1067017522/resdetectqntlmts,Lower Reporting Limit,0.403,ng,,2025-07-07T12:42:41,STORET
DRBC,Delaware River Basin Commission,DRBC-MHC-dup10172023900108427-53-8,Quality Control Sample-Blind Duplicate,Water,,2023-10-17,09:00:00,EDT,,,,,,,,,,,,PDE BIL,PDE BIL Trib Toxics,,DRBC-MHC,Marcus Hook Creek,,,,,39.8224900000,-75.4100400000,PFAS_water_sample,DRBC,PFAS water sample collection,Grab samples of surface water are collected directly into HDPE bottles by submerging,Water Bottle,STORET-1066002433,,,Perfluorohexanesulfonic acid,Unfiltered,2.51,ng/L,,Final,,Actual,,,,,,,,,,108427-53-8,,,,,,,,,,MLA110rev2,DRBC,Analytical Procedure for the Analysis of PFAS  by LC/MS/MS Isotope Dilution revision 2,,,,,,https://www.waterqualitydata.us/data/providers/STORET/organizations/DRBC/activities/DRBC-MHC-dup10172023900108427-53-8/results/1066002433/resdetectqntlmts,Lower Reporting Limit,0.398,ng/L,,2025-06-18T09:28:53,STORET
DRBC,Delaware River Basin Commission,DRBC-YA080120231555108427-53-8,Sample-Routine,Water,,2023-08-01,15:55:00,EDT,,,,,,,,,,,,NFWF Yr3 PFAS,NFWF Yr3 PFAS,,DRBC-YAR,"Yardley, PA",,,,,40.2795200000,-74.8593050000,PFAS_water_sample,DRBC,PFAS water sample collection,Grab samples of surface water are collected directly into HDPE bottles by submerging,Water Bottle,STORET-1066006959,Present Below Quantification Limit,,Perfluorohexanesulfonic acid,Unfiltered,,,J,Final,,Actual,,,,,,,,,,CAS# 108427-53-8,,,,,,,,,,MLA110rev2,DRBC,Analytical Procedure for the Analysis of PFAS  by LC/MS/MS Isotope Dilution revision 2,,,,,,https://www.waterqualitydata.us/data/providers/STORET/organizations/DRBC/activities/DRBC-YA080120231555108427-53-8/results/1066006959/resdetectqntlmts,Lower Reporting Limit,0.208,ng/L,,2025-06-18T11:34:03,STORET
DRBC,Delaware River Basin Commission,DRBC-NC-1090420231345108427-53-8,Sample-Routine,Water,,2023-08-23,13:45:00,EDT,,,,,,,,,,,,NFWF Yr3 PFAS,NFWF Yr3 PFAS,,DRBC-NC,Neshaminy Creek,,,,,40.0758730000,-74.9090430000,POCIS,DRBC,Polar Organic Chemical Integrative Sampler,Sorption Media between 2 porus membranes in a stainless steel housing,Polar Orga. Chem. Integrative Sampler,STORET-1067017962,,,Perfluorohexanesulfonic acid,Unfiltered,29.6,ng,,Final,,Actual,,,,,,,,,,,,,,,,,,,,MLA110rev2,DRBC,Analytical Procedure for the Analysis of PFAS  by LC/MS/MS Isotope Dilution revision 2,,,,,,https://www.waterqualitydata.us/data/providers/STORET/organizations/DRBC/activities/DRBC-NC-1090420231345108427-53-8/results/1067017962/resdetectqntlmts,Lower Reporting Limit,0.413,ng,,2025-07-07T12:42:46,STORET
DRBC,Delaware River Basin Commission,DRBC-NV080920231445108427-53-8,Sample-Routine,Water,,2023-08-09,14:45:00,EDT,,,,,,,,,,,,NFWF Yr3 PFAS,NFWF Yr3 PFAS,,DRBC-NV,Navy Yard,,,,,39.8840950000,-75.1968830000,PFAS_water_sample,DRBC,PFAS water sample collection,Grab samples of surface water are collected directly into HDPE bottles by submerging,Water Bottle,STORET-1066006719,Present Below Quantification Limit,,Perfluorohexanesulfonic acid,Unfiltered,,,J,Final,,Actual,,,,,,,,,,CAS# 108427-53-8,,,,,,,,,,MLA110rev2,DRBC,Analytical Procedure for the Analysis of PFAS  by LC/MS/MS Isotope Dilution revision 2,,,,,,https://www.waterqualitydata.us/data/providers/STORET/organizations/DRBC/activities/DRBC-NV080920231445108427-53-8/results/1066006719/resdetectqntlmts,Lower Reporting Limit,0.401,ng/L,,2025-06-18T11:33:53,STORET
DRBC,Delaware River Basin Commission,DRBC-YAR-1090720231530108427-53-8,Sample-Routine,Water,,2023-08-23,15:30:00,EDT,,,,,,,,,,,,NFWF Yr3 PFAS,NFWF Yr3 PFAS,,DRBC-YAR,"Yardley, PA",,,,,40.2795200000,-74.8593050000,POCIS,DRBC,Polar Organic Chemical Integrative Sampler,Sorption Media between 2 porus membranes in a stainless steel housing,Polar Orga. Chem. Integrative Sampler,STORET-1067018082,,,Perfluorohexanesulfonic acid,Unfiltered,2.57,ng,,Final,,Actual,,,,,,,,,,,,,,,,,,,,MLA110rev2,DRBC,Analytical Procedure for the Analysis of PFAS  by LC/MS/MS Isotope Dilution revision 2,,,,,,https://www.waterqualitydata.us/data/providers/STORET/organizations/DRBC/activities/DRBC-YAR-1090720231530108427-53-8/results/1067018082/resdetectqntlmts,Lower Reporting Limit,0.413,ng,,2025-07-07T12:42:48,STORET
DRBC,Delaware River Basin Commission,DRBC-LAC080120231312108427-53-8,Sample-Routine,Water,,2023-08-01,13:12:00,EDT,,,,,,,,,,,,NFWF Yr3 PFAS,NFWF Yr3 PFAS,,DRBC-LAC,"Lackawaxen, PA",,,,,41.4859000000,-74.9864000000,PFAS_water_sample,DRBC,PFAS water sample collection,Grab samples of surface water are collected directly into HDPE bottles by submerging,Water Bottle,STORET-1066006679,Not Detected,,Perfluorohexanesulfonic acid,Unfiltered,,,U,Final,,Actual,,,,,,,,,,CAS# 108427-53-8,,,,,,,,,,MLA110rev2,DRBC,Analytical Procedure for the Analysis of PFAS  by LC/MS/MS Isotope Dilution revision 2,,,,,,https://www.waterqualitydata.us/data/providers/STORET/organizations/DRBC/activities/DRBC-LAC080120231312108427-53-8/results/1066006679/resdetectqntlmts,Lower Reporting Limit,0.226,ng/L,,2025-06-18T11:33:51,STORET
DRBC,Delaware River Basin Commission,DRBC-NC-2090420231345108427-53-8,Quality Control Sample-Field Replicate,Water,,2023-08-23,13:45:00,EDT,,,,,,,,,,,,NFWF Yr3 PFAS,NFWF Yr3 PFAS,,DRBC-NC,Neshaminy Creek,,,,,40.0758730000,-74.9090430000,POCIS,DRBC,Polar Organic Chemical Integrative Sampler,Sorption Media between 2 porus membranes in a stainless steel housing,Polar Orga. Chem. Integrative Sampler,STORET-1067018002,,,Perfluorohexanesulfonic acid,Unfiltered,20.4,ng,,Final,,Actual,,,,,,,,,,,,,,,,,,,,MLA110rev2,DRBC,Analytical Procedure for the Analysis of PFAS  by LC/MS/MS Isotope Dilution revision 2,,,,,,https://www.waterqualitydata.us/data/providers/STORET/organizations/DRBC/activities/DRBC-NC-2090420231345108427-53-8/results/1067018002/resdetectqntlmts,Lower Reporting Limit,0.412,ng,,2025-07-07T12:42:47,STORET
DRBC,Delaware River Basin Commission,DRBC-FC101820231045108427-53-8,Sample-Routine,Water,,2023-10-18,10:45:00,EDT,,,,,,,,,,,,PDE BIL,PDE BIL Trib Toxics,,DRBC-FC,Frankford Creek,,,,,39.9859100000,-75.0715320000,PFAS_water_sample,DRBC,PFAS water sample collection,Grab samples of surface water are collected directly into HDPE bottles by submerging,Water Bottle,STORET-1066002273,,,Perfluorohexanesulfonic acid,Unfiltered,3.65,ng/L,,Final,,Actual,,,,,,,,,,108427-53-8,,,,,,,,,,MLA110rev2,DRBC,Analytical Procedure for the Analysis of PFAS  by LC/MS/MS Isotope Dilution revision 2,,,,,,https://www.waterqualitydata.us/data/providers/STORET/organizations/DRBC/activities/DRBC-FC101820231045108427-53-8/results/1066002273/resdetectqntlmts,Lower Reporting Limit,0.391,ng/L,,2025-06-18T09:28:47,STORET
DRBC,Delaware River Basin Commission,DRBC-MHC10172023900108427-53-8,Sample-Routine,Water,,2023-10-17,09:00:00,EDT,,,,,,,,,,,,PDE BIL,PDE BIL Trib Toxics,,DRBC-MHC,Marcus Hook Creek,,,,,39.8224900000,-75.4100400000,PFAS_water_sample,DRBC,PFAS water sample collection,Grab samples of surface water are collected directly into HDPE bottles by submerging,Water Bottle,STORET-1066002353,,,Perfluorohexanesulfonic acid,Unfiltered,2.6,ng/L,,Final,,Actual,,,,,,,,,,108427-53-8,,,,,,,,,,MLA110rev2,DRBC,Analytical Procedure for the Analysis of PFAS  by LC/MS/MS Isotope Dilution revision 2,,,,,,https://www.waterqualitydata.us/data/providers/STORET/organizations/DRBC/activities/DRBC-MHC10172023900108427-53-8/results/1066002353/resdetectqntlmts,Lower Reporting Limit,0.398,ng/L,,2025-06-18T09:28:50,STORET
DRBC,Delaware River Basin Commission,DRBC-FB080920231335108427-53-8,Quality Control Sample-Field Blank,Water,,2023-08-09,13:35:00,EDT,,,,,,,,,,,,NFWF Yr3 PFAS,NFWF Yr3 PFAS,,DRBC-FB,Field Blank,,,,,39.8543000000,-75.3290000000,PFAS_water_sample,DRBC,PFAS water sample collection,Grab samples of surface water are collected directly into HDPE bottles by submerging,Water Bottle,STORET-1066006599,Not Detected,,Perfluorohexanesulfonic acid,Unfiltered,,,U,Final,,Actual,,,,,,,,,,CAS# 108427-53-8,,,,,,,,,,MLA110rev2,DRBC,Analytical Procedure for the Analysis of PFAS  by LC/MS/MS Isotope Dilution revision 2,,,,,,https://www.waterqualitydata.us/data/providers/STORET/organizations/DRBC/activities/DRBC-FB080920231335108427-53-8/results/1066006599/resdetectqntlmts,Lower Reporting Limit,0.439,ng/L,,2025-06-18T11:33:49,STORET
DRBC,Delaware River Basin Commission,DRBC-SR090920231515108427-53-8,Sample-Routine,Water,,2023-09-09,15:15:00,EDT,,,,,,,,,,,,NFWF Yr3 PFAS,NFWF Yr3 PFAS,,DRBC-SR,Schuylkill River,,,,,39.9131600000,-75.2059000000,PFAS_water_sample,DRBC,PFAS water sample collection,Grab samples of surface water are collected directly into HDPE bottles by submerging,Water Bottle,STORET-1066006879,Present Below Quantification Limit,,Perfluorohexanesulfonic acid,Unfiltered,,,J,Final,,Actual,,,,,,,,,,CAS# 108427-53-8,,,,,,,,,,MLA110rev2,DRBC,Analytical Procedure for the Analysis of PFAS  by LC/MS/MS Isotope Dilution revision 2,,,,,,https://www.waterqualitydata.us/data/providers/STORET/organizations/DRBC/activities/DRBC-SR090920231515108427-53-8/results/1066006879/resdetectqntlmts,Lower Reporting Limit,0.387,ng/L,,2025-06-18T11:33:59,STORET
DRBC,Delaware River Basin Commission,DRBC-DF080120231417108427-53-8,Sample-Routine,Water,,2023-08-01,14:17:00,EDT,,,,,,,,,,,,NFWF Yr3 PFAS,NFWF Yr3 PFAS,,DRBC-DIN,"Dingmans Ferry, PA",,,,,41.2195000000,-74.8600000000,PFAS_water_sample,DRBC,PFAS water sample collection,Grab samples of surface water are collected directly into HDPE bottles by submerging,Water Bottle,STORET-1066006479,Not Detected,,Perfluorohexanesulfonic acid,Unfiltered,,,U,Final,,Actual,,,,,,,,,,CAS# 108427-53-8,,,,,,,,,,MLA110rev2,DRBC,Analytical Procedure for the Analysis of PFAS  by LC/MS/MS Isotope Dilution revision 2,,,,,,https://www.waterqualitydata.us/data/providers/STORET/organizations/DRBC/activities/DRBC-DF080120231417108427-53-8/results/1066006479/resdetectqntlmts,Lower Reporting Limit,0.206,ng/L,,2025-06-18T11:33:46,STORET
DRBC,Delaware River Basin Commission,DRBC-MHC-2082920231130108427-53-8,Quality Control Sample-Field Replicate,Water,,2023-08-23,11:30:00,EDT,,,,,,,,,,,,NFWF Yr3 PFAS,NFWF Yr3 PFAS,,DRBC-MHC,Marcus Hook Creek,,,,,39.8224900000,-75.4100400000,POCIS,DRBC,Polar Organic Chemical Integrative Sampler,Sorption Media between 2 porus membranes in a stainless steel housing,Polar Orga. Chem. Integrative Sampler,STORET-1067017562,,,Perfluorohexanesulfonic acid,Unfiltered,5.75,ng,,Final,,Actual,,,,,,,,,,,,,,,,,,,,MLA110rev2,DRBC,Analytical Procedure for the Analysis of PFAS  by LC/MS/MS Isotope Dilution revision 2,,,,,,https://www.waterqualitydata.us/data/providers/STORET/organizations/DRBC/activities/DRBC-MHC-2082920231130108427-53-8/results/1067017562/resdetectqntlmts,Lower Reporting Limit,0.405,ng,,2025-07-07T12:42:41,STORET
DRBC,Delaware River Basin Commission,DRBC-YAR-3090720231530108427-53-8,Quality Control Sample-Field Replicate,Water,,2023-08-23,15:30:00,EDT,,,,,,,,,,,,NFWF Yr3 PFAS,NFWF Yr3 PFAS,,DRBC-YAR,"Yardley, PA",,,,,40.2795200000,-74.8593050000,POCIS,DRBC,Polar Organic Chemical Integrative Sampler,Sorption Media between 2 porus membranes in a stainless steel housing,Polar Orga. Chem. Integrative Sampler,STORET-1067018162,,,Perfluorohexanesulfonic acid,Unfiltered,3.17,ng,,Final,,Actual,,,,,,,,,,,,,,,,,,,,MLA110rev2,DRBC,Analytical Procedure for the Analysis of PFAS  by LC/MS/MS Isotope Dilution revision 2,,,,,,https://www.waterqualitydata.us/data/providers/STORET/organizations/DRBC/activities/DRBC-YAR-3090720231530108427-53-8/results/1067018162/resdetectqntlmts,Lower Reporting Limit,0.406,ng,,2025-07-07T12:42:49,STORET
DRBC,Delaware River Basin Commission,DRBC-EB080920231335108427-53-8,Quality Control Sample-Equipment Blank,Water,,2023-08-09,13:35:00,EDT,,,,,,,,,,,,NFWF Yr3 PFAS,NFWF Yr3 PFAS,,DRBC-EB,Equipment Blank,,,,,39.8543000000,-75.3290000000,PFAS_water_sample,DRBC,PFAS water sample collection,Grab samples of surface water are collected directly into HDPE bottles by submerging,Water Bottle,STORET-1066006519,Not Detected,,Perfluorohexanesulfonic acid,Unfiltered,,,U,Final,,Actual,,,,,,,,,,CAS# 108427-53-8,,,,,,,,,,MLA110rev2,DRBC,Analytical Procedure for the Analysis of PFAS  by LC/MS/MS Isotope Dilution revision 2,,,,,,https://www.waterqualitydata.us/data/providers/STORET/organizations/DRBC/activities/DRBC-EB080920231335108427-53-8/results/1066006519/resdetectqntlmts,Lower Reporting Limit,0.454,ng/L,,2025-06-18T11:33:47,STORET
DRBC,Delaware River Basin Commission,DRBC-YAR-2090720231530108427-53-8,Quality Control Sample-Field Replicate,Water,,2023-08-23,15:30:00,EDT,,,,,,,,,,,,NFWF Yr3 PFAS,NFWF Yr3 PFAS,,DRBC-YAR,"Yardley, PA",,,,,40.2795200000,-74.8593050000,POCIS,DRBC,Polar Organic Chemical Integrative Sampler,Sorption Media between 2 porus membranes in a stainless steel housing,Polar Orga. Chem. Integrative Sampler,STORET-1067018122,,,Perfluorohexanesulfonic acid,Unfiltered,2.97,ng,,Final,,Actual,,,,,,,,,,,,,,,,,,,,MLA110rev2,DRBC,Analytical Procedure for the Analysis of PFAS  by LC/MS/MS Isotope Dilution revision 2,,,,,,https://www.waterqualitydata.us/data/providers/STORET/organizations/DRBC/activities/DRBC-YAR-2090720231530108427-53-8/results/1067018122/resdetectqntlmts,Lower Reporting Limit,0.405,ng,,2025-07-07T12:42:48,STORET
DRBC,Delaware River Basin Commission,DRBC-NC-3090420231345108427-53-8,Quality Control Sample-Field Replicate,Water,,2023-08-23,13:45:00,EDT,,,,,,,,,,,,NFWF Yr3 PFAS,NFWF Yr3 PFAS,,DRBC-NC,Neshaminy Creek,,,,,40.0758730000,-74.9090430000,POCIS,DRBC,Polar Organic Chemical Integrative Sampler,Sorption Media between 2 porus membranes in a stainless steel housing,Polar Orga. Chem. Integrative Sampler,STORET-1067018042,,,Perfluorohexanesulfonic acid,Unfiltered,23.5,ng,,Final,,Actual,,,,,,,,,,,,,,,,,,,,MLA110rev2,DRBC,Analytical Procedure for the Analysis of PFAS  by LC/MS/MS Isotope Dilution revision 2,,,,,,https://www.waterqualitydata.us/data/providers/STORET/organizations/DRBC/activities/DRBC-NC-3090420231345108427-53-8/results/1067018042/resdetectqntlmts,Lower Reporting Limit,0.41,ng,,2025-07-07T12:42:47,STORET
DRBC,Delaware River Basin Commission,DRBC-PPC101720231120108427-53-8,Sample-Routine,Water,,2023-10-17,11:20:00,EDT,,,,,,,,,,,,PDE BIL,PDE BIL Trib Toxics,,DRBC-PPC,Pennypack Creek,,,,,40.0359950000,-75.0213170000,PFAS_water_sample,DRBC,PFAS water sample collection,Grab samples of surface water are collected directly into HDPE bottles by submerging,Water Bottle,STORET-1066002593,,,Perfluorohexanesulfonic acid,Unfiltered,3.25,ng/L,,Final,,Actual,,,,,,,,,,108427-53-8,,,,,,,,,,MLA110rev2,DRBC,Analytical Procedure for the Analysis of PFAS  by LC/MS/MS Isotope Dilution revision 2,,,,,,https://www.waterqualitydata.us/data/providers/STORET/organizations/DRBC/activities/DRBC-PPC101720231120108427-53-8/results/1066002593/resdetectqntlmts,Lower Reporting Limit,0.411,ng/L,,2025-06-18T09:28:56,STORET
DRBC,Delaware River Basin Commission,DRBC-FM-2090120231250108427-53-8,Quality Control Sample-Field Replicate,Water,,2023-08-23,12:50:00,EDT,,,,,,,,,,,,NFWF Yr3 PFAS,NFWF Yr3 PFAS,,DRBC-FM,Fort Mifflin,,,,,39.8748000000,-75.2103000000,POCIS,DRBC,Polar Organic Chemical Integrative Sampler,Sorption Media between 2 porus membranes in a stainless steel housing,Polar Orga. Chem. Integrative Sampler,STORET-1067017442,,,Perfluorohexanesulfonic acid,Unfiltered,4.75,ng,,Final,,Actual,,,,,,,,,,,,,,,,,,,,MLA110rev2,DRBC,Analytical Procedure for the Analysis of PFAS  by LC/MS/MS Isotope Dilution revision 2,,,,,,https://www.waterqualitydata.us/data/providers/STORET/organizations/DRBC/activities/DRBC-FM-2090120231250108427-53-8/results/1067017442/resdetectqntlmts,Lower Reporting Limit,0.399,ng,,2025-07-07T12:42:40,STORET
DRBC,Delaware River Basin Commission,DRBC-SR102320231500108427-53-8,Sample-Routine,Water,,2023-10-23,15:00:00,EDT,,,,,,,,,,,,PDE BIL,PDE BIL Trib Toxics,,DRBC-SR,Schuylkill River,,,,,39.9131600000,-75.2059000000,PFAS_water_sample,DRBC,PFAS water sample collection,Grab samples of surface water are collected directly into HDPE bottles by submerging,Water Bottle,STORET-1066002793,Present Below Quantification Limit,,Perfluorohexanesulfonic acid,Unfiltered,,,J,Final,,Actual,,,,,,,,,,108427-53-8,,,,,,,,,,MLA110rev2,DRBC,Analytical Procedure for the Analysis of PFAS  by LC/MS/MS Isotope Dilution revision 2,,,,,,https://www.waterqualitydata.us/data/providers/STORET/organizations/DRBC/activities/DRBC-SR102320231500108427-53-8/results/1066002793/resdetectqntlmts,Lower Reporting Limit,0.393,ng/L,,2025-06-18T09:29:01,STORET
DRBC,Delaware River Basin Commission,DRBC-NC-dup101820231130108427-53-8,Quality Control Sample-Blind Duplicate,Water,,2023-10-18,11:30:00,EDT,,,,,,,,,,,,PDE BIL,PDE BIL Trib Toxics,,DRBC-NC,Neshaminy Creek,,,,,40.0758730000,-74.9090430000,PFAS_water_sample,DRBC,PFAS water sample collection,Grab samples of surface water are collected directly into HDPE bottles by submerging,Water Bottle,STORET-1066002553,,,Perfluorohexanesulfonic acid,Unfiltered,5.97,ng/L,,Final,,Actual,,,,,,,,,,108427-53-8,,,,,,,,,,MLA110rev2,DRBC,Analytical Procedure for the Analysis of PFAS  by LC/MS/MS Isotope Dilution revision 2,,,,,,https://www.waterqualitydata.us/data/providers/STORET/organizations/DRBC/activities/DRBC-NC-dup101820231130108427-53-8/results/1066002553/resdetectqntlmts,Lower Reporting Limit,0.393,ng/L,,2025-06-18T09:28:56,STORET
DRBC,Delaware River Basin Commission,DRBC-NC101820231130108427-53-8,Sample-Routine,Water,,2023-10-18,11:30:00,EDT,,,,,,,,,,,,PDE BIL,PDE BIL Trib Toxics,,DRBC-NC,Neshaminy Creek,,,,,40.0758730000,-74.9090430000,PFAS_water_sample,DRBC,PFAS water sample collection,Grab samples of surface water are collected directly into HDPE bottles by submerging,Water Bottle,STORET-1066002473,,,Perfluorohexanesulfonic acid,Unfiltered,6.4,ng/L,,Final,,Actual,,,,,,,,,,108427-53-8,,,,,,,,,,MLA110rev2,DRBC,Analytical Procedure for the Analysis of PFAS  by LC/MS/MS Isotope Dilution revision 2,,,,,,https://www.waterqualitydata.us/data/providers/STORET/organizations/DRBC/activities/DRBC-NC101820231130108427-53-8/results/1066002473/resdetectqntlmts,Lower Reporting Limit,0.39,ng/L,,2025-06-18T09:28:54,STORET
DRBC,Delaware River Basin Commission,DRBC-FM-3090120231250108427-53-8,Quality Control Sample-Field Replicate,Water,,2023-08-23,12:50:00,EDT,,,,,,,,,,,,NFWF Yr3 PFAS,NFWF Yr3 PFAS,,DRBC-FM,Fort Mifflin,,,,,39.8748000000,-75.2103000000,POCIS,DRBC,Polar Organic Chemical Integrative Sampler,Sorption Media between 2 porus membranes in a stainless steel housing,Polar Orga. Chem. Integrative Sampler,STORET-1067017482,,,Perfluorohexanesulfonic acid,Unfiltered,5.94,ng,,Final,,Actual,,,,,,,,,,,,,,,,,,,,MLA110rev2,DRBC,Analytical Procedure for the Analysis of PFAS  by LC/MS/MS Isotope Dilution revision 2,,,,,,https://www.waterqualitydata.us/data/providers/STORET/organizations/DRBC/activities/DRBC-FM-3090120231250108427-53-8/results/1067017482/resdetectqntlmts,Lower Reporting Limit,0.397,ng,,2025-07-07T12:42:40,STORETDRBC,Delaware River Basin Commission,DRBC-P12:101707:1340:375-95-1,Sample-Routine,Water,,2007-10-17,13:40:00,EST,,,,,,,,,,,,PFAS Surface Water,Per- and polyfluoroalkyl substances,,DRBC-P12,105,,,,,39.9947700000,-75.0597800000,PFAS_water_sample,DRBC,PFAS water sample collection,Grab samples of surface water are collected directly into HDPE bottles by submerging,Water Bottle,STORET-872441277,,,Perfluorononanoic acid,,3.32,ng/L,,Final,,Actual,,,,,,,,,,,,,,,,,,,,MLA-060,DRBC,SGS AXYS Method MLA-060,,,,,,https://www.waterqualitydata.us/data/providers/STORET/organizations/DRBC/activities/DRBC-P12%3A101707%3A1340%3A375-95-1/results/872441277/resdetectqntlmts,Estimated Detection Level,1.07,ng/L,,2021-01-20T15:08:31,STORET
DRBC,Delaware River Basin Commission,DRBC-P12:80608:1400:375-95-1,Sample-Routine,Water,,2008-08-06,14:00:00,EST,,,,,,,,,,,,PFAS Surface Water,Per- and polyfluoroalkyl substances,,DRBC-P12,105,,,,,39.9947700000,-75.0597800000,PFAS_water_sample,DRBC,PFAS water sample collection,Grab samples of surface water are collected directly into HDPE bottles by submerging,Water Bottle,STORET-872441380,,,Perfluorononanoic acid,,4.25,ng/L,,Final,,Actual,,,,,,,,,,,,,,,,,,,,MLA-060,DRBC,SGS AXYS Method MLA-060,,,,,,https://www.waterqualitydata.us/data/providers/STORET/organizations/DRBC/activities/DRBC-P12%3A80608%3A1400%3A375-95-1/results/872441380/resdetectqntlmts,Estimated Detection Level,2.47,ng/L,,2021-01-20T15:08:34,STORET
DRBC,Delaware River Basin Commission,DRBC-P12:102209:1020:375-95-1,Sample-Routine,Water,,2009-10-22,10:20:00,EST,,,,,,,,,,,,PFAS Surface Water,Per- and polyfluoroalkyl substances,,DRBC-P12,105,,,,,39.9947700000,-75.0597800000,PFAS_water_sample,DRBC,PFAS water sample collection,Grab samples of surface water are collected directly into HDPE bottles by submerging,Water Bottle,STORET-872441439,,,Perfluorononanoic acid,,3.68,ng/L,,Final,,Actual,,,,,,,,,,,,,,,,,,,,MLA-060,DRBC,SGS AXYS Method MLA-060,,,,,,https://www.waterqualitydata.us/data/providers/STORET/organizations/DRBC/activities/DRBC-P12%3A102209%3A1020%3A375-95-1/results/872441439/resdetectqntlmts,Estimated Detection Level,1.01,ng/L,,2021-01-20T15:08:35,STORET
DRBC,Delaware River Basin Commission,DRBC-P11:80315:1436:375-95-1,Sample-Routine,Water,,2015-08-03,14:36:00,EST,,,,,,,,,,,,PFAS Surface Water,Per- and polyfluoroalkyl substances,,DRBC-P11,105,,,,,39.9947700000,-75.0597800000,PFAS_water_sample,DRBC,PFAS water sample collection,Grab samples of surface water are collected directly into HDPE bottles by submerging,Water Bottle,STORET-872467556,Not Detected,,Perfluorononanoic acid,,,,,Final,,Actual,,,,,,,,,,,,,,,,,,,,MLA-060,DRBC,SGS AXYS Method MLA-060,,,,,,https://www.waterqualitydata.us/data/providers/STORET/organizations/DRBC/activities/DRBC-P11%3A80315%3A1436%3A375-95-1/results/872467556/resdetectqntlmts,Estimated Detection Level,1.02,ng/L,,2021-01-21T10:48:38,STORET
DRBC,Delaware River Basin Commission,DRBC-P6:80315:1130:375-95-1,Sample-Routine,Water,,2015-08-03,11:30:00,EST,,,,,,,,,,,,PFAS Surface Water,Per- and polyfluoroalkyl substances,,DRBC-P6,85,,,,,39.8505500000,-75.3270900000,PFAS_water_sample,DRBC,PFAS water sample collection,Grab samples of surface water are collected directly into HDPE bottles by submerging,Water Bottle,STORET-872467629,Not Detected,,Perfluorononanoic acid,,,,,Final,,Actual,,,,,,,,,,,,,,,,,,,,MLA-060,DRBC,SGS AXYS Method MLA-060,,,,,,https://www.waterqualitydata.us/data/providers/STORET/organizations/DRBC/activities/DRBC-P6%3A80315%3A1130%3A375-95-1/results/872467629/resdetectqntlmts,Estimated Detection Level,3.88,ng/L,,2021-01-21T10:48:39,STORET
DRBC,Delaware River Basin Commission,DRBC-PPJM254:92016:1241:375-95-1,Sample-Routine,Water,,2016-09-20,12:41:00,EST,,,,,,,,,,,,PFAS Surface Water,Per- and polyfluoroalkyl substances,,DRBC-PPJM254,253.65,,,,,41.3715750000,-74.6973220000,PFAS_water_sample,DRBC,PFAS water sample collection,Grab samples of surface water are collected directly into HDPE bottles by submerging,Water Bottle,STORET-872467507,Not Detected,,Perfluorononanoic acid,,,,,Final,,Actual,,,,,,,,,,,,,,,,,,,,MLA-060,DRBC,SGS AXYS Method MLA-060,,,,,,https://www.waterqualitydata.us/data/providers/STORET/organizations/DRBC/activities/DRBC-PPJM254%3A92016%3A1241%3A375-95-1/results/872467507/resdetectqntlmts,Estimated Detection Level,0.973,ng/L,,2021-01-21T10:48:37,STORET
DRBC,Delaware River Basin Commission,DRBC-PPJM254:92016:1415:375-95-1,Quality Control Sample-Field Blank,Water,,2016-09-20,14:15:00,EST,,,,,,,,,,,,PFAS Surface Water,Per- and polyfluoroalkyl substances,,DRBC-PPJM254,253.65,,,,,41.3715750000,-74.6973220000,PFAS_water_sample,DRBC,PFAS water sample collection,Grab samples of surface water are collected directly into HDPE bottles by submerging,Water Bottle,STORET-872467535,Not Detected,,Perfluorononanoic acid,,,,,Final,,Actual,,,,,,,,,,,,,,,,,,,,MLA-060,DRBC,SGS AXYS Method MLA-060,,,,,,https://www.waterqualitydata.us/data/providers/STORET/organizations/DRBC/activities/DRBC-PPJM254%3A92016%3A1415%3A375-95-1/results/872467535/resdetectqntlmts,Estimated Detection Level,1.11,ng/L,,2021-01-21T10:48:37,STORET
DRBC,Delaware River Basin Commission,DRBC-PLAM149:92016:836:375-95-1,Sample-Routine,Water,,2016-09-20,08:36:00,EST,,,,,,,,,,,,PFAS Surface Water,Per- and polyfluoroalkyl substances,,DRBC-PLAM149,148.7,,,,,40.3649310000,-74.9489920000,PFAS_water_sample,DRBC,PFAS water sample collection,Grab samples of surface water are collected directly into HDPE bottles by submerging,Water Bottle,STORET-872467526,Not Detected,,Perfluorononanoic acid,,,,,Final,,Actual,,,,,,,,,,,,,,,,,,,,MLA-060,DRBC,SGS AXYS Method MLA-060,,,,,,https://www.waterqualitydata.us/data/providers/STORET/organizations/DRBC/activities/DRBC-PLAM149%3A92016%3A836%3A375-95-1/results/872467526/resdetectqntlmts,Estimated Detection Level,1.05,ng/L,,2021-01-21T10:48:37,STORET
DRBC,Delaware River Basin Commission,DRBC-PEAST183:92016:1023:375-95-1,Sample-Routine,Water,,2016-09-20,10:23:00,EST,,,,,,,,,,,,PFAS Surface Water,Per- and polyfluoroalkyl substances,,DRBC-PEAST183,183.82,,,,,40.6945000000,-75.2037970000,PFAS_water_sample,DRBC,PFAS water sample collection,Grab samples of surface water are collected directly into HDPE bottles by submerging,Water Bottle,STORET-872467517,Not Detected,,Perfluorononanoic acid,,,,,Final,,Actual,,,,,,,,,,,,,,,,,,,,MLA-060,DRBC,SGS AXYS Method MLA-060,,,,,,https://www.waterqualitydata.us/data/providers/STORET/organizations/DRBC/activities/DRBC-PEAST183%3A92016%3A1023%3A375-95-1/results/872467517/resdetectqntlmts,Estimated Detection Level,1.01,ng/L,,2021-01-21T10:48:37,STORET
DRBC,Delaware River Basin Commission,DRBC-PLAM149:92016:857:375-95-1,Quality Control Sample-Blind Duplicate,Water,,2016-09-20,08:57:00,EST,,,,,,,,,,,,PFAS Surface Water,Per- and polyfluoroalkyl substances,,DRBC-PLAM149,148.7,,,,,40.3649310000,-74.9489920000,PFAS_water_sample,DRBC,PFAS water sample collection,Grab samples of surface water are collected directly into HDPE bottles by submerging,Water Bottle,STORET-872467543,Not Detected,,Perfluorononanoic acid,,,,,Final,,Actual,,,,,,,,,,,,,,,,,,,,MLA-060,DRBC,SGS AXYS Method MLA-060,,,,,,https://www.waterqualitydata.us/data/providers/STORET/organizations/DRBC/activities/DRBC-PLAM149%3A92016%3A857%3A375-95-1/results/872467543/resdetectqntlmts,Estimated Detection Level,1.13,ng/L,,2021-01-21T10:48:38,STORET
DRBC,Delaware River Basin Commission,DRBC-PNRB289:92016:1402:375-95-1,Sample-Routine,Water,,2016-09-20,14:02:00,EST,,,,,,,,,,,,PFAS Surface Water,Per- and polyfluoroalkyl substances,,DRBC-PNRB289,289.9,,,,,41.6113890000,-75.0616890000,PFAS_water_sample,DRBC,PFAS water sample collection,Grab samples of surface water are collected directly into HDPE bottles by submerging,Water Bottle,STORET-872467497,Not Detected,,Perfluorononanoic acid,,,,,Final,,Actual,,,,,,,,,,,,,,,,,,,,MLA-060,DRBC,SGS AXYS Method MLA-060,,,,,,https://www.waterqualitydata.us/data/providers/STORET/organizations/DRBC/activities/DRBC-PNRB289%3A92016%3A1402%3A375-95-1/results/872467497/resdetectqntlmts,Estimated Detection Level,1.68,ng/L,,2021-01-21T10:48:37,STORET